timestamp,latitude,longitude,irradiance_wm2,module_temp_c,power_w,power_source,ambient_temp_c,ghi_wm2,dni_wm2,dhi_wm2,power_proxy_w
2025-04-01T07:00,37.87,138.94,87.6,7.1375,18.771804,proxy,4.4,90.0,203.7,51.0,18.771804
2025-04-01T08:00,37.87,138.94,171.4,10.35625,36.287951,proxy,5.0,171.0,129.3,121.0,36.287951
2025-04-01T09:00,37.87,138.94,307.3,15.703125,63.74554375,proxy,6.1,298.0,195.0,189.0,63.74554375
2025-04-01T10:00,37.87,138.94,372.9,18.653125,76.47339974999998,proxy,7.0,366.0,152.2,260.0,76.47339974999998
2025-04-01T11:00,37.87,138.94,291.7,16.815625,60.24990575000001,proxy,7.7,297.0,51.9,256.0,60.24990575000001
2025-04-01T12:00,37.87,138.94,374.5,19.203125,76.63674375,proxy,7.5,361.0,150.2,236.0,76.63674375
2025-04-01T13:00,37.87,138.94,383.2,20.075,78.14980800000001,proxy,8.1,377.0,122.9,276.0,78.14980800000001
2025-04-01T14:00,37.87,138.94,238.4,15.55,49.482304000000006,proxy,8.1,239.0,63.3,191.0,49.482304000000006
2025-04-01T15:00,37.87,138.94,201.3,14.590625000000001,41.93632575,proxy,8.3,203.0,58.8,165.0,41.93632575
2025-04-01T16:00,37.87,138.94,154.0,12.6125,32.32614,proxy,7.8,159.0,32.4,143.0,32.32614
2025-04-01T17:00,37.87,138.94,128.0,11.6,26.972160000000002,proxy,7.6,130.0,102.7,98.0,26.972160000000002
2025-04-01T18:00,37.87,138.94,21.8,7.78125,4.6602950000000005,proxy,7.1,23.0,0.0,23.0,4.6602950000000005
2025-04-02T07:00,37.87,138.94,62.6,9.356250000000001,13.303439000000003,proxy,7.4,66.0,15.3,63.0,13.303439000000003
2025-04-02T08:00,37.87,138.94,100.1,10.528125,21.17890775,proxy,7.4,105.0,10.2,101.0,21.17890775
2025-04-02T09:00,37.87,138.94,146.6,12.58125,30.776470999999997,proxy,8.0,153.0,14.2,145.0,30.776470999999997
2025-04-02T10:00,37.87,138.94,100.1,11.428125000000001,21.106835750000002,proxy,8.3,104.0,10.0,97.0,21.106835750000002
2025-04-02T11:00,37.87,138.94,145.0,12.83125,30.411575,proxy,8.3,150.0,15.1,138.0,30.411575
2025-04-02T12:00,37.87,138.94,134.1,13.390625,28.065453749999996,proxy,9.2,139.0,12.0,129.0,28.065453749999996
2025-04-02T13:00,37.87,138.94,166.3,14.796875,34.61742375,proxy,9.6,170.0,25.4,149.0,34.61742375
2025-04-02T14:00,37.87,138.94,295.4,20.13125,60.230582999999996,proxy,10.9,291.0,105.0,211.0,60.230582999999996
2025-04-02T15:00,37.87,138.94,436.0,25.525,87.01688,proxy,11.9,414.0,287.7,227.0,87.01688
2025-04-02T16:00,37.87,138.94,247.2,19.924999999999997,50.443631999999994,proxy,12.2,245.0,146.8,172.0,50.443631999999994
2025-04-02T17:00,37.87,138.94,124.9,16.103125,25.868975750000008,proxy,12.2,127.0,104.9,94.0,25.868975750000008
2025-04-02T18:00,37.87,138.94,34.2,11.86875,7.199271,proxy,10.8,37.0,54.2,30.0,7.199271
2025-04-03T07:00,37.87,138.94,67.9,10.521875000000001,14.366451750000003,proxy,8.4,71.0,114.2,48.0,14.366451750000003
2025-04-03T08:00,37.87,138.94,151.2,13.825,31.591727999999996,proxy,9.1,150.0,133.7,97.0,31.591727999999996
2025-04-03T09:00,37.87,138.94,265.9,18.309375,54.603229750000004,proxy,10.0,253.0,213.0,132.0,54.603229750000004
2025-04-03T10:00,37.87,138.94,397.4,23.018749999999997,80.109879,proxy,10.6,367.0,297.8,157.0,80.109879
2025-04-03T11:00,37.87,138.94,518.4,27.2,102.767616,proxy,11.0,472.0,361.0,184.0,102.767616
2025-04-03T12:00,37.87,138.94,642.2,30.96875,125.37349500000003,proxy,10.9,581.0,434.6,216.0,125.37349500000003
2025-04-03T13:00,37.87,138.94,656.0,31.6,127.73632000000002,proxy,11.1,590.0,468.2,202.0,127.73632000000002
2025-04-03T14:00,37.87,138.94,622.2,30.84375,121.531215,proxy,11.4,569.0,447.1,227.0,121.531215
2025-04-03T15:00,37.87,138.94,451.0,25.29375,90.094015,proxy,11.2,422.0,343.1,198.0,90.094015
2025-04-03T16:00,37.87,138.94,335.2,20.975,68.11934400000001,proxy,10.5,312.0,395.7,114.0,68.11934400000001
2025-04-03T17:00,37.87,138.94,201.3,16.790625,41.582037750000005,proxy,10.5,198.0,330.6,93.0,41.582037750000005
2025-04-03T18:00,37.87,138.94,49.5,10.746875,10.46442375,proxy,9.2,56.0,191.5,31.0,10.46442375
2025-04-04T07:00,37.87,138.94,63.9,9.496875,13.572519750000001,proxy,7.5,67.0,140.5,38.0,13.572519750000001
2025-04-04T08:00,37.87,138.94,163.1,12.996875,34.186167749999996,proxy,7.9,160.0,177.0,89.0,34.186167749999996
2025-04-04T09:00,37.87,138.94,383.3,20.378125,78.07725175000002,proxy,8.4,358.0,366.7,148.0,78.07725175000002
2025-04-04T10:00,37.87,138.94,532.9,25.253124999999997,106.47208775,proxy,8.6,483.0,458.2,158.0,106.47208775
2025-04-04T11:00,37.87,138.94,499.1,24.096875,100.18059975000001,proxy,8.5,472.0,268.2,257.0,100.18059975000001
2025-04-04T12:00,37.87,138.94,481.3,23.540625,96.82191775,proxy,8.5,455.0,241.8,251.0,96.82191775
2025-04-04T13:00,37.87,138.94,644.7,29.346875,126.69805575000002,proxy,9.2,579.0,471.1,187.0,126.69805575000002
2025-04-04T14:00,37.87,138.94,531.8,26.11875,105.884039,proxy,9.5,489.0,374.9,201.0,105.884039
2025-04-04T15:00,37.87,138.94,361.4,20.69375,73.525023,proxy,9.4,339.0,275.9,158.0,73.525023
2025-04-04T16:00,37.87,138.94,360.9,20.678125,73.42781174999999,proxy,9.4,342.0,381.5,150.0,73.42781174999999
2025-04-04T17:00,37.87,138.94,165.6,14.175,34.554095999999994,proxy,9.0,165.0,243.3,87.0,34.554095999999994
2025-04-04T18:00,37.87,138.94,43.0,9.74375,9.124815,proxy,8.4,49.0,151.5,29.0,9.124815
2025-04-05T07:00,37.87,138.94,119.6,9.6375,25.389884000000002,proxy,5.9,126.0,288.5,65.0,25.389884000000002
2025-04-05T08:00,37.87,138.94,309.4,17.16875,63.818391,proxy,7.5,298.0,431.1,123.0,63.818391
2025-04-05T09:00,37.87,138.94,449.6,22.65,90.76524800000003,proxy,8.6,413.0,495.5,127.0,90.76524800000003
2025-04-05T10:00,37.87,138.94,660.1,30.628125,129.04789975,proxy,10.0,595.0,597.1,169.0,129.04789975
2025-04-05T11:00,37.87,138.94,903.4,39.33125,170.322519,proxy,11.1,800.0,759.7,188.0,170.322519
2025-04-05T12:00,37.87,138.94,1010.2,43.26875,187.27592700000002,proxy,11.7,880.0,859.3,152.0,187.27592700000002
2025-04-05T13:00,37.87,138.94,1018.4,44.125,188.09848,proxy,12.3,884.0,898.9,133.0,188.09848
2025-04-05T14:00,37.87,138.94,903.5,40.734375,169.32719375000002,proxy,12.5,790.0,862.2,125.0,169.32719375000002
2025-04-05T15:00,37.87,138.94,762.0,36.6125,145.32102,proxy,12.8,675.0,855.9,111.0,145.32102
2025-04-05T16:00,37.87,138.94,515.2,28.6,101.55622400000003,proxy,12.5,474.0,705.2,117.0,101.55622400000003
2025-04-05T17:00,37.87,138.94,249.7,19.003124999999997,51.13793575,proxy,11.2,248.0,423.5,111.0,51.13793575
2025-04-05T18:00,37.87,138.94,62.4,11.35,13.161408,proxy,9.4,71.0,187.3,46.0,13.161408
2025-04-06T07:00,37.87,138.94,141.4,12.818750000000001,29.657943,proxy,8.4,150.0,383.6,67.0,29.657943
2025-04-06T08:00,37.87,138.94,351.0,22.26875,70.966935,proxy,11.3,334.0,574.7,98.0,70.966935
2025-04-06T09:00,37.87,138.94,473.4,27.893749999999997,93.584079,proxy,13.1,451.0,402.3,217.0,93.584079
2025-04-06T10:00,37.87,138.94,494.0,29.5375,97.00678,proxy,14.1,478.0,260.6,291.0,97.00678
2025-04-06T11:00,37.87,138.94,581.6,33.275,112.469808,proxy,15.1,568.0,232.3,380.0,112.469808
2025-04-06T12:00,37.87,138.94,521.1,31.184375000000003,101.64185775000001,proxy,14.9,512.0,179.8,359.0,101.64185775000001
2025-04-06T13:00,37.87,138.94,361.4,25.79375,72.050511,proxy,14.5,347.0,165.7,208.0,72.050511
2025-04-06T14:00,37.87,138.94,230.1,21.490625,46.66600575,proxy,14.3,231.0,64.6,181.0,46.66600575
2025-04-06T15:00,37.87,138.94,239.4,21.28125,48.592215,proxy,13.8,237.0,107.3,166.0,48.592215
2025-04-06T16:00,37.87,138.94,365.5,25.721875,72.88892375,proxy,14.3,352.0,355.5,171.0,72.88892375
2025-04-06T17:00,37.87,138.94,180.5,18.940625,36.97497375,proxy,13.3,181.0,284.9,88.0,36.97497375
2025-04-06T18:00,37.87,138.94,45.3,12.715625000000001,9.50518575,proxy,11.3,53.0,163.0,31.0,9.50518575
2025-04-07T07:00,37.87,138.94,109.6,11.925,23.066416000000004,proxy,8.5,117.0,284.7,54.0,23.066416000000004
2025-04-07T08:00,37.87,138.94,281.1,18.784375,57.61776975000001,proxy,10.0,271.0,423.8,95.0,57.61776975000001
2025-04-07T09:00,37.87,138.94,418.2,23.96875,83.98501499999999,proxy,10.9,394.0,401.0,159.0,83.98501499999999
2025-04-07T10:00,37.87,138.94,539.1,27.646875,106.67845575000001,proxy,10.8,506.0,383.8,229.0,106.67845575000001
2025-04-07T11:00,37.87,138.94,623.8,30.393749999999997,122.06830299999999,proxy,10.9,581.0,396.0,259.0,122.06830299999999
2025-04-07T12:00,37.87,138.94,614.6,29.80625,120.556863,proxy,10.6,582.0,318.4,310.0,120.556863
2025-04-07T13:00,37.87,138.94,753.5,34.446875,145.00542375000003,proxy,10.9,685.0,536.8,233.0,145.00542375000003
2025-04-07T14:00,37.87,138.94,728.8,34.375,140.29399999999998,proxy,11.6,658.0,608.4,185.0,140.29399999999998
2025-04-07T15:00,37.87,138.94,577.7,29.853125000000002,113.29707975000001,proxy,11.8,537.0,505.4,201.0,113.29707975000001
2025-04-07T16:00,37.87,138.94,435.0,25.29375,86.897775,proxy,11.7,405.0,587.9,104.0,86.897775
2025-04-07T17:00,37.87,138.94,228.9,18.553125,46.96055175000001,proxy,11.4,228.0,455.5,78.0,46.96055175000001
2025-04-07T18:00,37.87,138.94,48.7,12.321875,10.233939750000001,proxy,10.8,60.0,242.0,27.0,10.233939750000001
2025-04-08T07:00,37.87,138.94,147.6,11.9125,31.065371999999996,proxy,7.3,159.0,433.4,61.0,31.065371999999996
2025-04-08T08:00,37.87,138.94,382.3,21.546875,77.51610375000001,proxy,9.6,366.0,647.7,94.0,77.51610375000001
2025-04-08T09:00,37.87,138.94,625.1,31.534375,121.75228975,proxy,12.0,570.0,777.5,111.0,121.75228975
2025-04-08T10:00,37.87,138.94,819.3,39.303124999999994,154.48515975,proxy,13.7,731.0,828.1,130.0,154.48515975
2025-04-08T11:00,37.87,138.94,949.4,44.56875,175.017143,proxy,14.9,838.0,850.8,143.0,175.017143
2025-04-08T12:00,37.87,138.94,978.7,45.984375,179.31007375000002,proxy,15.4,869.0,791.7,190.0,179.31007375000002
2025-04-08T13:00,37.87,138.94,723.8,38.51875,136.93210299999998,proxy,15.9,684.0,396.4,349.0,136.93210299999998
2025-04-08T14:00,37.87,138.94,392.8,27.375,77.81368,proxy,15.1,397.0,99.9,319.0,77.81368
2025-04-08T15:00,37.87,138.94,420.8,27.55,83.30156800000002,proxy,14.4,414.0,215.7,270.0,83.30156800000002
2025-04-08T16:00,37.87,138.94,207.7,20.390625,42.30589375,proxy,13.9,208.0,128.2,142.0,42.30589375
2025-04-08T17:00,37.87,138.94,144.9,16.828125,29.927283750000004,proxy,12.3,148.0,186.6,86.0,29.927283750000004
2025-04-08T18:00,37.87,138.94,42.2,13.41875,8.830983000000002,proxy,12.1,52.0,188.7,26.0,8.830983000000002
2025-04-09T07:00,37.87,138.94,51.6,11.412500000000001,10.880892,proxy,9.8,55.0,52.0,43.0,10.880892
2025-04-09T08:00,37.87,138.94,148.9,14.653125,31.01251975,proxy,10.0,147.0,186.1,68.0,31.01251975
2025-04-09T09:00,37.87,138.94,293.7,19.278125,60.08441175,proxy,10.1,283.0,240.5,140.0,60.08441175
2025-04-09T10:00,37.87,138.94,477.5,25.921875,95.14784375,proxy,11.0,456.0,304.2,234.0,95.14784375
2025-04-09T11:00,37.87,138.94,802.2,36.868750000000006,152.823111,proxy,11.8,730.0,615.4,225.0,152.823111
2025-04-09T12:00,37.87,138.94,860.6,38.99375,162.485583,proxy,12.1,767.0,693.4,170.0,162.485583
2025-04-09T13:00,37.87,138.94,868.2,39.63125,163.477719,proxy,12.5,776.0,704.9,178.0,163.477719
2025-04-09T14:00,37.87,138.94,737.5,35.846875,141.10034375,proxy,12.8,671.0,610.2,193.0,141.10034375
2025-04-09T15:00,37.87,138.94,533.4,29.36875,104.81576700000001,proxy,12.7,500.0,459.3,192.0,104.81576700000001
2025-04-09T16:00,37.87,138.94,363.8,24.26875,72.972823,proxy,12.9,345.0,457.9,108.0,72.972823
2025-04-09T17:00,37.87,138.94,235.1,19.546875,48.045623750000004,proxy,12.2,238.0,438.8,91.0,48.045623750000004
2025-04-09T18:00,37.87,138.94,65.6,11.850000000000001,13.810111999999998,proxy,9.8,82.0,294.5,41.0,13.810111999999998
2025-04-10T07:00,37.87,138.94,96.9,8.528125,20.656899750000004,proxy,5.5,103.0,46.7,92.0,20.656899750000004
2025-04-10T08:00,37.87,138.94,275.8,16.21875,57.09749500000001,proxy,7.6,278.0,254.1,169.0,57.09749500000001
2025-04-10T09:00,37.87,138.94,393.9,23.609375,79.21821374999999,proxy,11.3,392.0,218.8,261.0,79.21821374999999
2025-04-10T10:00,37.87,138.94,505.7,30.003124999999997,99.11593575,proxy,14.2,501.0,212.6,345.0,99.11593575
2025-04-10T11:00,37.87,138.94,675.4,37.506249999999994,128.32262300000002,proxy,16.4,648.0,349.4,360.0,128.32262300000002
2025-04-10T12:00,37.87,138.94,799.9,42.396874999999994,148.84739175,proxy,17.4,746.0,490.5,322.0,148.84739175
2025-04-10T13:00,37.87,138.94,718.3,39.846875,135.12839175,proxy,17.4,676.0,420.5,318.0,135.12839175
2025-04-10T14:00,37.87,138.94,606.1,34.940625,116.39998975,proxy,16.0,572.0,393.0,263.0,116.39998975
2025-04-10T15:00,37.87,138.94,390.9,27.215625,77.48712975000001,proxy,15.0,392.0,155.9,287.0,77.48712975000001
2025-04-10T16:00,37.87,138.94,364.3,25.484375,72.71883375,proxy,14.1,356.0,349.7,174.0,72.71883375
2025-04-10T17:00,37.87,138.94,192.4,19.4125,39.34002800000001,proxy,13.4,198.0,260.5,110.0,39.34002800000001
2025-04-10T18:00,37.87,138.94,52.4,12.837499999999999,10.989852,proxy,11.2,63.0,163.6,40.0,10.989852
2025-04-11T07:00,37.87,138.94,83.9,11.621875,17.677939750000004,proxy,9.0,90.0,91.5,68.0,17.677939750000004
2025-04-11T08:00,37.87,138.94,173.0,15.10625,35.969294999999995,proxy,9.7,177.0,115.4,127.0,35.969294999999995
2025-04-11T09:00,37.87,138.94,206.1,16.840625,42.565317750000006,proxy,10.4,212.0,53.1,180.0,42.565317750000006
2025-04-11T10:00,37.87,138.94,271.9,20.096874999999997,55.446527749999994,proxy,11.6,271.0,105.8,193.0,55.446527749999994
2025-04-11T11:00,37.87,138.94,450.5,26.978125,89.38708375000002,proxy,12.9,432.0,238.0,235.0,89.38708375000002
2025-04-11T12:00,37.87,138.94,573.6,31.825000000000003,111.58814400000001,proxy,13.9,543.0,317.0,268.0,111.58814400000001
2025-04-11T13:00,37.87,138.94,585.1,32.584375,113.46990575000001,proxy,14.3,548.0,361.6,239.0,113.46990575000001
2025-04-11T14:00,37.87,138.94,691.7,36.415625000000006,132.02304974999998,proxy,14.8,643.0,514.5,237.0,132.02304974999998
2025-04-11T15:00,37.87,138.94,659.0,34.99375,126.53129500000001,proxy,14.4,610.0,655.2,167.0,126.53129500000001
2025-04-11T16:00,37.87,138.94,399.1,26.171875,79.44584375000001,proxy,13.7,382.0,500.8,120.0,79.44584375000001
2025-04-11T17:00,37.87,138.94,239.6,19.7875,48.919132000000005,proxy,12.3,245.0,481.4,81.0,48.919132000000005
2025-04-11T18:00,37.87,138.94,61.7,12.928125,12.935867750000002,proxy,11.0,78.0,253.5,42.0,12.935867750000002
2025-04-12T07:00,37.87,138.94,56.1,11.453125,11.827983750000001,proxy,9.7,60.0,40.8,50.0,11.827983750000001
2025-04-12T08:00,37.87,138.94,182.2,15.893749999999999,37.767326999999995,proxy,10.2,186.0,137.0,126.0,37.767326999999995
2025-04-12T09:00,37.87,138.94,262.4,19.0,53.73952,proxy,10.8,266.0,107.1,201.0,53.73952
2025-04-12T10:00,37.87,138.94,400.7,24.221874999999997,80.38943575,proxy,11.7,397.0,175.4,267.0,80.38943575
2025-04-12T11:00,37.87,138.94,479.5,27.884375,94.79355375,proxy,12.9,471.0,196.1,308.0,94.79355375
2025-04-12T12:00,37.87,138.94,608.9,32.728125,118.01547575,proxy,13.7,573.0,359.4,260.0,118.01547575
2025-04-12T13:00,37.87,138.94,748.6,38.39375,141.698751,proxy,15.0,697.0,492.2,275.0,141.698751
2025-04-12T14:00,37.87,138.94,738.9,38.790625,139.62808575,proxy,15.7,684.0,577.1,227.0,139.62808575
2025-04-12T15:00,37.87,138.94,704.7,37.321875000000006,133.99341975000002,proxy,15.3,648.0,752.8,137.0,133.99341975000002
2025-04-12T16:00,37.87,138.94,526.3,31.046875,102.71402374999998,proxy,14.6,498.0,764.5,96.0,102.71402374999998
2025-04-12T17:00,37.87,138.94,277.5,21.971875,56.17224375,proxy,13.3,285.0,596.9,80.0,56.17224375
2025-04-12T18:00,37.87,138.94,68.9,13.953125,14.388903750000003,proxy,11.8,92.0,354.1,41.0,14.388903750000003
2025-04-13T07:00,37.87,138.94,82.1,13.065625,17.203849749999996,proxy,10.5,87.0,12.0,84.0,17.203849749999996
2025-04-13T08:00,37.87,138.94,156.1,17.278125,32.184307749999995,proxy,12.4,164.0,20.4,155.0,32.184307749999995
2025-04-13T09:00,37.87,138.94,192.6,19.61875,39.349143000000005,proxy,13.6,203.0,4.9,200.0,39.349143000000005
2025-04-13T10:00,37.87,138.94,189.3,20.415625,38.554257750000005,proxy,14.5,200.0,0.0,200.0,38.554257750000005
2025-04-13T11:00,37.87,138.94,267.8,24.168750000000003,53.738087,proxy,15.8,278.0,27.6,255.0,53.738087
2025-04-13T12:00,37.87,138.94,272.6,23.918750000000003,54.755799,proxy,15.4,281.0,36.6,249.0,54.755799
2025-04-13T13:00,37.87,138.94,225.3,22.440625,45.52130175,proxy,15.4,235.0,16.3,221.0,45.52130175
2025-04-13T14:00,37.87,138.94,245.6,23.075,49.49822400000001,proxy,15.4,255.0,27.7,233.0,49.49822400000001
2025-04-13T15:00,37.87,138.94,348.0,26.375,69.2172,proxy,15.5,345.0,182.0,221.0,69.2172
2025-04-13T16:00,37.87,138.94,90.7,18.234375,18.63091375,proxy,15.4,95.0,11.4,89.0,18.63091375
2025-04-13T17:00,37.87,138.94,74.0,17.5125,15.24326,proxy,15.2,78.0,14.4,73.0,15.24326
2025-04-13T18:00,37.87,138.94,24.6,15.668750000000001,5.103639000000001,proxy,14.9,26.0,0.0,26.0,5.103639000000001
2025-04-14T08:00,37.87,138.94,51.5,9.609375,10.93409375,proxy,8.0,54.0,9.0,50.0,10.93409375
2025-04-14T09:00,37.87,138.94,83.9,11.121875,17.71149975,proxy,8.5,87.0,16.3,77.0,17.71149975
2025-04-14T10:00,37.87,138.94,110.9,12.965625,23.247689750000003,proxy,9.5,116.0,8.0,110.0,23.247689750000003
2025-04-14T11:00,37.87,138.94,196.8,16.75,40.65888,proxy,10.6,197.0,62.1,145.0,40.65888
2025-04-14T12:00,37.87,138.94,355.2,22.5,71.75040000000001,proxy,11.4,350.0,133.4,233.0,71.75040000000001
2025-04-14T13:00,37.87,138.94,525.2,29.012500000000003,103.35410800000002,proxy,12.6,500.0,297.8,243.0,103.35410800000002
2025-04-14T14:00,37.87,138.94,547.4,30.60625,107.024911,proxy,13.5,516.0,387.5,207.0,107.024911
2025-04-14T15:00,37.87,138.94,613.1,32.959375,118.71608575,proxy,13.8,575.0,597.8,166.0,118.71608575
2025-04-14T16:00,37.87,138.94,443.8,27.26875,87.954503,proxy,13.4,431.0,546.0,141.0,87.954503
2025-04-14T17:00,37.87,138.94,223.2,19.674999999999997,45.590832000000006,proxy,12.7,233.0,395.5,95.0,45.590832000000006
2025-04-14T18:00,37.87,138.94,68.9,12.653125,14.46055975,proxy,10.5,93.0,333.7,43.0,14.46055975
2025-04-15T07:00,37.87,138.94,129.3,11.540625,27.252237750000003,proxy,7.5,143.0,247.6,79.0,27.252237750000003
2025-04-15T08:00,37.87,138.94,239.4,15.98125,49.607271000000004,proxy,8.5,244.0,228.7,141.0,49.607271000000004
2025-04-15T09:00,37.87,138.94,367.5,20.784375,74.73939375,proxy,9.3,359.0,303.8,171.0,74.73939375
2025-04-15T10:00,37.87,138.94,127.9,12.196874999999999,26.890015750000003,proxy,8.2,135.0,1.3,134.0,26.890015750000003
2025-04-15T11:00,37.87,138.94,392.3,21.059375000000003,79.69672575,proxy,8.8,380.0,199.7,212.0,79.69672575
2025-04-15T12:00,37.87,138.94,485.6,24.675,97.24625600000002,proxy,9.5,470.0,230.7,267.0,97.24625600000002
2025-04-15T13:00,37.87,138.94,541.1,26.809375000000003,107.43675775000001,proxy,9.9,511.0,334.9,221.0,107.43675775000001
2025-04-15T14:00,37.87,138.94,613.5,28.671875,120.89784375,proxy,9.5,574.0,470.0,198.0,120.89784375
2025-04-15T15:00,37.87,138.94,268.9,18.603125,55.156095750000006,proxy,10.2,265.0,161.6,154.0,55.156095750000006
2025-04-15T16:00,37.87,138.94,405.8,23.28125,81.71797500000001,proxy,10.6,395.0,509.6,123.0,81.71797500000001
2025-04-15T17:00,37.87,138.94,181.7,15.878124999999999,37.665955749999995,proxy,10.2,191.0,230.3,110.0,37.665955749999995
2025-04-15T18:00,37.87,138.94,43.8,10.86875,9.255158999999999,proxy,9.5,50.0,58.9,41.0,9.255158999999999
2025-04-16T07:00,37.87,138.94,78.2,11.24375,16.500591000000004,proxy,8.8,87.0,152.2,47.0,16.500591000000004
2025-04-16T08:00,37.87,138.94,127.6,12.587499999999999,26.787067999999998,proxy,8.6,130.0,132.0,70.0,26.787067999999998
2025-04-16T09:00,37.87,138.94,287.3,17.878125,59.096891750000005,proxy,8.9,286.0,187.9,169.0,59.096891750000005
2025-04-16T10:00,37.87,138.94,494.6,24.65625,99.056015,proxy,9.2,475.0,342.8,216.0,99.056015
2025-04-16T11:00,37.87,138.94,403.9,22.721874999999997,81.51610775,proxy,10.1,397.0,175.3,249.0,81.51610775
2025-04-16T12:00,37.87,138.94,728.3,34.259375,140.26511775,proxy,11.5,688.0,444.0,296.0,140.26511775
2025-04-16T13:00,37.87,138.94,404.6,23.34375,81.45609500000002,proxy,10.7,390.0,210.7,207.0,81.45609500000002
2025-04-16T14:00,37.87,138.94,460.7,25.196875,92.06743975,proxy,10.8,440.0,302.8,197.0,92.06743975
2025-04-16T15:00,37.87,138.94,460.6,26.89375,91.422191,proxy,12.5,444.0,370.0,189.0,91.422191
2025-04-16T16:00,37.87,138.94,330.1,23.615625,66.38558575,proxy,13.3,327.0,344.9,142.0,66.38558575
2025-04-16T17:00,37.87,138.94,242.7,20.984375,49.31967375000001,proxy,13.4,256.0,474.1,88.0,49.31967375000001
2025-04-16T18:00,37.87,138.94,65.6,14.850000000000001,13.652671999999999,proxy,12.8,89.0,295.6,43.0,13.652671999999999
2025-04-17T07:00,37.87,138.94,145.0,13.53125,30.330375000000004,proxy,9.0,164.0,348.3,71.0,30.330375000000004
2025-04-17T08:00,37.87,138.94,347.1,23.046875,69.96234375,proxy,12.2,349.0,523.5,109.0,69.96234375
2025-04-17T09:00,37.87,138.94,515.0,31.39375,100.365775,proxy,15.3,495.0,541.4,156.0,100.365775
2025-04-17T10:00,37.87,138.94,771.6,42.0125,143.81852400000002,proxy,17.9,715.0,736.7,156.0,143.81852400000002
2025-04-17T11:00,37.87,138.94,864.8,46.625,157.99896,proxy,19.6,796.0,705.7,198.0,157.99896
2025-04-17T12:00,37.87,138.94,946.8,50.1875,170.28198,proxy,20.6,864.0,755.3,195.0,170.28198
2025-04-17T13:00,37.87,138.94,981.4,51.66875,175.34183099999998,proxy,21.0,889.0,844.7,153.0,175.34183099999998
2025-04-17T14:00,37.87,138.94,812.7,46.496875,148.56359175000003,proxy,21.1,752.0,704.2,185.0,148.56359175000003
2025-04-17T15:00,37.87,138.94,631.3,40.828125,118.26616374999999,proxy,21.1,602.0,579.7,201.0,118.26616374999999
2025-04-17T16:00,37.87,138.94,425.0,33.68125,82.048375,proxy,20.4,419.0,501.0,149.0,82.048375
2025-04-17T17:00,37.87,138.94,225.4,25.943749999999998,44.90982300000001,proxy,18.9,239.0,406.1,94.0,44.90982300000001
2025-04-17T18:00,37.87,138.94,69.7,19.878125,14.225595750000002,proxy,17.7,93.0,277.7,49.0,14.225595750000002
2025-04-18T06:00,37.87,138.94,24.9,11.678125,5.24537175,proxy,10.9,28.0,18.9,26.0,5.24537175
2025-04-18T07:00,37.87,138.94,119.2,15.525,24.743536000000006,proxy,11.8,129.0,92.2,104.0,24.743536000000006
2025-04-18T08:00,37.87,138.94,233.1,20.484375,47.46207375000001,proxy,13.2,242.0,138.4,178.0,47.46207375000001
2025-04-18T09:00,37.87,138.94,361.5,26.996875,71.72250375,proxy,15.7,366.0,181.0,252.0,71.72250375
2025-04-18T10:00,37.87,138.94,485.8,32.78125,94.13589500000002,proxy,17.6,481.0,242.8,296.0,94.13589500000002
2025-04-18T11:00,37.87,138.94,650.2,39.21875,122.64397500000001,proxy,18.9,622.0,396.3,285.0,122.64397500000001
2025-04-18T12:00,37.87,138.94,728.7,43.371875,135.02993175,proxy,20.6,687.0,467.1,272.0,135.02993175
2025-04-18T13:00,37.87,138.94,813.2,47.6125,147.929212,proxy,22.2,761.0,571.0,262.0,147.929212
2025-04-18T14:00,37.87,138.94,777.6,47.7,141.398784,proxy,23.4,724.0,657.4,193.0,141.398784
2025-04-18T15:00,37.87,138.94,667.3,44.253125,123.18191175000001,proxy,23.4,629.0,697.1,145.0,123.18191175000001
2025-04-18T16:00,37.87,138.94,498.0,38.7625,94.11702000000001,proxy,23.2,486.0,707.3,103.0,94.11702000000001
2025-04-18T17:00,37.87,138.94,268.9,30.303124999999998,52.63919175,proxy,21.9,287.0,558.8,86.0,52.63919175
2025-04-18T18:00,37.87,138.94,70.2,21.39375,14.242526999999999,proxy,19.2,98.0,328.5,45.0,14.242526999999999
2025-04-19T07:00,37.87,138.94,54.0,14.5875,11.24982,proxy,12.9,58.0,25.4,51.0,11.24982
2025-04-19T08:00,37.87,138.94,108.8,17.099999999999998,22.447616000000004,proxy,13.7,114.0,32.2,99.0,22.447616000000004
2025-04-19T09:00,37.87,138.94,245.1,22.859375,49.43973375,proxy,15.2,249.0,116.9,175.0,49.43973375
2025-04-19T10:00,37.87,138.94,430.9,30.665625,84.22694575,proxy,17.2,420.0,270.5,213.0,84.22694575
2025-04-19T11:00,37.87,138.94,554.4,35.825,106.078896,proxy,18.5,539.0,290.6,291.0,106.078896
2025-04-19T12:00,37.87,138.94,781.2,44.712500000000006,143.920476,proxy,20.3,731.0,540.8,249.0,143.920476
2025-04-19T13:00,37.87,138.94,828.3,46.784375,151.22480175,proxy,20.9,767.0,640.1,206.0,151.22480175
2025-04-19T14:00,37.87,138.94,765.1,45.409375,140.52782975,proxy,21.5,716.0,635.7,201.0,140.52782975
2025-04-19T15:00,37.87,138.94,581.2,39.6625,109.42252400000001,proxy,21.5,565.0,463.6,242.0,109.42252400000001
2025-04-19T16:00,37.87,138.94,495.0,36.36875,94.497975,proxy,20.9,486.0,689.4,111.0,94.497975
2025-04-19T17:00,37.87,138.94,265.6,28.1,52.46131200000001,proxy,19.8,285.0,532.7,92.0,52.46131200000001
2025-04-19T18:00,37.87,138.94,73.5,20.096875,14.988303750000002,proxy,17.8,97.0,255.8,55.0,14.988303750000002
2025-04-20T07:00,37.87,138.94,113.4,18.04375,23.311071000000002,proxy,14.5,124.0,107.4,94.0,23.311071000000002
2025-04-20T08:00,37.87,138.94,227.4,22.20625,45.988239,proxy,15.1,236.0,166.0,158.0,45.988239
2025-04-20T09:00,37.87,138.94,401.8,28.65625,79.18473500000002,proxy,16.1,402.0,273.3,228.0,79.18473500000002
2025-04-20T10:00,37.87,138.94,382.0,29.2375,75.10502000000001,proxy,17.3,383.0,161.3,259.0,75.10502000000001
2025-04-20T11:00,37.87,138.94,334.3,28.646875,65.88467975,proxy,18.2,339.0,89.9,262.0,65.88467975
2025-04-20T12:00,37.87,138.94,264.9,26.778125,52.603179749999995,proxy,18.5,277.0,16.8,262.0,52.603179749999995
2025-04-20T13:00,37.87,138.94,253.4,26.41875,50.39239100000001,proxy,18.5,264.0,22.8,244.0,50.39239100000001
2025-04-20T14:00,37.87,138.94,253.2,25.3125,50.5767,proxy,17.4,257.0,73.8,197.0,50.5767
2025-04-20T15:00,37.87,138.94,229.5,22.571875,46.34580375000001,proxy,15.4,234.0,83.0,176.0,46.34580375000001
2025-04-20T16:00,37.87,138.94,58.8,15.137500000000001,12.223932,proxy,13.3,62.0,1.8,61.0,12.223932
2025-04-20T17:00,37.87,138.94,36.0,12.625,7.556400000000001,proxy,11.5,38.0,0.0,38.0,7.556400000000001
2025-04-21T07:00,37.87,138.94,91.0,12.94375,19.077695,proxy,10.1,97.0,21.2,91.0,19.077695
2025-04-21T08:00,37.87,138.94,223.5,17.884375,45.97227375000001,proxy,10.9,233.0,137.2,168.0,45.97227375000001
2025-04-21T09:00,37.87,138.94,393.3,23.790625,79.04051775000002,proxy,11.5,396.0,245.2,239.0,79.04051775000002
2025-04-21T10:00,37.87,138.94,649.8,32.90625,125.850015,proxy,12.6,629.0,461.3,273.0,125.850015
2025-04-21T11:00,37.87,138.94,904.5,41.765625,168.76839375,proxy,13.5,837.0,764.8,180.0,168.76839375
2025-04-21T12:00,37.87,138.94,993.5,45.746875,182.21038375,proxy,14.7,909.0,834.3,161.0,182.21038375
2025-04-21T13:00,37.87,138.94,996.2,46.63125,182.00075900000002,proxy,15.5,910.0,874.6,139.0,182.00075900000002
2025-04-21T14:00,37.87,138.94,893.1,44.209375,164.89528575,proxy,16.3,826.0,845.4,137.0,164.89528575
2025-04-21T15:00,37.87,138.94,731.4,39.55625,137.762847,proxy,16.7,692.0,809.6,124.0,137.762847
2025-04-21T16:00,37.87,138.94,516.7,32.446875000000006,100.26175975000001,proxy,16.3,511.0,734.1,108.0,100.26175975000001
2025-04-21T17:00,37.87,138.94,281.6,23.9,56.56780800000001,proxy,15.1,306.0,598.5,86.0,56.56780800000001
2025-04-21T18:00,37.87,138.94,76.4,15.6875,15.84918,proxy,13.3,111.0,370.9,48.0,15.84918
2025-04-22T06:00,37.87,138.94,27.0,7.84375,5.770575,proxy,7.0,51.0,219.8,26.0,5.770575
2025-04-22T07:00,37.87,138.94,195.1,14.996875,40.58128775,proxy,8.9,230.0,546.4,73.0,40.58128775
2025-04-22T08:00,37.87,138.94,431.3,25.378125,86.12953175,proxy,11.9,441.0,712.3,101.0,86.12953175
2025-04-22T09:00,37.87,138.94,664.1,35.753125,127.10707975000003,proxy,15.0,639.0,812.7,116.0,127.10707975000003
2025-04-22T10:00,37.87,138.94,811.5,43.159375,150.51093375000002,proxy,17.8,765.0,757.7,178.0,150.51093375000002
2025-04-22T11:00,37.87,138.94,927.9,48.596875,168.06356775000003,proxy,19.6,864.0,764.6,205.0,168.06356775000003
2025-04-22T12:00,37.87,138.94,988.0,51.475,176.67416000000003,proxy,20.6,913.0,789.6,203.0,176.67416000000003
2025-04-22T13:00,37.87,138.94,977.3,51.740624999999994,174.55310975,proxy,21.2,901.0,822.5,174.0,174.55310975
2025-04-22T14:00,37.87,138.94,883.6,48.9125,159.81673200000003,proxy,21.3,823.0,812.4,159.0,159.81673200000003
2025-04-22T15:00,37.87,138.94,709.3,42.865624999999994,131.72232975,proxy,20.7,677.0,748.7,150.0,131.72232975
2025-04-22T16:00,37.87,138.94,375.3,31.628124999999997,73.06997175000001,proxy,19.9,384.0,281.1,229.0,73.06997175000001
2025-04-22T17:00,37.87,138.94,181.7,24.378124999999997,36.430395749999995,proxy,18.7,194.0,116.2,151.0,36.430395749999995
2025-04-22T18:00,37.87,138.94,54.4,19.2,11.132416000000003,proxy,17.5,58.0,5.8,57.0,11.132416000000003
2025-04-23T07:00,37.87,138.94,32.2,14.60625,6.707743000000001,proxy,13.6,35.0,20.6,29.0,6.707743000000001
2025-04-23T08:00,37.87,138.94,48.3,15.309375000000001,10.03444575,proxy,13.8,51.0,0.0,51.0,10.03444575
2025-04-23T09:00,37.87,138.94,93.1,17.909375,19.148109750000003,proxy,15.0,98.0,4.6,95.0,19.148109750000003
2025-04-23T10:00,37.87,138.94,114.8,19.6875,23.4479,proxy,16.1,121.0,2.6,119.0,23.4479
2025-04-23T11:00,37.87,138.94,109.9,20.334374999999998,22.390201750000006,proxy,16.9,116.0,1.2,115.0,22.390201750000006
2025-04-23T12:00,37.87,138.94,159.3,23.078125,32.104923750000005,proxy,18.1,168.0,2.2,166.0,32.104923750000005
2025-04-23T13:00,37.87,138.94,186.5,25.128125,37.28088375,proxy,19.3,193.0,25.9,170.0,37.28088375
2025-04-23T14:00,37.87,138.94,163.5,25.209375,32.672613750000004,proxy,20.1,170.0,20.7,153.0,32.672613750000004
2025-04-23T15:00,37.87,138.94,153.5,24.696875,30.737223750000005,proxy,19.9,161.0,12.7,152.0,30.737223750000005
2025-04-23T16:00,37.87,138.94,118.9,23.115624999999998,23.95924175,proxy,19.4,125.0,16.3,116.0,23.95924175
2025-04-23T17:00,37.87,138.94,79.5,20.584375,16.180833749999998,proxy,18.1,84.0,0.0,84.0,16.180833749999998
2025-04-23T18:00,37.87,138.94,20.8,17.75,4.28064,proxy,17.1,22.0,0.0,22.0,4.28064
2025-04-24T07:00,37.87,138.94,57.4,13.993749999999999,11.985407,proxy,12.2,61.0,6.8,59.0,11.985407
2025-04-24T08:00,37.87,138.94,113.9,16.159375,23.58555775,proxy,12.6,120.0,22.7,109.0,23.58555775
2025-04-24T09:00,37.87,138.94,220.7,20.196875,44.988039750000006,proxy,13.3,228.0,72.3,181.0,44.988039750000006
2025-04-24T10:00,37.87,138.94,267.6,22.4625,54.06322800000002,proxy,14.1,274.0,75.6,215.0,54.06322800000002
2025-04-24T11:00,37.87,138.94,367.6,25.9875,73.22959600000002,proxy,14.5,370.0,125.7,261.0,73.22959600000002
2025-04-24T12:00,37.87,138.94,346.0,25.4125,69.08582,proxy,14.6,352.0,85.2,275.0,69.08582
2025-04-24T13:00,37.87,138.94,517.7,31.078125,101.02268375000003,proxy,14.9,515.0,208.2,330.0,101.02268375000003
2025-04-24T14:00,37.87,138.94,401.1,27.234375,79.50303375000001,proxy,14.7,408.0,121.7,308.0,79.50303375000001
2025-04-24T15:00,37.87,138.94,377.9,26.209375,75.21438175,proxy,14.4,383.0,179.2,256.0,75.21438175
2025-04-24T16:00,37.87,138.94,247.8,22.24375,50.106399,proxy,14.5,256.0,151.0,172.0,50.106399
2025-04-24T17:00,37.87,138.94,179.7,19.615625,36.714057749999995,proxy,14.0,194.0,181.2,126.0,36.714057749999995
2025-04-24T18:00,37.87,138.94,59.1,15.146875000000001,12.285855750000001,proxy,13.3,70.0,84.1,55.0,12.285855750000001
2025-04-25T06:00,37.87,138.94,25.6,11.3,5.400576000000001,proxy,10.5,27.0,0.0,27.0,5.400576000000001
2025-04-25T07:00,37.87,138.94,122.9,15.140625,25.54937375,proxy,11.3,134.0,80.3,110.0,25.54937375
2025-04-25T08:00,37.87,138.94,286.1,21.440625,58.03466975,proxy,12.5,300.0,182.4,211.0,58.03466975
2025-04-25T09:00,37.87,138.94,450.7,28.384375,88.91972975,proxy,14.3,459.0,249.5,296.0,88.91972975
2025-04-25T10:00,37.87,138.94,628.2,35.73125,120.24690300000002,proxy,16.1,620.0,385.4,318.0,120.24690300000002
2025-04-25T11:00,37.87,138.94,687.7,38.290625000000006,130.22802975000002,proxy,16.8,668.0,408.1,313.0,130.22802975000002
2025-04-25T12:00,37.87,138.94,790.7,40.409375,148.39264575,proxy,15.7,758.0,493.0,311.0,148.39264575
2025-04-25T13:00,37.87,138.94,733.2,37.8125,139.12470000000002,proxy,14.9,713.0,408.5,349.0,139.12470000000002
2025-04-25T14:00,37.87,138.94,603.3,33.553124999999994,116.53191975,proxy,14.7,589.0,381.0,275.0,116.53191975
2025-04-25T15:00,37.87,138.94,486.0,29.3875,95.49414,proxy,14.2,481.0,370.0,218.0,95.49414
2025-04-25T16:00,37.87,138.94,407.3,26.828125,80.86432375,proxy,14.1,417.0,376.0,207.0,80.86432375
2025-04-25T17:00,37.87,138.94,203.2,19.85,41.477184,proxy,13.5,222.0,280.5,116.0,41.477184
2025-04-25T18:00,37.87,138.94,63.9,14.696874999999999,13.306695750000003,proxy,12.7,85.0,187.8,51.0,13.306695750000003
2025-04-26T06:00,37.87,138.94,28.8,9.4,6.119424,proxy,8.5,56.0,222.2,29.0,6.119424
2025-04-26T07:00,37.87,138.94,194.4,16.875,40.1436,proxy,10.8,232.0,495.6,82.0,40.1436
2025-04-26T08:00,37.87,138.94,409.4,25.393749999999997,81.75103899999999,proxy,12.6,426.0,634.9,114.0,81.75103899999999
2025-04-26T09:00,37.87,138.94,637.4,33.41875,123.187111,proxy,13.5,624.0,744.9,135.0,123.187111
2025-04-26T10:00,37.87,138.94,786.7,38.884375000000006,148.60172975000003,proxy,14.3,746.0,769.3,141.0,148.60172975000003
2025-04-26T11:00,37.87,138.94,954.8,44.8375,175.807324,proxy,15.0,889.0,850.4,147.0,175.807324
2025-04-26T12:00,37.87,138.94,1025.0,47.53125,186.524375,proxy,15.5,947.0,882.3,145.0,186.524375
2025-04-26T13:00,37.87,138.94,931.4,44.90625,171.447455,proxy,15.8,864.0,810.5,140.0,171.447455
2025-04-26T14:00,37.87,138.94,846.6,42.85625,157.22631900000002,proxy,16.4,801.0,753.9,178.0,157.22631900000002
2025-04-26T15:00,37.87,138.94,667.7,36.965625,127.14844175000002,proxy,16.1,651.0,642.3,193.0,127.14844175000002
2025-04-26T16:00,37.87,138.94,483.5,31.209375,94.29821375,proxy,16.1,491.0,607.9,150.0,94.29821375
2025-04-26T17:00,37.87,138.94,251.0,23.74375,50.45225500000001,proxy,15.9,278.0,444.3,109.0,50.45225500000001
2025-04-26T18:00,37.87,138.94,79.6,17.4875,16.398395999999998,proxy,15.0,119.0,364.5,52.0,16.398395999999998
2025-04-27T06:00,37.87,138.94,30.7,11.059375,6.48238175,proxy,10.1,64.0,267.5,31.0,6.48238175
2025-04-27T07:00,37.87,138.94,203.9,18.671875,41.81224375000001,proxy,12.3,246.0,545.1,79.0,41.81224375000001
2025-04-27T08:00,37.87,138.94,434.0,28.7625,85.49366,proxy,15.2,453.0,709.4,102.0,85.49366
2025-04-27T09:00,37.87,138.94,656.7,38.621875,124.18361175,proxy,18.1,643.0,799.1,116.0,124.18361175
2025-04-27T10:00,37.87,138.94,837.8,46.08125,153.43050300000002,proxy,19.9,794.0,843.9,128.0,153.43050300000002
2025-04-27T11:00,37.87,138.94,961.7,51.153125,172.21883175000002,proxy,21.1,896.0,869.6,135.0,172.21883175000002
2025-04-27T12:00,37.87,138.94,1016.7,53.171875,180.42612375000002,proxy,21.4,941.0,880.0,139.0,180.42612375000002
2025-04-27T13:00,37.87,138.94,989.8,52.33125,176.318023,proxy,21.4,919.0,873.3,137.0,176.318023
2025-04-27T14:00,37.87,138.94,885.5,48.971875,160.11832375000003,proxy,21.3,833.0,847.2,131.0,160.11832375000003
2025-04-27T15:00,37.87,138.94,693.6,42.175,129.189936,proxy,20.5,671.0,755.0,131.0,129.189936
2025-04-27T16:00,37.87,138.94,494.6,34.75625,95.05964700000001,proxy,19.3,502.0,690.6,113.0,95.05964700000001
2025-04-27T17:00,37.87,138.94,237.9,26.034375,47.38313775,proxy,18.6,265.0,430.9,100.0,47.38313775
2025-04-27T18:00,37.87,138.94,73.7,20.503125,15.005135750000003,proxy,18.2,99.0,214.4,59.0,15.005135750000003
2025-04-28T06:00,37.87,138.94,36.1,12.728125,7.57441175,proxy,11.6,42.0,31.9,38.0,7.57441175
2025-04-28T07:00,37.87,138.94,172.0,18.775,35.25655999999999,proxy,13.4,197.0,261.3,116.0,35.25655999999999
2025-04-28T08:00,37.87,138.94,332.0,26.075,66.11448000000001,proxy,15.7,349.0,341.3,179.0,66.11448000000001
2025-04-28T09:00,37.87,138.94,468.3,32.534375,90.83732175,proxy,17.9,476.0,307.9,272.0,90.83732175
2025-04-28T10:00,37.87,138.94,592.0,38.3,112.10112000000001,proxy,19.8,588.0,356.1,306.0,112.10112000000001
2025-04-28T11:00,37.87,138.94,635.4,40.95625,118.96911899999999,proxy,21.1,628.0,320.2,347.0,118.96911899999999
2025-04-28T12:00,37.87,138.94,336.4,32.2125,65.338972,proxy,21.7,347.0,56.9,295.0,65.338972
2025-04-28T13:00,37.87,138.94,253.0,30.30625,49.526015,proxy,22.4,263.0,30.1,236.0,49.526015
2025-04-28T14:00,37.87,138.94,193.2,27.637500000000003,38.232348,proxy,21.6,202.0,18.1,187.0,38.232348
2025-04-28T15:00,37.87,138.94,103.2,23.325000000000003,20.778288,proxy,20.1,109.0,0.0,109.0,20.778288
2025-04-28T16:00,37.87,138.94,149.9,23.184375,30.197729750000004,proxy,18.5,158.0,14.1,150.0,30.197729750000004
2025-04-28T17:00,37.87,138.94,63.4,18.78125,12.995415,proxy,16.8,67.0,0.0,67.0,12.995415
2025-04-28T18:00,37.87,138.94,20.8,15.65,4.315584,proxy,15.0,22.0,0.0,22.0,4.315584
2025-04-29T07:00,37.87,138.94,99.1,14.196874999999999,20.67647175,proxy,11.1,114.0,153.1,66.0,20.67647175
2025-04-29T08:00,37.87,138.94,209.7,18.053125,43.10540775,proxy,11.5,221.0,191.5,125.0,43.10540775
2025-04-29T09:00,37.87,138.94,303.2,20.775,61.664815999999995,proxy,11.3,307.0,228.4,155.0,61.664815999999995
2025-04-29T10:00,37.87,138.94,412.0,23.775,82.80376,proxy,10.9,406.0,285.7,179.0,82.80376
2025-04-29T11:00,37.87,138.94,641.9,31.859375,124.85757375,proxy,11.8,616.0,469.4,203.0,124.85757375
2025-04-29T12:00,37.87,138.94,480.5,26.115625,95.67115375,proxy,11.1,472.0,244.6,248.0,95.67115375
2025-04-29T13:00,37.87,138.94,847.8,38.59375,160.34017500000002,proxy,12.1,801.0,679.1,190.0,160.34017500000002
2025-04-29T14:00,37.87,138.94,473.4,26.393749999999997,94.15215900000001,proxy,11.6,469.0,270.2,244.0,94.15215900000001
2025-04-29T15:00,37.87,138.94,316.3,20.984375,64.27611375000001,proxy,11.1,322.0,159.8,207.0,64.27611375000001
2025-04-29T16:00,37.87,138.94,123.7,15.265625,25.703313750000003,proxy,11.4,130.0,28.2,114.0,25.703313750000003
2025-04-29T17:00,37.87,138.94,90.1,13.915624999999999,18.81896175,proxy,11.1,99.0,103.1,59.0,18.81896175
2025-04-29T18:00,37.87,138.94,45.0,12.50625,9.449775,proxy,11.1,60.0,119.8,37.0,9.449775
2025-04-30T07:00,37.87,138.94,65.5,12.746875,13.74206375,proxy,10.7,71.0,28.4,62.0,13.74206375
2025-04-30T08:00,37.87,138.94,158.1,15.840625,32.77847775000001,proxy,10.9,167.0,87.2,123.0,32.77847775000001
2025-04-30T09:00,37.87,138.94,318.3,21.546875,64.53930375,proxy,11.6,326.0,184.1,203.0,64.53930375
2025-04-30T10:00,37.87,138.94,293.8,20.981250000000003,59.70456700000001,proxy,11.8,300.0,104.1,217.0,59.70456700000001
2025-04-30T11:00,37.87,138.94,362.8,23.5375,72.984476,proxy,12.2,371.0,95.2,287.0,72.984476
2025-04-30T12:00,37.87,138.94,377.5,24.296875,75.71234375,proxy,12.5,380.0,131.8,259.0,75.71234375
2025-04-30T13:00,37.87,138.94,446.2,27.24375,88.43907100000001,proxy,13.3,452.0,141.9,324.0,88.43907100000001
2025-04-30T14:00,37.87,138.94,436.3,27.434375000000003,86.41030575,proxy,13.8,440.0,186.9,284.0,86.41030575
2025-04-30T15:00,37.87,138.94,507.3,30.253125,99.32807175,proxy,14.4,507.0,394.9,222.0,99.32807175
2025-04-30T16:00,37.87,138.94,482.2,29.768749999999997,94.600407,proxy,14.7,496.0,626.3,139.0,94.600407
2025-04-30T17:00,37.87,138.94,280.3,23.159375,56.47274175,proxy,14.4,319.0,573.9,95.0,56.47274175
2025-04-30T18:00,37.87,138.94,83.5,15.409375,17.34065375,proxy,12.8,127.0,364.6,56.0,17.34065375
2025-05-01T06:00,37.87,138.94,36.4,7.9375,7.77686,proxy,6.8,71.0,253.0,38.0,7.77686
2025-05-01T07:00,37.87,138.94,201.7,15.403125,41.888551750000005,proxy,9.1,245.0,487.0,89.0,41.888551750000005
2025-05-01T08:00,37.87,138.94,429.3,25.915625,85.54553775000001,proxy,12.5,455.0,669.9,115.0,85.54553775000001
2025-05-01T09:00,37.87,138.94,656.8,36.625,125.25175999999999,proxy,16.1,652.0,785.4,125.0,125.25175999999999
2025-05-01T10:00,37.87,138.94,833.5,45.146875,153.26606375,proxy,19.1,801.0,818.0,147.0,153.26606375
2025-05-01T11:00,37.87,138.94,942.8,50.662499999999994,169.204316,proxy,21.2,892.0,818.5,168.0,169.204316
2025-05-01T12:00,37.87,138.94,1008.6,53.91875,178.38603900000004,proxy,22.4,945.0,859.7,154.0,178.38603900000004
2025-05-01T13:00,37.87,138.94,978.4,54.075,172.922416,proxy,23.5,921.0,842.0,160.0,172.922416
2025-05-01T14:00,37.87,138.94,825.4,49.49375,148.906287,proxy,23.7,791.0,738.5,173.0,148.906287
2025-05-01T15:00,37.87,138.94,693.6,45.175,127.525296,proxy,23.5,680.0,748.9,138.0,127.525296
2025-05-01T16:00,37.87,138.94,498.1,38.565625,94.21436975,proxy,23.0,513.0,706.0,109.0,94.21436975
2025-05-01T17:00,37.87,138.94,282.1,31.215625,55.017257750000006,proxy,22.4,323.0,588.2,92.0,55.017257750000006
2025-05-01T18:00,37.87,138.94,83.3,23.503124999999997,16.75975175,proxy,20.9,131.0,395.2,53.0,16.75975175
2025-05-02T06:00,37.87,138.94,42.9,17.740624999999998,8.82914175,proxy,16.4,69.0,181.7,45.0,8.82914175
2025-05-02T07:00,37.87,138.94,174.8,24.4625,35.035164,proxy,19.0,200.0,225.6,127.0,35.035164
2025-05-02T08:00,37.87,138.94,316.9,30.103125,62.08625575,proxy,20.2,336.0,262.5,202.0,62.08625575
2025-05-02T09:00,37.87,138.94,439.3,33.928125,84.72229975,proxy,20.2,450.0,277.6,263.0,84.72229975
2025-05-02T10:00,37.87,138.94,525.0,37.40625,99.78937499999999,proxy,21.0,526.0,303.0,283.0,99.78937499999999
2025-05-02T11:00,37.87,138.94,496.0,37.1,94.39872,proxy,21.6,501.0,185.0,337.0,94.39872
2025-05-02T12:00,37.87,138.94,475.6,36.5625,90.72070000000001,proxy,21.7,488.0,105.2,391.0,90.72070000000001
2025-05-02T13:00,37.87,138.94,371.3,32.903125,71.91245575,proxy,21.3,387.0,40.9,350.0,71.91245575
2025-05-02T14:00,37.87,138.94,236.0,26.775,46.86488000000001,proxy,19.4,246.0,31.0,220.0,46.86488000000001
2025-05-02T15:00,37.87,138.94,69.1,19.359375,14.131813750000001,proxy,17.2,73.0,0.0,73.0,14.131813750000001
2025-05-02T16:00,37.87,138.94,69.1,17.859375,14.21473375,proxy,15.7,73.0,0.0,73.0,14.21473375
2025-05-02T17:00,37.87,138.94,30.3,15.946875,6.27944775,proxy,15.0,32.0,0.0,32.0,6.27944775
2025-05-03T06:00,37.87,138.94,25.8,12.80625,5.411679,proxy,12.0,42.0,112.2,27.0,5.411679
2025-05-03T07:00,37.87,138.94,146.8,17.2875,30.265756000000003,proxy,12.7,177.0,312.2,75.0,30.265756000000003
2025-05-03T08:00,37.87,138.94,310.7,23.109375,62.609933749999996,proxy,13.4,331.0,389.6,131.0,62.609933749999996
2025-05-03T09:00,37.87,138.94,451.6,28.3125,89.12326,proxy,14.2,456.0,436.2,161.0,89.12326
2025-05-03T10:00,37.87,138.94,661.0,35.65625,126.56497500000002,proxy,15.0,651.0,513.5,238.0,126.56497500000002
2025-05-03T11:00,37.87,138.94,855.4,42.63125,159.01458300000002,proxy,15.9,822.0,670.6,226.0,159.01458300000002
2025-05-03T12:00,37.87,138.94,983.5,47.334375,179.12731375,proxy,16.6,928.0,823.6,167.0,179.12731375
2025-05-03T13:00,37.87,138.94,900.3,44.834374999999994,165.77448975000001,proxy,16.7,861.0,701.8,224.0,165.77448975000001
2025-05-03T14:00,37.87,138.94,690.5,38.178125,130.82040375,proxy,16.6,679.0,484.2,272.0,130.82040375
2025-05-03T15:00,37.87,138.94,524.2,33.181250000000006,101.40911100000001,proxy,16.8,530.0,365.5,264.0,101.40911100000001
2025-05-03T16:00,37.87,138.94,483.1,31.596875,94.07043975,proxy,16.5,502.0,624.4,142.0,94.07043975
2025-05-03T17:00,37.87,138.94,65.7,17.353125000000002,13.54191975,proxy,15.3,70.0,12.6,65.0,13.54191975
2025-05-04T07:00,37.87,138.94,50.3,13.671875,10.515843750000002,proxy,12.1,56.0,39.4,43.0,10.515843750000002
2025-05-04T08:00,37.87,138.94,99.8,16.11875,20.669079,proxy,13.0,106.0,56.2,77.0,20.669079
2025-05-04T09:00,37.87,138.94,223.5,20.784375,45.453753750000004,proxy,13.8,230.0,134.1,139.0,45.453753750000004
2025-05-04T10:00,37.87,138.94,261.7,22.078125,52.951723750000006,proxy,13.9,265.0,127.7,162.0,52.951723750000006
2025-05-04T11:00,37.87,138.94,448.1,28.603125,88.32835175000001,proxy,14.6,438.0,297.5,173.0,88.32835175000001
2025-05-04T12:00,37.87,138.94,545.9,31.759375,106.22804575,proxy,14.7,536.0,307.8,251.0,106.22804575
2025-05-04T13:00,37.87,138.94,549.5,31.771875,106.92308375,proxy,14.6,533.0,378.2,189.0,106.92308375
2025-05-04T14:00,37.87,138.94,711.8,37.443749999999994,135.27403099999998,proxy,15.2,690.0,610.1,176.0,135.27403099999998
2025-05-04T15:00,37.87,138.94,548.5,32.140625,106.56669375,proxy,15.0,548.0,503.0,181.0,106.56669375
2025-05-04T16:00,37.87,138.94,461.7,29.428125,90.70442775000001,proxy,15.0,481.0,618.7,123.0,90.70442775000001
2025-05-04T17:00,37.87,138.94,259.6,23.3125,52.270460000000014,proxy,15.2,300.0,515.3,94.0,52.270460000000014
2025-05-04T18:00,37.87,138.94,68.5,16.840625,14.147133750000002,proxy,14.7,104.0,272.8,48.0,14.147133750000002
2025-05-05T06:00,37.87,138.94,24.8,12.175,5.214448,proxy,11.4,41.0,109.7,26.0,5.214448
2025-05-05T07:00,37.87,138.94,194.1,19.265625,39.71043375,proxy,13.2,240.0,468.7,84.0,39.71043375
2025-05-05T08:00,37.87,138.94,407.9,26.846874999999997,80.97732775,proxy,14.1,438.0,607.1,123.0,80.97732775
2025-05-05T09:00,37.87,138.94,619.0,34.44375,119.123455,proxy,15.1,623.0,710.6,139.0,119.123455
2025-05-05T10:00,37.87,138.94,662.2,36.39375,126.40404700000002,proxy,15.7,650.0,568.8,190.0,126.40404700000002
2025-05-05T11:00,37.87,138.94,782.5,40.753125,146.63854375,proxy,16.3,756.0,605.9,215.0,146.63854375
2025-05-05T12:00,37.87,138.94,725.8,39.381249999999994,136.809671,proxy,16.7,698.0,530.3,206.0,136.809671
2025-05-05T13:00,37.87,138.94,890.5,45.528125,163.47576375000003,proxy,17.7,848.0,752.8,162.0,163.47576375000003
2025-05-05T14:00,37.87,138.94,782.0,42.4375,145.49110000000002,proxy,18.0,755.0,718.9,148.0,145.49110000000002
2025-05-05T15:00,37.87,138.94,696.6,40.16875,130.866759,proxy,18.4,690.0,765.5,130.0,130.866759
2025-05-05T16:00,37.87,138.94,517.9,34.684375,99.56756975,proxy,18.5,541.0,733.5,115.0,99.56756975
2025-05-05T17:00,37.87,138.94,291.1,26.996875,57.754967750000006,proxy,17.9,340.0,619.2,91.0,57.754967750000006
2025-05-05T18:00,37.87,138.94,88.6,18.868750000000002,18.154583,proxy,16.1,142.0,409.0,57.0,18.154583
2025-05-06T07:00,37.87,138.94,117.5,15.771875,24.367443749999996,proxy,12.1,129.0,62.5,108.0,24.367443749999996
2025-05-06T08:00,37.87,138.94,202.5,19.328125,41.41884375,proxy,13.0,215.0,74.8,176.0,41.41884375
2025-05-06T09:00,37.87,138.94,240.5,21.215625,48.82811375,proxy,13.7,253.0,26.3,235.0,48.82811375
2025-05-06T10:00,37.87,138.94,307.7,24.415625,61.68384975000001,proxy,14.8,321.0,48.1,282.0,61.68384975000001
2025-05-06T11:00,37.87,138.94,328.1,25.953125,65.36982375000001,proxy,15.7,340.0,58.1,288.0,65.36982375000001
2025-05-06T12:00,37.87,138.94,410.7,29.834375,80.55161775,proxy,17.0,420.0,109.7,318.0,80.55161775
2025-05-06T13:00,37.87,138.94,380.4,29.1875,74.80565999999999,proxy,17.3,394.0,65.7,334.0,74.80565999999999
2025-05-06T14:00,37.87,138.94,321.9,26.859375,63.90117375,proxy,16.8,337.0,31.9,310.0,63.90117375
2025-05-06T15:00,37.87,138.94,376.9,28.178124999999998,74.42173174999999,proxy,16.4,390.0,143.2,285.0,74.42173174999999
2025-05-06T16:00,37.87,138.94,183.8,22.143749999999997,37.17998300000001,proxy,16.4,194.0,25.7,179.0,37.17998300000001
2025-05-06T17:00,37.87,138.94,132.7,20.346874999999997,27.033975749999996,proxy,16.2,147.0,123.6,97.0,27.033975749999996
2025-05-06T18:00,37.87,138.94,66.5,17.478125,13.700163750000002,proxy,15.4,88.0,147.4,57.0,13.700163750000002
2025-05-07T07:00,37.87,138.94,34.1,13.165625,7.1428417500000005,proxy,12.1,36.0,0.0,36.0,7.1428417500000005
2025-05-07T08:00,37.87,138.94,102.6,16.00625,21.258207000000002,proxy,12.8,109.0,36.3,90.0,21.258207000000002
2025-05-07T09:00,37.87,138.94,391.5,26.034375,77.97603375000001,proxy,13.8,402.0,300.4,196.0,77.97603375000001
2025-05-07T10:00,37.87,138.94,567.4,32.13125,110.242983,proxy,14.4,564.0,430.6,214.0,110.242983
2025-05-07T11:00,37.87,138.94,638.3,34.446875,122.83604775,proxy,14.5,622.0,468.5,202.0,122.83604775
2025-05-07T12:00,37.87,138.94,861.8,42.03125,160.617975,proxy,15.1,829.0,652.8,221.0,160.617975
2025-05-07T13:00,37.87,138.94,791.9,40.046875,148.84750375000002,proxy,15.3,763.0,622.1,194.0,148.84750375000002
2025-05-07T14:00,37.87,138.94,696.1,37.153125,132.45216775,proxy,15.4,680.0,589.7,180.0,132.45216775
2025-05-07T15:00,37.87,138.94,622.6,34.95625,119.56099100000002,proxy,15.5,623.0,631.0,159.0,119.56099100000002
2025-05-07T16:00,37.87,138.94,450.7,29.584375,88.48705775,proxy,15.5,474.0,584.8,132.0,88.48705775
2025-05-07T17:00,37.87,138.94,254.6,22.95625,51.336271,proxy,15.0,300.0,543.5,79.0,51.336271
2025-05-07T18:00,37.87,138.94,82.8,16.4875,17.123867999999998,proxy,13.9,129.0,338.2,57.0,17.123867999999998
2025-05-08T06:00,37.87,138.94,40.4,9.2625,8.588636000000001,proxy,8.0,89.0,323.9,42.0,8.588636000000001
2025-05-08T07:00,37.87,138.94,217.9,16.509375,45.06008575,proxy,9.7,276.0,565.6,83.0,45.06008575
2025-05-08T08:00,37.87,138.94,444.8,26.3,88.49740800000001,proxy,12.4,483.0,714.3,107.0,88.49740800000001
2025-05-08T09:00,37.87,138.94,664.7,35.671875,127.26512375000003,proxy,14.9,673.0,799.6,123.0,127.26512375000003
2025-05-08T10:00,37.87,138.94,847.1,43.071875000000006,157.17305175,proxy,16.6,827.0,849.3,135.0,157.17305175
2025-05-08T11:00,37.87,138.94,970.1,47.915625000000006,176.23564175,proxy,17.6,929.0,876.1,142.0,176.23564175
2025-05-08T12:00,37.87,138.94,1022.9,50.365624999999994,183.82280175,proxy,18.4,972.0,887.5,144.0,183.82280175
2025-05-08T13:00,37.87,138.94,998.1,50.290625000000006,179.42594175,proxy,19.1,952.0,884.0,142.0,179.42594175
2025-05-08T14:00,37.87,138.94,900.5,47.740625,163.71765375,proxy,19.6,872.0,866.4,136.0,163.71765375
2025-05-08T15:00,37.87,138.94,738.9,42.490624999999994,137.44094175,proxy,19.4,737.0,828.9,126.0,137.44094175
2025-05-08T16:00,37.87,138.94,528.2,35.70625,101.11596700000001,proxy,19.2,557.0,758.3,112.0,101.11596700000001
2025-05-08T17:00,37.87,138.94,298.2,27.61875,59.015271,proxy,18.3,353.0,640.8,91.0,59.015271
2025-05-08T18:00,37.87,138.94,93.2,19.512500000000003,19.049148,proxy,16.6,153.0,436.4,59.0,19.049148
2025-05-09T06:00,37.87,138.94,55.1,11.921875,11.59648375,proxy,10.2,71.0,87.8,58.0,11.59648375
2025-05-09T07:00,37.87,138.94,148.8,16.55,30.765888000000007,proxy,11.9,162.0,58.2,142.0,30.765888000000007
2025-05-09T08:00,37.87,138.94,283.6,23.0625,57.15958,proxy,14.2,302.0,113.5,242.0,57.15958
2025-05-09T09:00,37.87,138.94,413.1,29.809375,81.03059775,proxy,16.9,431.0,159.4,321.0,81.03059775
2025-05-09T10:00,37.87,138.94,618.6,39.13125,116.72672700000001,proxy,19.8,629.0,315.9,371.0,116.72672700000001
2025-05-09T11:00,37.87,138.94,747.3,44.953125,137.53122375,proxy,21.6,742.0,444.4,342.0,137.53122375
2025-05-09T12:00,37.87,138.94,707.3,44.703125,130.31118375000003,proxy,22.6,708.0,327.4,402.0,130.31118375000003
2025-05-09T13:00,37.87,138.94,732.3,46.084374999999994,134.10792975,proxy,23.2,732.0,367.1,395.0,134.10792975
2025-05-09T14:00,37.87,138.94,579.5,41.909375,108.06081375000001,proxy,23.8,591.0,238.5,388.0,108.06081375000001
2025-05-09T15:00,37.87,138.94,421.6,36.375,80.48344,proxy,23.2,439.0,128.6,344.0,80.48344
2025-05-09T16:00,37.87,138.94,238.5,29.853125,46.774023750000005,proxy,22.4,252.0,47.6,224.0,46.774023750000005
2025-05-09T17:00,37.87,138.94,129.2,25.8375,25.753436,proxy,21.8,137.0,7.3,134.0,25.753436
2025-05-09T18:00,37.87,138.94,53.4,22.568749999999998,10.783863,proxy,20.9,57.0,4.6,56.0,10.783863
2025-05-10T07:00,37.87,138.94,35.0,17.69375,7.204575,proxy,16.6,37.0,0.0,37.0,7.204575
2025-05-10T08:00,37.87,138.94,88.9,20.278125,18.11581975,proxy,17.5,94.0,3.8,92.0,18.11581975
2025-05-10T09:00,37.87,138.94,262.3,27.296875,51.978023750000006,proxy,19.1,274.0,98.3,206.0,51.978023750000006
2025-05-10T10:00,37.87,138.94,405.2,33.3625,78.32921200000001,proxy,20.7,410.0,240.7,213.0,78.32921200000001
2025-05-10T11:00,37.87,138.94,462.3,36.746875,88.11553575,proxy,22.3,471.0,166.3,321.0,88.11553575
2025-05-10T12:00,37.87,138.94,411.1,36.646875,78.38957575,proxy,23.8,424.0,87.6,342.0,78.38957575
2025-05-10T13:00,37.87,138.94,410.2,37.51875,77.931847,proxy,24.7,422.0,102.2,328.0,77.931847
2025-05-10T14:00,37.87,138.94,630.3,45.496875,115.72465575,proxy,25.8,636.0,344.7,342.0,115.72465575
2025-05-10T15:00,37.87,138.94,570.5,42.128125,106.28272375000002,proxy,24.3,576.0,556.2,164.0,106.28272375000002
2025-05-10T16:00,37.87,138.94,337.0,32.13125,65.47741500000001,proxy,21.6,357.0,301.3,179.0,65.47741500000001
2025-05-10T17:00,37.87,138.94,188.6,24.89375,37.736031,proxy,19.0,214.0,232.3,118.0,37.736031
2025-05-10T18:00,37.87,138.94,39.3,18.128124999999997,8.07605175,proxy,16.9,45.0,27.2,39.0,8.07605175
2025-05-11T06:00,37.87,138.94,23.7,16.340625,4.904181750000001,proxy,15.6,29.0,26.0,25.0,4.904181750000001
2025-05-11T07:00,37.87,138.94,66.0,17.1625,13.61382,proxy,15.1,70.0,2.9,69.0,13.61382
2025-05-11T08:00,37.87,138.94,93.7,17.628125,19.29259575,proxy,14.7,99.0,1.9,98.0,19.29259575
2025-05-11T09:00,37.87,138.94,75.8,16.96875,15.647015,proxy,14.6,80.0,1.4,79.0,15.647015
2025-05-11T10:00,37.87,138.94,184.0,20.55,37.455040000000004,proxy,14.8,192.0,32.9,165.0,37.455040000000004
2025-05-11T11:00,37.87,138.94,296.7,24.471874999999997,59.46535575,proxy,15.2,305.0,83.0,230.0,59.46535575
2025-05-11T12:00,37.87,138.94,387.3,27.703125,76.62246375000001,proxy,15.6,389.0,174.9,225.0,76.62246375000001
2025-05-11T13:00,37.87,138.94,520.4,32.2625,101.05647599999999,proxy,16.0,519.0,283.4,258.0,101.05647599999999
2025-05-11T14:00,37.87,138.94,494.3,32.046875,96.07338375,proxy,16.6,494.0,333.5,209.0,96.07338375
2025-05-11T15:00,37.87,138.94,406.7,29.409374999999997,79.90536575,proxy,16.7,414.0,342.1,160.0,79.90536575
2025-05-11T16:00,37.87,138.94,267.4,24.95625,53.489359,proxy,16.6,283.0,91.1,229.0,53.489359
2025-05-11T17:00,37.87,138.94,171.9,21.571875,34.85143575,proxy,16.2,187.0,81.8,153.0,34.85143575
2025-05-11T18:00,37.87,138.94,56.8,17.275,11.711023999999998,proxy,15.5,60.0,0.0,60.0,11.711023999999998
2025-05-12T07:00,37.87,138.94,29.3,13.715625000000001,6.124505750000001,proxy,12.8,31.0,0.0,31.0,6.124505750000001
2025-05-12T08:00,37.87,138.94,47.3,14.678125,9.850579749999998,proxy,13.2,50.0,0.0,50.0,9.850579749999998
2025-05-12T09:00,37.87,138.94,82.3,16.371875,17.02807575,proxy,13.8,87.0,0.0,87.0,17.02807575
2025-05-12T10:00,37.87,138.94,118.3,18.196875,24.303847750000003,proxy,14.5,125.0,0.0,125.0,24.303847750000003
2025-05-12T11:00,37.87,138.94,251.5,23.159375,50.670333750000005,proxy,15.3,262.0,37.6,228.0,50.670333750000005
2025-05-12T12:00,37.87,138.94,490.5,31.628125,95.49912375000001,proxy,16.3,502.0,143.7,367.0,95.49912375000001
2025-05-12T13:00,37.87,138.94,560.9,34.428124999999994,107.94941175000001,proxy,16.9,570.0,212.5,374.0,107.94941175000001
2025-05-12T14:00,37.87,138.94,392.7,29.571875,77.10369975,proxy,17.3,403.0,144.9,279.0,77.10369975
2025-05-12T15:00,37.87,138.94,422.6,30.70625,82.59083100000001,proxy,17.5,438.0,196.2,292.0,82.59083100000001
2025-05-12T16:00,37.87,138.94,290.0,26.3625,57.6839,proxy,17.3,308.0,216.9,179.0,57.6839
2025-05-12T17:00,37.87,138.94,183.9,22.946875,37.08205575,proxy,17.2,212.0,260.9,103.0,37.08205575
2025-05-12T18:00,37.87,138.94,84.8,19.15,17.356864,proxy,16.5,112.0,168.6,74.0,17.356864
2025-05-13T06:00,37.87,138.94,42.3,14.721875,8.80781175,proxy,13.4,91.0,295.7,44.0,8.80781175
2025-05-13T07:00,37.87,138.94,203.3,21.653125000000003,41.20433575,proxy,15.3,257.0,463.7,93.0,41.20433575
2025-05-13T08:00,37.87,138.94,424.3,30.559375000000003,82.97292575000002,proxy,17.3,467.0,647.6,119.0,82.97292575000002
2025-05-13T09:00,37.87,138.94,648.1,38.953125,122.38558375,proxy,18.7,665.0,769.7,128.0,122.38558375
2025-05-13T10:00,37.87,138.94,830.5,45.953125,152.17874375000002,proxy,20.0,820.0,836.7,131.0,152.17874375000002
2025-05-13T11:00,37.87,138.94,948.0,50.525,170.24184000000002,proxy,20.9,918.0,853.9,144.0,170.24184000000002
2025-05-13T12:00,37.87,138.94,1001.8,52.90625,177.99481500000002,proxy,21.6,962.0,868.5,145.0,177.99481500000002
2025-05-13T13:00,37.87,138.94,978.0,52.6625,173.95686,proxy,22.1,943.0,865.8,143.0,173.95686
2025-05-13T14:00,37.87,138.94,879.8,49.99375,158.368399,proxy,22.5,862.0,843.0,139.0,158.368399
2025-05-13T15:00,37.87,138.94,722.7,45.184375,132.87020175,proxy,22.6,730.0,809.7,126.0,132.87020175
2025-05-13T16:00,37.87,138.94,518.6,38.40625,98.158015,proxy,22.2,555.0,740.8,113.0,98.158015
2025-05-13T17:00,37.87,138.94,295.6,30.7375,57.763196,proxy,21.5,356.0,626.3,93.0,57.763196
2025-05-13T18:00,37.87,138.94,96.1,23.003125,19.37351975,proxy,20.0,159.0,425.8,62.0,19.37351975
2025-05-14T06:00,37.87,138.94,61.6,14.325000000000001,12.846064,proxy,12.4,69.0,24.8,65.0,12.846064
2025-05-14T07:00,37.87,138.94,187.7,19.665625,38.34100975,proxy,13.8,215.0,179.8,151.0,38.34100975
2025-05-14T08:00,37.87,138.94,360.9,27.578125,71.43564375,proxy,16.3,391.0,313.3,222.0,71.43564375
2025-05-14T09:00,37.87,138.94,468.2,33.13125,90.594359,proxy,18.5,489.0,244.5,318.0,90.594359
2025-05-14T10:00,37.87,138.94,614.2,39.79375,115.57094300000001,proxy,20.6,626.0,345.4,341.0,115.57094300000001
2025-05-14T11:00,37.87,138.94,650.0,42.4125,120.9455,proxy,22.1,659.0,289.7,396.0,120.9455
2025-05-14T12:00,37.87,138.94,654.7,43.759375000000006,121.11458975000002,proxy,23.3,665.0,245.2,434.0,121.11458975000002
2025-05-14T13:00,37.87,138.94,705.1,46.434375,128.92929775000002,proxy,24.4,712.0,323.1,413.0,128.92929775000002
2025-05-14T14:00,37.87,138.94,649.7,45.203125,119.43922375000002,proxy,24.9,661.0,327.1,380.0,119.43922375000002
2025-05-14T15:00,37.87,138.94,547.1,42.096875,101.93703975000001,proxy,25.0,562.0,409.3,256.0,101.93703975000001
2025-05-14T16:00,37.87,138.94,460.2,39.38125,86.745399,proxy,25.0,492.0,491.2,198.0,86.745399
2025-05-14T17:00,37.87,138.94,279.2,32.925,54.069872000000004,proxy,24.2,330.0,488.1,124.0,54.069872000000004
2025-05-14T18:00,37.87,138.94,95.8,24.893749999999997,19.168143000000004,proxy,21.9,144.0,312.7,72.0,19.168143000000004
2025-05-15T06:00,37.87,138.94,46.2,14.643749999999999,9.622767000000001,proxy,13.2,90.0,256.2,48.0,9.622767000000001
2025-05-15T07:00,37.87,138.94,199.4,21.73125,40.401431,proxy,15.5,247.0,382.6,110.0,40.401431
2025-05-15T08:00,37.87,138.94,395.6,30.1625,77.486172,proxy,17.8,434.0,485.9,171.0,77.486172
2025-05-15T09:00,37.87,138.94,513.0,36.43125,97.90861500000001,proxy,20.4,534.0,375.1,271.0,97.90861500000001
2025-05-15T10:00,37.87,138.94,599.3,41.028125,112.17547575,proxy,22.3,613.0,313.3,354.0,112.17547575
2025-05-15T11:00,37.87,138.94,713.2,45.8875,130.722428,proxy,23.6,717.0,390.4,362.0,130.722428
2025-05-15T12:00,37.87,138.94,652.4,44.4875,120.309084,proxy,24.1,660.0,274.5,401.0,120.309084
2025-05-15T13:00,37.87,138.94,613.7,43.078125,113.86436375000001,proxy,23.9,626.0,224.4,418.0,113.86436375000001
2025-05-15T14:00,37.87,138.94,522.4,39.625,98.36792,proxy,23.3,539.0,170.8,392.0,98.36792
2025-05-15T15:00,37.87,138.94,435.9,36.821875,83.05747575000001,proxy,23.2,454.0,176.2,322.0,83.05747575000001
2025-05-15T16:00,37.87,138.94,346.7,33.934375,66.86196175,proxy,23.1,369.0,194.9,252.0,66.86196175
2025-05-15T17:00,37.87,138.94,200.3,29.059375000000003,39.40952575,proxy,22.8,221.0,127.3,167.0,39.40952575
2025-05-15T18:00,37.87,138.94,88.1,24.553125,17.651495750000002,proxy,21.8,99.0,43.0,89.0,17.651495750000002
2025-05-16T06:00,37.87,138.94,54.5,17.503125,11.226863750000001,proxy,15.8,83.0,156.4,57.0,11.226863750000001
2025-05-16T07:00,37.87,138.94,196.2,23.731250000000003,39.439143,proxy,17.6,239.0,327.6,121.0,39.439143
2025-05-16T08:00,37.87,138.94,380.9,31.903125,74.07647974999999,proxy,20.0,418.0,447.4,175.0,74.07647974999999
2025-05-16T09:00,37.87,138.94,551.0,39.41875,103.844215,proxy,22.2,573.0,475.3,239.0,103.844215
2025-05-16T10:00,37.87,138.94,683.8,45.36875,125.617479,proxy,24.0,692.0,490.3,286.0,125.617479
2025-05-16T11:00,37.87,138.94,826.9,50.840625,148.28590975,proxy,25.0,819.0,598.5,274.0,148.28590975
2025-05-16T12:00,37.87,138.94,873.3,53.390625,154.82517375,proxy,26.1,861.0,589.6,304.0,154.82517375
2025-05-16T13:00,37.87,138.94,925.0,55.60625,162.351375,proxy,26.7,901.0,780.0,177.0,162.351375
2025-05-16T14:00,37.87,138.94,739.9,50.121875,133.10985974999997,proxy,27.0,741.0,553.3,264.0,133.10985974999997
2025-05-16T15:00,37.87,138.94,549.4,43.76875,101.630759,proxy,26.6,567.0,382.2,280.0,101.630759
2025-05-16T16:00,37.87,138.94,364.8,37.3,69.370368,proxy,25.9,389.0,225.8,253.0,69.370368
2025-05-16T17:00,37.87,138.94,233.2,32.2875,45.280444,proxy,25.0,263.0,220.5,169.0,45.280444
2025-05-16T18:00,37.87,138.94,80.8,26.025,16.093744,proxy,23.5,92.0,46.8,81.0,16.093744
2025-05-17T07:00,37.87,138.94,58.7,19.934375000000003,11.977881750000003,proxy,18.1,62.0,0.0,62.0,11.977881750000003
2025-05-17T08:00,37.87,138.94,98.9,21.690625,20.041837750000003,proxy,18.6,105.0,14.7,97.0,20.041837750000003
2025-05-17T09:00,37.87,138.94,183.1,25.021875,36.616795749999994,proxy,19.3,192.0,82.4,134.0,36.616795749999994
2025-05-17T10:00,37.87,138.94,109.2,22.3125,22.074780000000004,proxy,18.9,115.0,6.0,110.0,22.074780000000004
2025-05-17T11:00,37.87,138.94,180.4,25.2375,36.04572400000001,proxy,19.6,190.0,6.6,184.0,36.04572400000001
2025-05-17T12:00,37.87,138.94,135.8,24.34375,27.231295000000006,proxy,20.1,142.0,14.8,128.0,27.231295000000006
2025-05-17T13:00,37.87,138.94,368.2,33.70625,71.075487,proxy,22.2,377.0,125.9,260.0,71.075487
2025-05-17T14:00,37.87,138.94,581.9,42.184375,108.38032975,proxy,24.0,594.0,290.7,343.0,108.38032975
2025-05-17T15:00,37.87,138.94,334.6,34.056250000000006,64.495823,proxy,23.6,347.0,196.7,199.0,64.495823
2025-05-17T16:00,37.87,138.94,366.2,35.34375,70.209695,proxy,23.9,394.0,402.2,151.0,70.209695
2025-05-17T17:00,37.87,138.94,221.2,30.012500000000003,43.352988,proxy,23.1,259.0,326.8,119.0,43.352988
2025-05-17T18:00,37.87,138.94,56.6,23.26875,11.398391000000002,proxy,21.5,82.0,155.9,45.0,11.398391000000002
2025-05-18T06:00,37.87,138.94,35.6,19.8125,7.267740000000002,proxy,18.7,59.0,128.8,37.0,7.267740000000002
2025-05-18T07:00,37.87,138.94,138.0,23.9125,27.720060000000004,proxy,19.6,166.0,200.5,93.0,27.720060000000004
2025-05-18T08:00,37.87,138.94,248.9,28.878125,49.00778775,proxy,21.1,269.0,155.5,184.0,49.00778775
2025-05-18T09:00,37.87,138.94,233.3,29.490625,45.821869750000005,proxy,22.2,245.0,94.9,178.0,45.821869750000005
2025-05-18T10:00,37.87,138.94,406.9,35.515625,77.95695375,proxy,22.8,419.0,187.8,263.0,77.95695375
2025-05-18T11:00,37.87,138.94,553.9,39.509375,104.35060575,proxy,22.2,559.0,301.2,284.0,104.35060575
2025-05-18T12:00,37.87,138.94,648.4,41.4625,121.140572,proxy,21.2,648.0,368.4,299.0,121.140572
2025-05-18T13:00,37.87,138.94,508.9,36.203125,97.21898374999999,proxy,20.3,519.0,199.8,333.0,97.21898374999999
2025-05-18T14:00,37.87,138.94,411.6,32.7625,79.763964,proxy,19.9,425.0,142.2,302.0,79.763964
2025-05-18T15:00,37.87,138.94,295.2,28.525,58.207536,proxy,19.3,306.0,189.6,163.0,58.207536
2025-05-18T16:00,37.87,138.94,103.1,22.221875,20.849139750000003,proxy,19.0,109.0,3.3,107.0,20.849139750000003
2025-05-18T17:00,37.87,138.94,60.1,20.878125,12.218179750000001,proxy,19.0,65.0,18.6,57.0,12.218179750000001
2025-05-18T18:00,37.87,138.94,32.9,19.628125,6.721387750000001,proxy,18.6,36.0,8.3,34.0,6.721387750000001
2025-05-19T06:00,37.87,138.94,37.9,15.884374999999999,7.85638575,proxy,14.7,41.0,5.8,40.0,7.85638575
2025-05-19T07:00,37.87,138.94,140.6,19.49375,28.739343,proxy,15.1,162.0,131.2,114.0,28.739343
2025-05-19T08:00,37.87,138.94,335.6,26.9875,66.58639600000001,proxy,16.5,369.0,353.9,175.0,66.58639600000001
2025-05-19T09:00,37.87,138.94,588.3,36.484375,112.25499375,proxy,18.1,613.0,639.2,161.0,112.25499375
2025-05-19T10:00,37.87,138.94,716.7,41.396875,133.93868775,proxy,19.0,721.0,644.2,185.0,133.93868775
2025-05-19T11:00,37.87,138.94,964.2,50.03125,173.53189500000002,proxy,19.9,944.0,876.0,143.0,173.53189500000002
2025-05-19T12:00,37.87,138.94,1007.0,51.86875,179.754535,proxy,20.4,977.0,881.4,141.0,179.754535
2025-05-19T13:00,37.87,138.94,969.7,51.403125,173.45751175000004,proxy,21.1,945.0,866.9,137.0,173.45751175000004
2025-05-19T14:00,37.87,138.94,879.1,48.871875,159.03138775000002,proxy,21.4,872.0,839.2,145.0,159.03138775000002
2025-05-19T15:00,37.87,138.94,681.3,43.190625,126.34538175,proxy,21.9,698.0,743.7,136.0,126.34538175
2025-05-19T16:00,37.87,138.94,513.9,37.859375,97.49325375,proxy,21.8,558.0,710.9,126.0,97.49325375
2025-05-19T17:00,37.87,138.94,298.0,30.1125,58.38118,proxy,20.8,366.0,633.5,92.0,58.38118
2025-05-19T18:00,37.87,138.94,101.0,22.45625,20.405535000000004,proxy,19.3,168.0,421.5,66.0,20.405535000000004
2025-05-20T06:00,37.87,138.94,43.5,18.759375,8.917173750000002,proxy,17.4,75.0,171.5,45.0,8.917173750000002
2025-05-20T07:00,37.87,138.94,152.9,23.778125,30.72945975,proxy,19.0,191.0,282.8,87.0,30.72945975
2025-05-20T08:00,37.87,138.94,217.6,25.3,43.467776,proxy,18.5,237.0,167.3,145.0,43.467776
2025-05-20T09:00,37.87,138.94,323.3,28.803125,63.67635975000001,proxy,18.7,339.0,227.2,178.0,63.67635975000001
2025-05-20T10:00,37.87,138.94,241.6,26.85,47.962432,proxy,19.3,254.0,22.8,235.0,47.962432
2025-05-20T11:00,37.87,138.94,315.0,29.84375,61.779374999999995,proxy,20.0,327.0,69.9,263.0,61.779374999999995
2025-05-20T12:00,37.87,138.94,329.1,30.084375,64.48138575,proxy,19.8,343.0,48.4,297.0,64.48138575
2025-05-20T13:00,37.87,138.94,250.4,27.224999999999998,49.634288000000005,proxy,19.4,258.0,72.9,190.0,49.634288000000005
2025-05-20T14:00,37.87,138.94,328.8,29.975,64.451376,proxy,19.7,340.0,111.8,243.0,64.451376
2025-05-20T15:00,37.87,138.94,165.2,24.5625,33.09782,proxy,19.4,174.0,18.5,160.0,33.09782
2025-05-20T16:00,37.87,138.94,148.4,23.9375,29.806140000000006,proxy,19.3,159.0,98.5,99.0,29.806140000000006
2025-05-20T17:00,37.87,138.94,97.2,22.637500000000003,19.623708,proxy,19.6,108.0,64.4,80.0,19.623708
2025-05-20T18:00,37.87,138.94,43.9,20.871875,8.924979749999999,proxy,19.5,53.0,45.0,42.0,8.924979749999999
2025-05-21T06:00,37.87,138.94,57.7,19.703125,11.78450375,proxy,17.9,89.0,164.0,60.0,11.78450375
2025-05-21T07:00,37.87,138.94,191.1,25.171875,38.193723750000004,proxy,19.2,242.0,379.0,102.0,38.193723750000004
2025-05-21T08:00,37.87,138.94,397.2,34.0125,76.576188,proxy,21.6,445.0,573.3,129.0,76.576188
2025-05-21T09:00,37.87,138.94,617.2,43.8875,114.11410800000002,proxy,24.6,645.0,729.8,127.0,114.11410800000002
2025-05-21T10:00,37.87,138.94,763.1,50.046875,137.32938375,proxy,26.2,767.0,749.0,142.0,137.32938375
2025-05-21T11:00,37.87,138.94,894.5,55.453125,157.10774375,proxy,27.5,880.0,799.7,147.0,157.10774375
2025-05-21T12:00,37.87,138.94,955.5,58.259375,165.67653375,proxy,28.4,931.0,827.8,144.0,165.67653375
2025-05-21T13:00,37.87,138.94,938.5,58.328125,162.67724375000003,proxy,29.0,918.0,835.8,137.0,162.67724375000003
2025-05-21T14:00,37.87,138.94,845.6,55.325,148.60574400000002,proxy,28.9,841.0,818.3,130.0,148.60574400000002
2025-05-21T15:00,37.87,138.94,692.7,50.446875000000006,124.43835975000002,proxy,28.8,712.0,768.5,129.0,124.43835975000002
2025-05-21T16:00,37.87,138.94,472.7,43.071875,87.70593975000001,proxy,28.3,514.0,592.4,152.0,87.70593975000001
2025-05-21T17:00,37.87,138.94,255.7,35.190625,49.05540575,proxy,27.2,299.0,343.7,149.0,49.05540575
2025-05-21T18:00,37.87,138.94,102.7,28.809375000000003,20.227021750000002,proxy,25.6,126.0,117.7,97.0,20.227021750000002
2025-05-22T06:00,37.87,138.94,36.0,19.025,7.37208,proxy,17.9,38.0,0.0,38.0,7.37208
2025-05-22T07:00,37.87,138.94,54.9,19.515625,11.220873749999999,proxy,17.8,58.0,0.0,58.0,11.220873749999999
2025-05-22T08:00,37.87,138.94,86.9,20.415625,17.698705750000002,proxy,17.7,92.0,3.6,90.0,17.698705750000002
2025-05-22T09:00,37.87,138.94,89.9,20.109375,18.331733749999998,proxy,17.3,95.0,1.4,94.0,18.331733749999998
2025-05-22T10:00,37.87,138.94,108.0,19.975,22.03416,proxy,16.6,114.0,2.4,112.0,22.03416
2025-05-22T11:00,37.87,138.94,160.6,21.21875,32.605815,proxy,16.2,169.0,8.7,161.0,32.605815
2025-05-22T12:00,37.87,138.94,206.2,22.04375,41.727663,proxy,15.6,213.0,52.5,163.0,41.727663
2025-05-22T13:00,37.87,138.94,220.1,22.378125,44.481659750000006,proxy,15.5,225.0,87.7,143.0,44.481659750000006
2025-05-22T14:00,37.87,138.94,216.6,22.46875,43.758615,proxy,15.7,223.0,94.2,141.0,43.758615
2025-05-22T15:00,37.87,138.94,198.3,21.996875000000003,40.136415750000005,proxy,15.8,207.0,103.9,128.0,40.136415750000005
2025-05-22T16:00,37.87,138.94,180.9,21.253125,36.722247749999994,proxy,15.6,196.0,186.0,82.0,36.722247749999994
2025-05-22T17:00,37.87,138.94,74.1,18.015625,15.23403375,proxy,15.7,80.0,20.5,71.0,15.23403375
2025-05-22T18:00,37.87,138.94,35.6,16.7125,7.356028000000001,proxy,15.6,40.0,16.1,36.0,7.356028000000001
2025-05-23T06:00,37.87,138.94,54.9,14.415624999999999,11.44486575,proxy,12.7,85.0,155.1,57.0,11.44486575
2025-05-23T07:00,37.87,138.94,190.4,20.65,38.74259200000001,proxy,14.7,236.0,319.4,117.0,38.74259200000001
2025-05-23T08:00,37.87,138.94,322.4,25.775,64.280112,proxy,15.7,361.0,427.9,124.0,64.280112
2025-05-23T09:00,37.87,138.94,569.3,34.490624999999994,109.53758975,proxy,16.7,598.0,571.5,191.0,109.53758975
2025-05-23T10:00,37.87,138.94,767.0,41.46875,143.29477500000002,proxy,17.5,776.0,706.5,185.0,143.29477500000002
2025-05-23T11:00,37.87,138.94,898.9,46.290625,164.46948575,proxy,18.2,890.0,767.5,185.0,164.46948575
2025-05-23T12:00,37.87,138.94,933.6,47.775000000000006,169.709808,proxy,18.6,919.0,737.9,216.0,169.709808
2025-05-23T13:00,37.87,138.94,951.4,48.43125,172.44600699999998,proxy,18.7,936.0,818.9,169.0,172.44600699999998
2025-05-23T14:00,37.87,138.94,844.6,44.69375,155.613327,proxy,18.3,846.0,765.5,179.0,155.613327
2025-05-23T15:00,37.87,138.94,646.3,37.796875,122.64350374999998,proxy,17.6,670.0,571.3,235.0,122.64350374999998
2025-05-23T16:00,37.87,138.94,479.0,31.66875,93.24453500000001,proxy,16.7,522.0,572.9,170.0,93.24453500000001
2025-05-23T17:00,37.87,138.94,275.4,25.20625,55.034559,proxy,16.6,324.0,379.4,157.0,55.034559
2025-05-23T18:00,37.87,138.94,102.0,19.3875,20.857980000000005,proxy,16.2,121.0,87.7,99.0,20.857980000000005
2025-05-24T06:00,37.87,138.94,54.5,15.803125,11.30098375,proxy,14.1,74.0,93.3,57.0,11.30098375
2025-05-24T07:00,37.87,138.94,157.1,19.909375,32.05978975,proxy,15.0,182.0,144.4,128.0,32.05978975
2025-05-24T08:00,37.87,138.94,290.5,25.578125,57.96564375,proxy,16.5,321.0,284.6,163.0,57.96564375
2025-05-24T09:00,37.87,138.94,363.4,29.05625,71.500767,proxy,17.7,383.0,217.3,228.0,71.500767
2025-05-24T10:00,37.87,138.94,466.5,33.178125,90.24792375000001,proxy,18.6,481.0,253.1,269.0,90.24792375000001
2025-05-24T11:00,37.87,138.94,568.7,37.171875,108.20228375,proxy,19.4,578.0,301.3,301.0,108.20228375
2025-05-24T12:00,37.87,138.94,445.4,33.71875,85.973335,proxy,19.8,460.0,118.5,347.0,85.973335
2025-05-24T13:00,37.87,138.94,475.7,35.465625,91.15720175,proxy,20.6,494.0,104.5,396.0,91.15720175
2025-05-24T14:00,37.87,138.94,303.2,29.575000000000003,59.530288,proxy,20.1,319.0,24.1,298.0,59.530288
2025-05-24T15:00,37.87,138.94,205.4,25.91875,40.92903100000001,proxy,19.5,217.0,3.9,214.0,40.92903100000001
2025-05-24T16:00,37.87,138.94,122.0,23.5125,24.54518,proxy,19.7,129.0,1.6,128.0,24.54518
2025-05-24T17:00,37.87,138.94,75.3,21.853125,15.24956775,proxy,19.5,80.0,4.5,78.0,15.24956775
2025-05-24T18:00,37.87,138.94,27.4,19.95625,5.590559000000001,proxy,19.1,29.0,0.0,29.0,5.590559000000001
2025-05-25T06:00,37.87,138.94,21.8,18.081249999999997,4.480663000000001,proxy,17.4,23.0,0.0,23.0,4.480663000000001
2025-05-25T07:00,37.87,138.94,35.0,18.29375,7.187775,proxy,17.2,37.0,0.0,37.0,7.187775
2025-05-25T08:00,37.87,138.94,110.3,21.646874999999998,22.355879750000003,proxy,18.2,117.0,9.0,112.0,22.355879750000003
2025-05-25T09:00,37.87,138.94,78.6,20.85625,15.980559,proxy,18.4,83.0,0.0,83.0,15.980559
2025-05-25T10:00,37.87,138.94,209.2,25.8375,41.699836000000005,proxy,19.3,220.0,22.7,201.0,41.699836000000005
2025-05-25T11:00,37.87,138.94,314.9,28.440625,62.113237749999996,proxy,18.6,327.0,77.1,256.0,62.113237749999996
2025-05-25T12:00,37.87,138.94,188.4,23.5875,37.892891999999996,proxy,17.7,198.0,12.6,186.0,37.892891999999996
2025-05-25T13:00,37.87,138.94,134.4,21.9,27.213312000000002,proxy,17.7,141.0,12.8,129.0,27.213312000000002
2025-05-25T14:00,37.87,138.94,152.7,21.971874999999997,30.90991575,proxy,17.2,160.0,24.0,139.0,30.90991575
2025-05-25T15:00,37.87,138.94,201.0,22.68125,40.572855,proxy,16.4,211.0,72.0,156.0,40.572855
2025-05-25T16:00,37.87,138.94,49.2,17.337500000000002,10.141596000000002,proxy,15.8,52.0,0.0,52.0,10.141596000000002
2025-05-25T17:00,37.87,138.94,59.0,17.34375,12.161375,proxy,15.5,64.0,18.0,56.0,12.161375
2025-05-25T18:00,37.87,138.94,40.3,16.559375,8.33212575,proxy,15.3,48.0,35.3,39.0,8.33212575
2025-05-26T06:00,37.87,138.94,43.1,15.246875000000001,8.95628775,proxy,13.9,61.0,86.4,45.0,8.95628775
2025-05-26T07:00,37.87,138.94,133.0,18.85625,27.253695,proxy,14.7,155.0,127.4,107.0,27.253695
2025-05-26T08:00,37.87,138.94,301.7,24.928125,60.35734775,proxy,15.5,335.0,310.4,162.0,60.35734775
2025-05-26T09:00,37.87,138.94,403.5,28.309375,79.63173375,proxy,15.7,426.0,297.8,213.0,79.63173375
2025-05-26T10:00,37.87,138.94,508.1,32.178125,98.70223575,proxy,16.3,523.0,315.8,258.0,98.70223575
2025-05-26T11:00,37.87,138.94,495.4,31.78125,96.392455,proxy,16.3,507.0,225.8,299.0,96.392455
2025-05-26T12:00,37.87,138.94,582.4,35.099999999999994,111.774208,proxy,16.9,592.0,270.0,334.0,111.774208
2025-05-26T13:00,37.87,138.94,476.3,31.884375,92.63677775000001,proxy,17.0,491.0,153.3,347.0,92.63677775000001
2025-05-26T14:00,37.87,138.94,443.9,31.071875,86.62375575,proxy,17.2,464.0,90.3,385.0,86.62375575
2025-05-26T15:00,37.87,138.94,418.1,30.365625,81.82530575,proxy,17.3,439.0,156.8,319.0,81.82530575
2025-05-26T16:00,37.87,138.94,263.6,25.4375,52.62774,proxy,17.2,281.0,77.5,233.0,52.62774
2025-05-26T17:00,37.87,138.94,197.7,23.078125,39.84396375,proxy,16.9,215.0,67.3,185.0,39.84396375
2025-05-26T18:00,37.87,138.94,102.9,19.215625,21.056169750000002,proxy,16.0,116.0,46.7,104.0,21.056169750000002
2025-05-26T19:00,37.87,138.94,21.8,14.981250000000001,4.534727000000001,proxy,14.3,24.0,10.1,23.0,4.534727000000001
2025-05-27T06:00,37.87,138.94,69.4,14.46875,14.464695000000003,proxy,12.3,83.0,53.6,73.0,14.464695000000003
2025-05-27T07:00,37.87,138.94,174.4,18.95,35.724096,proxy,13.5,198.0,119.1,153.0,35.724096
2025-05-27T08:00,37.87,138.94,296.0,24.25,59.377599999999994,proxy,15.0,321.0,154.0,235.0,59.377599999999994
2025-05-27T09:00,37.87,138.94,461.8,31.43125,89.98403900000001,proxy,17.0,488.0,269.5,295.0,89.98403900000001
2025-05-27T10:00,37.87,138.94,546.3,35.771874999999994,104.55225974999999,proxy,18.7,567.0,241.7,364.0,104.55225974999999
2025-05-27T11:00,37.87,138.94,702.6,42.056250000000006,130.93302300000002,proxy,20.1,716.0,371.0,374.0,130.93302300000002
2025-05-27T12:00,37.87,138.94,704.5,43.115625,130.69003375,proxy,21.1,718.0,310.6,421.0,130.69003375
2025-05-27T13:00,37.87,138.94,661.4,41.96875,123.301495,proxy,21.3,674.0,317.9,375.0,123.301495
2025-05-27T14:00,37.87,138.94,544.9,38.028125,103.30077975,proxy,21.0,559.0,308.3,289.0,103.30077975
2025-05-27T15:00,37.87,138.94,417.3,33.540625,80.60879775000001,proxy,20.5,436.0,298.7,207.0,80.60879775000001
2025-05-27T16:00,37.87,138.94,420.6,33.34375,81.312495,proxy,20.2,459.0,438.3,187.0,81.312495
2025-05-27T17:00,37.87,138.94,232.7,26.971874999999997,46.17291575,proxy,19.7,270.0,261.6,153.0,46.17291575
2025-05-27T18:00,37.87,138.94,99.7,22.415625000000002,20.14612975,proxy,19.3,141.0,228.0,82.0,20.14612975
2025-05-28T06:00,37.87,138.94,58.3,17.921875,11.99012375,proxy,16.1,105.0,239.5,60.0,11.99012375
2025-05-28T07:00,37.87,138.94,218.0,24.5125,43.685019999999994,proxy,17.7,290.0,512.0,96.0,43.685019999999994
2025-05-28T08:00,37.87,138.94,430.5,32.953125,83.36094375,proxy,19.5,493.0,690.2,107.0,83.36094375
2025-05-28T09:00,37.87,138.94,636.6,40.89375,119.22563100000002,proxy,21.0,674.0,765.9,125.0,119.22563100000002
2025-05-28T10:00,37.87,138.94,803.3,47.103125,146.45564775,proxy,22.0,816.0,806.4,138.0,146.45564775
2025-05-28T11:00,37.87,138.94,827.2,48.55,149.85555200000005,proxy,22.7,825.0,703.4,176.0,149.85555200000005
2025-05-28T12:00,37.87,138.94,781.9,47.334374999999994,142.40940175,proxy,22.9,775.0,612.3,189.0,142.40940175
2025-05-28T13:00,37.87,138.94,858.4,50.125,154.42616,proxy,23.3,849.0,755.3,138.0,154.42616
2025-05-28T14:00,37.87,138.94,731.3,46.253125,133.82607175,proxy,23.4,737.0,672.8,147.0,133.82607175
2025-05-28T15:00,37.87,138.94,640.2,43.00625,118.81791900000002,proxy,23.0,666.0,684.9,140.0,118.81791900000002
2025-05-28T16:00,37.87,138.94,511.6,38.1875,96.92262000000001,proxy,22.2,565.0,707.4,125.0,96.92262000000001
2025-05-28T17:00,37.87,138.94,268.9,29.903125,52.72523975,proxy,21.5,334.0,534.6,94.0,52.72523975
2025-05-28T18:00,37.87,138.94,95.6,23.3875,19.243324,proxy,20.4,162.0,387.5,61.0,19.243324
2025-05-29T06:00,37.87,138.94,68.6,17.24375,14.145663,proxy,15.1,87.0,79.3,72.0,14.145663
2025-05-29T07:00,37.87,138.94,192.3,22.009375,38.92007775000001,proxy,16.0,224.0,176.4,157.0,38.92007775000001
2025-05-29T08:00,37.87,138.94,383.4,29.881249999999998,75.18282299999998,proxy,17.9,428.0,403.5,202.0,75.18282299999998
2025-05-29T09:00,37.87,138.94,582.2,37.79375,110.48118300000002,proxy,19.6,617.0,581.1,200.0,110.48118300000002
2025-05-29T10:00,37.87,138.94,748.1,44.378125,138.02257975,proxy,21.0,766.0,623.9,241.0,138.02257975
2025-05-29T11:00,37.87,138.94,896.3,50.009375,161.32727774999998,proxy,22.0,896.0,747.3,206.0,161.32727774999998
2025-05-29T12:00,37.87,138.94,862.9,49.665625,155.55282575,proxy,22.7,853.0,715.2,168.0,155.55282575
2025-05-29T13:00,37.87,138.94,819.3,48.503125,148.45511175000001,proxy,22.9,813.0,698.4,155.0,148.45511175000001
2025-05-29T14:00,37.87,138.94,816.8,48.325,148.118512,proxy,22.8,824.0,755.2,161.0,148.118512
2025-05-29T15:00,37.87,138.94,672.2,43.40625,124.54185500000001,proxy,22.4,700.0,733.3,136.0,124.54185500000001
2025-05-29T16:00,37.87,138.94,490.8,37.3375,93.31580400000001,proxy,22.0,539.0,572.6,182.0,93.31580400000001
2025-05-29T17:00,37.87,138.94,274.1,29.465625,53.84077775000001,proxy,20.9,324.0,363.9,160.0,53.84077775000001
2025-05-29T18:00,37.87,138.94,102.3,22.996875,20.62393575,proxy,19.8,122.0,87.6,99.0,20.62393575
2025-05-30T06:00,37.87,138.94,40.7,18.471875,8.35255575,proxy,17.2,44.0,5.3,43.0,8.35255575
2025-05-30T07:00,37.87,138.94,76.7,19.796875,15.659263750000001,proxy,17.4,81.0,0.0,81.0,15.659263750000001
2025-05-30T08:00,37.87,138.94,162.1,23.165625000000002,32.65788175,proxy,18.1,172.0,12.5,165.0,32.65788175
2025-05-30T09:00,37.87,138.94,331.7,29.365625,65.18153775,proxy,19.0,351.0,117.0,267.0,65.18153775
2025-05-30T10:00,37.87,138.94,559.7,37.690625,106.25764575000001,proxy,20.2,581.0,274.3,350.0,106.25764575000001
2025-05-30T11:00,37.87,138.94,696.1,42.553125,129.44501575,proxy,20.8,710.0,382.0,357.0,129.44501575
2025-05-30T12:00,37.87,138.94,840.4,47.4625,152.978012,proxy,21.2,843.0,557.2,309.0,152.978012
2025-05-30T13:00,37.87,138.94,866.4,48.575,156.939696,proxy,21.5,867.0,653.2,251.0,156.939696
2025-05-30T14:00,37.87,138.94,807.9,47.346875,147.13676775000002,proxy,22.1,822.0,628.1,270.0,147.13676775000002
2025-05-30T15:00,37.87,138.94,514.5,37.878125,97.59936375000001,proxy,21.8,540.0,286.9,319.0,97.59936375000001
2025-05-30T16:00,37.87,138.94,201.1,27.984375,39.739873749999994,proxy,21.7,216.0,96.0,156.0,39.739873749999994
2025-05-30T17:00,37.87,138.94,137.6,25.3,27.486976,proxy,21.0,157.0,121.6,102.0,27.486976
2025-05-30T18:00,37.87,138.94,77.6,22.625,15.667440000000001,proxy,20.2,94.0,75.6,74.0,15.667440000000001
2025-05-30T19:00,37.87,138.94,21.8,19.68125,4.452759,proxy,19.0,26.0,29.3,23.0,4.452759
2025-05-31T06:00,37.87,138.94,38.9,18.215625,7.991129750000001,proxy,17.0,45.0,20.9,41.0,7.991129750000001
2025-05-31T07:00,37.87,138.94,116.2,21.731250000000003,23.543863,proxy,18.1,137.0,117.9,92.0,23.543863
2025-05-31T08:00,37.87,138.94,237.9,26.634375,47.26894575000001,proxy,19.2,264.0,211.9,145.0,47.26894575000001
2025-05-31T09:00,37.87,138.94,266.4,27.724999999999998,52.699248,proxy,19.4,282.0,93.2,215.0,52.699248
2025-05-31T10:00,37.87,138.94,424.2,33.45625,81.970287,proxy,20.2,442.0,170.9,298.0,81.970287
2025-05-31T11:00,37.87,138.94,297.4,29.09375,58.506015,proxy,19.8,313.0,18.4,296.0,58.506015
2025-05-31T12:00,37.87,138.94,332.1,29.878125,65.12397975,proxy,19.5,346.0,61.5,287.0,65.12397975
2025-05-31T13:00,37.87,138.94,230.6,26.20625,45.897471,proxy,19.0,242.0,23.3,220.0,45.897471
2025-05-31T14:00,37.87,138.94,267.1,26.746875,53.04672775000001,proxy,18.4,279.0,65.9,221.0,53.04672775000001
2025-05-31T15:00,37.87,138.94,221.9,24.334374999999998,44.49816175,proxy,17.4,234.0,41.5,202.0,44.49816175
2025-05-31T16:00,37.87,138.94,119.2,20.225,24.295344,proxy,16.5,127.0,27.1,110.0,24.295344
2025-05-31T17:00,37.87,138.94,46.4,17.45,9.560255999999999,proxy,16.0,49.0,0.0,49.0,9.560255999999999
2025-06-01T07:00,37.87,138.94,72.4,17.9625,14.887612,proxy,15.7,79.0,20.9,71.0,14.887612
2025-06-01T08:00,37.87,138.94,197.8,22.38125,39.974391000000004,proxy,16.2,218.0,147.6,135.0,39.974391000000004
2025-06-01T09:00,37.87,138.94,179.1,21.996875,36.25028775,proxy,16.4,190.0,97.3,120.0,36.25028775
2025-06-01T10:00,37.87,138.94,128.8,20.725,26.200496,proxy,16.7,135.0,32.0,108.0,26.200496
2025-06-01T11:00,37.87,138.94,246.4,24.7,49.339136,proxy,17.0,257.0,53.0,208.0,49.339136
2025-06-01T12:00,37.87,138.94,323.7,27.015625,64.21803375,proxy,16.9,334.0,103.2,235.0,64.21803375
2025-06-01T13:00,37.87,138.94,344.0,27.85,68.01568,proxy,17.1,355.0,118.6,243.0,68.01568
2025-06-01T14:00,37.87,138.94,478.4,31.849999999999998,93.058368,proxy,16.9,494.0,239.5,283.0,93.058368
2025-06-01T15:00,37.87,138.94,414.5,29.453125,81.42334375,proxy,16.5,435.0,279.5,219.0,81.42334375
2025-06-01T16:00,37.87,138.94,184.0,22.15,37.21952000000001,proxy,16.4,198.0,92.4,140.0,37.21952000000001
2025-06-01T17:00,37.87,138.94,111.6,19.6875,22.7943,proxy,16.2,125.0,72.4,92.0,22.7943
2025-06-01T18:00,37.87,138.94,67.2,18.1,13.810944000000003,proxy,16.0,89.0,111.9,59.0,13.810944000000003
2025-06-02T06:00,37.87,138.94,52.7,16.146875,10.913247750000002,proxy,14.5,77.0,114.0,55.0,10.913247750000002
2025-06-02T07:00,37.87,138.94,175.9,20.896875,35.75739175,proxy,15.4,209.0,188.0,137.0,35.75739175
2025-06-02T08:00,37.87,138.94,310.9,26.615624999999998,61.778161749999995,proxy,16.9,347.0,298.6,179.0,61.778161749999995
2025-06-02T09:00,37.87,138.94,519.4,34.43125,99.96112699999999,proxy,18.2,553.0,493.2,198.0,99.96112699999999
2025-06-02T10:00,37.87,138.94,649.3,39.790625,122.17715774999999,proxy,19.5,669.0,503.8,244.0,122.17715774999999
2025-06-02T11:00,37.87,138.94,774.5,44.503125,142.81586375,proxy,20.3,788.0,482.9,341.0,142.81586375
2025-06-02T12:00,37.87,138.94,855.4,47.93125,155.387687,proxy,21.2,860.0,568.6,314.0,155.387687
2025-06-02T13:00,37.87,138.94,850.5,48.078125,154.39764375000001,proxy,21.5,858.0,576.5,313.0,154.39764375000001
2025-06-02T14:00,37.87,138.94,718.1,43.840625,132.79643775,proxy,21.4,738.0,442.3,348.0,132.79643775
2025-06-02T15:00,37.87,138.94,573.2,38.8125,108.30614000000001,proxy,20.9,602.0,378.6,309.0,108.30614000000001
2025-06-02T16:00,37.87,138.94,320.1,30.303125,62.66197575000001,proxy,20.3,343.0,120.8,267.0,62.66197575000001
2025-06-02T17:00,37.87,138.94,182.9,25.215625,36.54844975,proxy,19.5,198.0,48.1,176.0,36.54844975
2025-06-02T18:00,37.87,138.94,72.7,20.971875,14.774275750000001,proxy,18.7,78.0,7.4,76.0,14.774275750000001
2025-06-03T06:00,37.87,138.94,61.8,18.331249999999997,12.689703,proxy,16.4,75.0,51.6,65.0,12.689703
2025-06-03T07:00,37.87,138.94,160.3,22.509375,32.37939775,proxy,17.5,191.0,174.6,124.0,32.37939775
2025-06-03T08:00,37.87,138.94,187.9,24.171875,37.70448375000001,proxy,18.3,203.0,71.0,163.0,37.70448375000001
2025-06-03T09:00,37.87,138.94,274.5,27.978125,54.24600375000001,proxy,19.4,291.0,94.4,223.0,54.24600375000001
2025-06-03T10:00,37.87,138.94,317.8,30.93125,62.052039,proxy,21.0,333.0,85.3,261.0,62.052039
2025-06-03T11:00,37.87,138.94,156.3,25.484375,31.199433750000004,proxy,20.6,165.0,2.2,163.0,31.199433750000004
2025-06-03T12:00,37.87,138.94,129.8,24.456249999999997,26.016463000000005,proxy,20.4,137.0,2.1,135.0,26.016463000000005
2025-06-03T13:00,37.87,138.94,75.7,21.665625000000002,15.34192975,proxy,19.3,80.0,0.0,80.0,15.34192975
2025-06-03T14:00,37.87,138.94,85.2,21.762500000000003,17.260668000000003,proxy,19.1,90.0,0.0,90.0,17.260668000000003
2025-06-03T15:00,37.87,138.94,106.0,22.6125,21.40246,proxy,19.3,112.0,1.3,111.0,21.40246
2025-06-03T16:00,37.87,138.94,53.9,20.984375,10.953153750000002,proxy,19.3,57.0,0.0,57.0,10.953153750000002
2025-06-03T17:00,37.87,138.94,62.7,21.159375,12.73264575,proxy,19.2,68.0,17.4,60.0,12.73264575
2025-06-03T18:00,37.87,138.94,28.4,20.287499999999998,5.787068,proxy,19.4,30.0,0.0,30.0,5.787068
2025-06-04T07:00,37.87,138.94,53.0,20.15625,10.805375,proxy,18.5,56.0,0.0,56.0,10.805375
2025-06-04T08:00,37.87,138.94,128.3,22.909374999999997,25.874581750000004,proxy,18.9,136.0,7.1,132.0,25.874581750000004
2025-06-04T09:00,37.87,138.94,294.1,28.590625,57.975197750000014,proxy,19.4,312.0,118.0,227.0,57.975197750000014
2025-06-04T10:00,37.87,138.94,485.4,34.96875,93.208935,proxy,19.8,502.0,344.7,211.0,93.208935
2025-06-04T11:00,37.87,138.94,615.5,39.634375,115.89403375,proxy,20.4,625.0,418.8,237.0,115.89403375
2025-06-04T12:00,37.87,138.94,717.7,43.228125000000006,133.07413975,proxy,20.8,721.0,499.3,241.0,133.07413975
2025-06-04T13:00,37.87,138.94,812.2,46.78125,148.287415,proxy,21.4,816.0,616.9,232.0,148.287415
2025-06-04T14:00,37.87,138.94,746.3,45.221875,137.18673174999998,proxy,21.9,760.0,636.1,198.0,137.18673174999998
2025-06-04T15:00,37.87,138.94,509.8,37.63125,96.808471,proxy,21.7,535.0,472.9,168.0,96.808471
2025-06-04T16:00,37.87,138.94,474.2,36.31875,90.546119,proxy,21.5,528.0,647.5,119.0,90.546119
2025-06-04T17:00,37.87,138.94,278.1,29.690625,54.57642975,proxy,21.0,347.0,532.4,102.0,54.57642975
2025-06-04T18:00,37.87,138.94,100.2,23.53125,20.157735000000006,proxy,20.4,162.0,344.0,68.0,20.157735000000006
2025-06-05T06:00,37.87,138.94,50.7,18.084375,10.42049775,proxy,16.5,118.0,338.5,52.0,10.42049775
2025-06-05T07:00,37.87,138.94,219.0,25.04375,43.792335,proxy,18.2,301.0,551.3,89.0,43.792335
2025-06-05T08:00,37.87,138.94,424.4,33.3625,82.040764,proxy,20.1,492.0,666.8,116.0,82.040764
2025-06-05T09:00,37.87,138.94,635.6,41.3625,118.79999600000001,proxy,21.5,681.0,774.1,123.0,118.79999600000001
2025-06-05T10:00,37.87,138.94,804.2,47.13125,146.60163900000003,proxy,22.0,825.0,817.0,135.0,146.60163900000003
2025-06-05T11:00,37.87,138.94,891.7,49.965625,160.53052175000005,proxy,22.1,894.0,810.3,143.0,160.53052175000005
2025-06-05T12:00,37.87,138.94,786.4,46.575,143.706736,proxy,22.0,783.0,649.8,158.0,143.706736
2025-06-05T13:00,37.87,138.94,825.8,47.80625,150.093279,proxy,22.0,827.0,675.5,187.0,150.093279
2025-06-05T14:00,37.87,138.94,843.9,48.671875,152.79864375,proxy,22.3,856.0,811.9,138.0,152.79864375
2025-06-05T15:00,37.87,138.94,701.5,44.121875,129.56880375,proxy,22.2,736.0,768.2,139.0,129.56880375
2025-06-05T16:00,37.87,138.94,507.6,38.0625,96.21558,proxy,22.2,566.0,701.5,122.0,96.21558
2025-06-05T17:00,37.87,138.94,308.5,31.540625,60.08577375,proxy,21.9,390.0,636.9,96.0,60.08577375
2025-06-05T18:00,37.87,138.94,114.2,24.76875,22.861127000000003,proxy,21.2,197.0,465.6,69.0,22.861127000000003
2025-06-05T19:00,37.87,138.94,23.0,19.71875,4.6971750000000005,proxy,19.0,44.0,185.8,24.0,4.6971750000000005
2025-06-06T06:00,37.87,138.94,70.3,16.896874999999998,14.51571975,proxy,14.7,89.0,76.7,74.0,14.51571975
2025-06-06T07:00,37.87,138.94,168.8,20.675,34.34404800000001,proxy,15.4,187.0,67.5,161.0,34.34404800000001
2025-06-06T08:00,37.87,138.94,326.0,28.1875,64.3687,proxy,18.0,356.0,173.7,258.0,64.3687
2025-06-06T09:00,37.87,138.94,514.4,37.175,97.869744,proxy,21.1,548.0,342.6,301.0,97.869744
2025-06-06T10:00,37.87,138.94,695.9,45.546875,127.74114375,proxy,23.8,721.0,488.8,308.0,127.74114375
2025-06-06T11:00,37.87,138.94,800.6,50.51875,143.775751,proxy,25.5,814.0,546.8,307.0,143.775751
2025-06-06T12:00,37.87,138.94,870.0,53.7875,153.9639,proxy,26.6,875.0,607.9,290.0,153.9639
2025-06-06T13:00,37.87,138.94,862.4,53.95,152.50681600000001,proxy,27.0,870.0,620.2,282.0,152.50681600000001
2025-06-06T14:00,37.87,138.94,718.3,49.446875,129.61184774999998,proxy,27.0,739.0,462.0,330.0,129.61184774999998
2025-06-06T15:00,37.87,138.94,551.0,44.01875,101.816535,proxy,26.8,580.0,357.3,302.0,101.816535
2025-06-06T16:00,37.87,138.94,383.0,38.66875,72.411895,proxy,26.7,415.0,239.7,263.0,72.411895
2025-06-06T17:00,37.87,138.94,193.0,31.93125,37.529815,proxy,25.9,207.0,30.2,193.0,37.529815
2025-06-06T18:00,37.87,138.94,102.8,27.912499999999998,20.320476000000003,proxy,24.7,117.0,50.6,103.0,20.320476000000003
2025-06-06T19:00,37.87,138.94,26.5,22.728125,5.34816375,proxy,21.9,28.0,0.0,28.0,5.34816375
2025-06-07T06:00,37.87,138.94,65.0,21.03125,13.206375000000001,proxy,19.0,106.0,194.0,68.0,13.206375000000001
2025-06-07T07:00,37.87,138.94,214.3,27.396875,42.44907975000001,proxy,20.7,285.0,456.9,109.0,42.44907975000001
2025-06-07T08:00,37.87,138.94,417.9,36.359375,79.78233374999999,proxy,23.3,486.0,659.1,114.0,79.78233374999999
2025-06-07T09:00,37.87,138.94,624.8,45.025,114.950704,proxy,25.5,671.0,759.8,123.0,114.950704
2025-06-07T10:00,37.87,138.94,784.9,51.628125,140.25966775,proxy,27.1,807.0,790.5,139.0,140.25966775
2025-06-07T11:00,37.87,138.94,912.4,56.2125,159.697372,proxy,27.7,916.0,836.7,140.0,159.697372
2025-06-07T12:00,37.87,138.94,948.2,57.63125,164.88723900000002,proxy,28.0,943.0,818.5,155.0,164.88723900000002
2025-06-07T13:00,37.87,138.94,931.4,57.30625,162.207967,proxy,28.2,931.0,810.7,162.0,162.207967
2025-06-07T14:00,37.87,138.94,798.7,53.159375,141.74728575,proxy,28.2,816.0,659.2,232.0,141.74728575
2025-06-07T15:00,37.87,138.94,640.8,47.724999999999994,116.510256,proxy,27.7,674.0,575.0,226.0,116.510256
2025-06-07T16:00,37.87,138.94,474.2,41.81875,88.45963900000001,proxy,27.0,524.0,525.7,190.0,88.45963900000001
2025-06-07T17:00,37.87,138.94,296.0,35.25,56.772800000000004,proxy,26.0,368.0,542.5,116.0,56.772800000000004
2025-06-07T18:00,37.87,138.94,117.4,28.16875,23.182391000000003,proxy,24.5,184.0,363.2,83.0,23.182391000000003
2025-06-07T19:00,37.87,138.94,27.6,22.8625,5.567196000000001,proxy,22.0,43.0,128.2,29.0,5.567196000000001
2025-06-08T06:00,37.87,138.94,68.4,19.9375,13.957020000000004,proxy,17.8,93.0,107.0,72.0,13.957020000000004
2025-06-08T07:00,37.87,138.94,180.0,24.125,36.126000000000005,proxy,18.5,209.0,145.3,153.0,36.126000000000005
2025-06-08T08:00,37.87,138.94,330.8,30.737499999999997,64.64162800000001,proxy,20.4,364.0,210.8,245.0,64.64162800000001
2025-06-08T09:00,37.87,138.94,492.6,37.29375,93.67527900000002,proxy,21.9,525.0,295.3,312.0,93.67527900000002
2025-06-08T10:00,37.87,138.94,568.1,41.253125,106.23327975,proxy,23.5,593.0,267.4,367.0,106.23327975
2025-06-08T11:00,37.87,138.94,630.8,44.412499999999994,116.363676,proxy,24.7,652.0,257.6,413.0,116.363676
2025-06-08T12:00,37.87,138.94,718.5,47.853125,130.56402375000002,proxy,25.4,734.0,355.1,392.0,130.56402375000002
2025-06-08T13:00,37.87,138.94,742.5,48.703125,134.42034375,proxy,25.5,758.0,409.8,369.0,134.42034375
2025-06-08T14:00,37.87,138.94,761.6,49.6,137.331712,proxy,25.8,781.0,571.8,274.0,137.331712
2025-06-08T15:00,37.87,138.94,666.2,46.21875,121.93125500000001,proxy,25.4,701.0,635.8,205.0,121.93125500000001
2025-06-08T16:00,37.87,138.94,433.4,38.54375,81.98411100000001,proxy,25.0,476.0,406.9,217.0,81.98411100000001
2025-06-08T17:00,37.87,138.94,269.6,33.025000000000006,52.18916800000001,proxy,24.6,318.0,324.2,167.0,52.18916800000001
2025-06-08T18:00,37.87,138.94,116.7,27.046875,23.148903750000002,proxy,23.4,163.0,239.6,96.0,23.148903750000002
2025-06-08T19:00,37.87,138.94,25.8,22.80625,5.205279,proxy,22.0,46.0,172.8,27.0,5.205279
2025-06-09T06:00,37.87,138.94,51.1,18.896875,10.46949575,proxy,17.3,120.0,341.0,53.0,10.46949575
2025-06-09T07:00,37.87,138.94,217.5,25.796875,43.361343749999996,proxy,19.0,303.0,562.8,86.0,43.361343749999996
2025-06-09T08:00,37.87,138.94,414.9,34.665625,79.77178575,proxy,21.7,485.0,671.2,106.0,79.77178575
2025-06-09T09:00,37.87,138.94,599.1,42.721875,111.32625975,proxy,24.0,644.0,679.2,154.0,111.32625975
2025-06-09T10:00,37.87,138.94,777.3,49.890625,139.98201375000002,proxy,25.6,801.0,772.5,148.0,139.98201375000002
2025-06-09T11:00,37.87,138.94,916.0,55.425,160.90456,proxy,26.8,921.0,842.8,139.0,160.90456
2025-06-09T12:00,37.87,138.94,919.6,56.0375,161.08633200000003,proxy,27.3,919.0,749.4,197.0,161.08633200000003
2025-06-09T13:00,37.87,138.94,878.7,54.959375,154.67975775,proxy,27.5,883.0,709.7,209.0,154.67975775
2025-06-09T14:00,37.87,138.94,629.7,46.478125000000006,115.12017975,proxy,26.8,649.0,400.0,294.0,115.12017975
2025-06-09T15:00,37.87,138.94,360.2,36.65625,68.681135,proxy,25.4,380.0,151.1,262.0,68.681135
2025-06-09T16:00,37.87,138.94,326.4,35.0,62.6688,proxy,24.8,352.0,158.4,251.0,62.6688
2025-06-09T17:00,37.87,138.94,174.4,29.75,34.21728,proxy,24.3,188.0,36.4,171.0,34.21728
2025-06-09T18:00,37.87,138.94,75.2,25.950000000000003,14.982848,proxy,23.6,80.0,3.6,79.0,14.982848
2025-06-10T06:00,37.87,138.94,67.6,21.712500000000002,13.697788,proxy,19.6,98.0,137.3,71.0,13.697788
2025-06-10T07:00,37.87,138.94,200.6,27.46875,39.72381500000001,proxy,21.2,248.0,274.8,142.0,39.72381500000001
2025-06-10T08:00,37.87,138.94,365.1,34.509375000000006,70.24250175,proxy,23.1,412.0,373.7,201.0,70.24250175
2025-06-10T09:00,37.87,138.94,548.2,41.53125,102.39005500000002,proxy,24.4,588.0,517.0,215.0,102.39005500000002
2025-06-10T10:00,37.87,138.94,709.9,47.284375,129.32425775,proxy,25.1,735.0,591.4,235.0,129.32425775
2025-06-10T11:00,37.87,138.94,698.6,47.23125,127.29539899999999,proxy,25.4,715.0,422.4,323.0,127.29539899999999
2025-06-10T12:00,37.87,138.94,403.4,37.70625,76.57943900000001,proxy,25.1,418.0,119.3,303.0,76.57943900000001
2025-06-10T13:00,37.87,138.94,339.0,35.29375,65.008335,proxy,24.7,354.0,66.3,291.0,65.008335
2025-06-10T14:00,37.87,138.94,255.7,32.290625,49.648629750000005,proxy,24.3,269.0,28.1,244.0,49.648629750000005
2025-06-10T15:00,37.87,138.94,216.7,30.771875,42.33938775,proxy,24.0,229.0,3.8,226.0,42.33938775
2025-06-10T16:00,37.87,138.94,85.2,25.5625,17.001660000000005,proxy,22.9,90.0,0.0,90.0,17.001660000000005
2025-06-10T17:00,37.87,138.94,122.5,26.228125,24.37964375,proxy,22.4,133.0,34.2,117.0,24.37964375
2025-06-10T18:00,37.87,138.94,50.0,23.8625,10.0455,proxy,22.3,57.0,24.8,50.0,10.0455
2025-06-11T06:00,37.87,138.94,30.3,22.346874999999997,6.12431175,proxy,21.4,33.0,5.1,32.0,6.12431175
2025-06-11T07:00,37.87,138.94,124.1,25.878125,24.73281975,proxy,22.0,140.0,67.4,114.0,24.73281975
2025-06-11T08:00,37.87,138.94,152.7,26.971874999999997,30.299115750000002,proxy,22.2,165.0,51.4,136.0,30.299115750000002
2025-06-11T09:00,37.87,138.94,138.1,26.615625,27.44150575,proxy,22.3,146.0,4.2,143.0,27.44150575
2025-06-11T10:00,37.87,138.94,222.8,29.862499999999997,43.693308,proxy,22.9,235.0,18.9,219.0,43.693308
2025-06-11T11:00,37.87,138.94,396.4,36.1875,75.73222,proxy,23.8,416.0,52.8,367.0,75.73222
2025-06-11T12:00,37.87,138.94,331.4,34.05625,63.879007,proxy,23.7,348.0,32.2,317.0,63.879007
2025-06-11T13:00,37.87,138.94,314.2,33.61875,60.673591,proxy,23.8,328.0,63.1,268.0,60.673591
2025-06-11T14:00,37.87,138.94,385.2,35.7375,73.731132,proxy,23.7,402.0,127.1,289.0,73.731132
2025-06-11T15:00,37.87,138.94,315.5,32.959375,61.09105375,proxy,23.1,333.0,134.1,228.0,61.09105375
2025-06-11T16:00,37.87,138.94,210.2,29.46875,41.288535,proxy,22.9,226.0,84.4,172.0,41.288535
2025-06-11T17:00,37.87,138.94,149.8,27.28125,29.686615000000003,proxy,22.6,168.0,93.7,124.0,29.686615000000003
2025-06-11T18:00,37.87,138.94,62.2,23.84375,12.497535000000003,proxy,21.9,71.0,31.7,62.0,12.497535000000003
2025-06-12T06:00,37.87,138.94,59.1,20.746875,12.021087750000001,proxy,18.9,90.0,142.2,62.0,12.021087750000001
2025-06-12T07:00,37.87,138.94,173.8,25.63125,34.672231000000004,proxy,20.2,207.0,176.3,139.0,34.672231000000004
2025-06-12T08:00,37.87,138.94,339.3,31.803125,66.01335975,proxy,21.2,387.0,396.8,163.0,66.01335975
2025-06-12T09:00,37.87,138.94,467.6,36.4125,89.25081200000001,proxy,21.8,500.0,321.6,268.0,89.25081200000001
2025-06-12T10:00,37.87,138.94,508.4,37.4875,96.60108400000001,proxy,21.6,531.0,259.0,312.0,96.60108400000001
2025-06-12T11:00,37.87,138.94,586.2,40.118750000000006,110.149911,proxy,21.8,607.0,231.6,392.0,110.149911
2025-06-12T12:00,37.87,138.94,591.6,40.587500000000006,110.94274800000001,proxy,22.1,608.0,250.9,366.0,110.94274800000001
2025-06-12T13:00,37.87,138.94,644.0,42.625,119.71960000000001,proxy,22.5,662.0,296.5,380.0,119.71960000000001
2025-06-12T14:00,37.87,138.94,563.2,40.3,105.74643200000001,proxy,22.7,582.0,332.8,286.0,105.74643200000001
2025-06-12T15:00,37.87,138.94,653.5,43.321875,121.12132375000002,proxy,22.9,689.0,601.1,218.0,121.12132375000002
2025-06-12T16:00,37.87,138.94,422.8,36.0125,80.835132,proxy,22.8,464.0,374.6,224.0,80.835132
2025-06-12T17:00,37.87,138.94,285.4,31.318749999999998,55.637303,proxy,22.4,344.0,407.9,152.0,55.637303
2025-06-12T18:00,37.87,138.94,123.3,25.253124999999997,24.63503175,proxy,21.4,173.0,256.1,100.0,24.63503175
2025-06-12T19:00,37.87,138.94,28.5,20.490625,5.802813749999999,proxy,19.6,39.0,79.9,30.0,5.802813749999999
2025-06-13T06:00,37.87,138.94,64.0,17.6,13.178880000000001,proxy,15.6,108.0,208.3,67.0,13.178880000000001
2025-06-13T07:00,37.87,138.94,203.7,23.365625,41.00633775000001,proxy,17.0,265.0,373.5,121.0,41.00633775000001
2025-06-13T08:00,37.87,138.94,419.1,32.596875,81.27291975,proxy,19.5,490.0,650.2,123.0,81.27291975
2025-06-13T09:00,37.87,138.94,628.9,41.053124999999994,117.70335175,proxy,21.4,679.0,757.0,133.0,117.70335175
2025-06-13T10:00,37.87,138.94,810.6,48.33125,146.990151,proxy,23.0,837.0,837.5,129.0,146.990151
2025-06-13T11:00,37.87,138.94,940.3,53.584374999999994,166.55768975,proxy,24.2,947.0,882.2,128.0,166.55768975
2025-06-13T12:00,37.87,138.94,987.7,55.265625,173.62531375000003,proxy,24.4,984.0,881.2,134.0,173.62531375000003
2025-06-13T13:00,37.87,138.94,940.7,53.696875000000006,166.54387975,proxy,24.3,942.0,841.9,141.0,166.54387975
2025-06-13T14:00,37.87,138.94,873.0,51.38125,156.17533500000002,proxy,24.1,889.0,860.7,123.0,156.17533500000002
2025-06-13T15:00,37.87,138.94,720.9,46.628125,131.70662775,proxy,24.1,760.0,804.5,129.0,131.70662775
2025-06-13T16:00,37.87,138.94,479.6,38.587500000000006,90.70674800000002,proxy,23.6,532.0,543.9,183.0,90.70674800000002
2025-06-13T17:00,37.87,138.94,311.7,32.740625,60.40979775,proxy,23.0,394.0,621.1,101.0,60.40979775
2025-06-13T18:00,37.87,138.94,122.9,25.840625,24.49734975,proxy,22.0,204.0,443.8,77.0,24.49734975
2025-06-13T19:00,37.87,138.94,32.4,21.912499999999998,6.560028000000001,proxy,20.9,47.0,114.8,34.0,6.560028000000001
2025-06-14T06:00,37.87,138.94,49.2,21.637500000000003,9.972348000000002,proxy,20.1,52.0,0.0,52.0,9.972348000000002
2025-06-14T07:00,37.87,138.94,118.6,24.60625,23.757359,proxy,20.9,126.0,5.2,124.0,23.757359
2025-06-14T08:00,37.87,138.94,142.3,25.946875,28.352207750000005,proxy,21.5,151.0,8.9,146.0,28.352207750000005
2025-06-14T09:00,37.87,138.94,172.1,27.078125,34.13388375,proxy,21.7,182.0,8.3,176.0,34.13388375
2025-06-14T10:00,37.87,138.94,216.9,28.778125,42.72441975,proxy,22.0,229.0,8.3,222.0,42.72441975
2025-06-14T11:00,37.87,138.94,151.6,26.5375,30.133532,proxy,21.8,160.0,4.3,156.0,30.133532
2025-06-14T12:00,37.87,138.94,217.8,28.50625,42.949071,proxy,21.7,229.0,16.6,213.0,42.949071
2025-06-14T13:00,37.87,138.94,184.9,27.078125,36.67260375000001,proxy,21.3,195.0,5.3,190.0,36.67260375000001
2025-06-14T14:00,37.87,138.94,131.6,25.5125,26.266044,proxy,21.4,139.0,1.1,138.0,26.266044
2025-06-14T15:00,37.87,138.94,107.9,25.071875,21.573795750000002,proxy,21.7,114.0,0.0,114.0,21.573795750000002
2025-06-14T16:00,37.87,138.94,92.7,24.796875,18.555063750000006,proxy,21.9,98.0,1.6,97.0,18.555063750000006
2025-06-14T17:00,37.87,138.94,38.8,23.2125,7.815484,proxy,22.0,41.0,0.0,41.0,7.815484
2025-06-15T07:00,37.87,138.94,30.3,22.346874999999997,6.12431175,proxy,21.4,32.0,0.0,32.0,6.12431175
2025-06-15T08:00,37.87,138.94,70.7,24.209375,14.18471775,proxy,22.0,75.0,3.5,73.0,14.18471775
2025-06-15T09:00,37.87,138.94,120.1,26.453125,23.88038375,proxy,22.7,127.0,5.5,123.0,23.88038375
2025-06-15T10:00,37.87,138.94,182.0,29.0875,35.80486,proxy,23.4,191.0,58.0,142.0,35.80486
2025-06-15T11:00,37.87,138.94,254.8,31.762500000000003,49.58153200000001,proxy,23.8,266.0,62.5,208.0,49.58153200000001
2025-06-15T12:00,37.87,138.94,327.0,34.61875,62.883735,proxy,24.4,344.0,22.8,322.0,62.883735
2025-06-15T13:00,37.87,138.94,309.3,34.265625,59.567313750000004,proxy,24.6,322.0,78.8,247.0,59.567313750000004
2025-06-15T14:00,37.87,138.94,358.7,35.609375,68.69553375,proxy,24.4,375.0,104.4,282.0,68.69553375
2025-06-15T15:00,37.87,138.94,254.7,31.859375,49.54233375,proxy,23.9,269.0,70.0,214.0,49.54233375
2025-06-15T16:00,37.87,138.94,139.4,27.65625,27.583775000000003,proxy,23.3,148.0,14.0,139.0,27.583775000000003
2025-06-15T17:00,37.87,138.94,86.9,25.415625,17.351105750000002,proxy,22.7,92.0,2.1,91.0,17.351105750000002
2025-06-15T18:00,37.87,138.94,39.7,23.640625,7.9831737500000015,proxy,22.4,46.0,24.3,39.0,7.9831737500000015
2025-06-16T06:00,37.87,138.94,59.7,22.665625000000002,12.051489750000002,proxy,20.8,72.0,45.8,63.0,12.051489750000002
2025-06-16T07:00,37.87,138.94,160.0,27.1,31.7312,proxy,22.1,189.0,148.1,132.0,31.7312
2025-06-16T08:00,37.87,138.94,372.5,35.740625,71.29929375,proxy,24.1,429.0,477.1,160.0,71.29929375
2025-06-16T09:00,37.87,138.94,565.4,43.66875,104.635751,proxy,26.0,609.0,555.0,209.0,104.635751
2025-06-16T10:00,37.87,138.94,731.9,49.971875,131.75846775,proxy,27.1,759.0,659.1,202.0,131.75846775
2025-06-16T11:00,37.87,138.94,693.8,49.48125,125.17192699999998,proxy,27.8,708.0,489.0,254.0,125.17192699999998
2025-06-16T12:00,37.87,138.94,399.7,39.290625,75.37042975,proxy,26.8,411.0,169.9,247.0,75.37042975
2025-06-16T13:00,37.87,138.94,274.3,34.271875,52.82537975,proxy,25.7,289.0,13.6,276.0,52.82537975
2025-06-16T14:00,37.87,138.94,316.0,35.675,60.501360000000005,proxy,25.8,328.0,154.8,190.0,60.501360000000005
2025-06-16T15:00,37.87,138.94,419.7,39.615625,79.03265775,proxy,26.5,443.0,305.2,203.0,79.03265775
2025-06-16T16:00,37.87,138.94,330.8,37.6375,62.81561200000001,proxy,27.3,366.0,349.3,141.0,62.81561200000001
2025-06-16T17:00,37.87,138.94,211.4,34.00625,40.756863,proxy,27.4,256.0,311.9,108.0,40.756863
2025-06-16T18:00,37.87,138.94,78.5,29.653125,15.40778375,proxy,27.2,109.0,155.6,64.0,15.40778375
2025-06-16T19:00,37.87,138.94,23.9,27.446875,4.73321575,proxy,26.7,43.0,156.8,25.0,4.73321575
2025-06-17T06:00,37.87,138.94,33.4,23.54375,6.718910999999999,proxy,22.5,58.0,117.3,35.0,6.718910999999999
2025-06-17T07:00,37.87,138.94,136.7,27.471874999999997,27.069675750000002,proxy,23.2,174.0,218.4,90.0,27.069675750000002
2025-06-17T08:00,37.87,138.94,282.4,33.125,54.6444,proxy,24.3,320.0,289.3,157.0,54.6444
2025-06-17T09:00,37.87,138.94,424.8,38.875,80.24472000000002,proxy,25.6,457.0,383.1,181.0,80.24472000000002
2025-06-17T10:00,37.87,138.94,721.6,49.55,130.14777600000002,proxy,27.0,748.0,675.8,177.0,130.14777600000002
2025-06-17T11:00,37.87,138.94,827.5,53.659375,146.52749375000002,proxy,27.8,839.0,694.8,194.0,146.52749375000002
2025-06-17T12:00,37.87,138.94,888.0,56.05,155.54208000000003,proxy,28.3,889.0,745.0,170.0,155.54208000000003
2025-06-17T13:00,37.87,138.94,784.2,52.90625,139.33273500000004,proxy,28.4,794.0,572.1,249.0,139.33273500000004
2025-06-17T14:00,37.87,138.94,771.4,52.80625,137.120207,proxy,28.7,790.0,664.9,197.0,137.120207
2025-06-17T15:00,37.87,138.94,565.5,46.271875,103.47660375000001,proxy,28.6,597.0,428.3,260.0,103.47660375000001
2025-06-17T16:00,37.87,138.94,469.1,43.459375,86.89256575,proxy,28.8,525.0,621.9,124.0,86.89256575
2025-06-17T17:00,37.87,138.94,313.0,37.78125,59.399575000000006,proxy,28.0,397.0,633.2,96.0,59.399575000000006
2025-06-17T18:00,37.87,138.94,112.5,30.715625,21.98559375,proxy,27.2,187.0,406.7,69.0,21.98559375
2025-06-17T19:00,37.87,138.94,23.9,26.446875,4.75233575,proxy,25.7,45.0,173.6,25.0,4.75233575
2025-06-18T06:00,37.87,138.94,50.2,23.26875,10.109527000000002,proxy,21.7,124.0,367.8,52.0,10.109527000000002
2025-06-18T07:00,37.87,138.94,217.8,30.50625,42.600591,proxy,23.7,311.0,596.0,82.0,42.600591
2025-06-18T08:00,37.87,138.94,408.1,38.553125,77.19517575,proxy,25.8,482.0,676.7,101.0,77.19517575
2025-06-18T09:00,37.87,138.94,619.3,47.353125,112.78536774999999,proxy,28.0,671.0,766.5,119.0,112.78536774999999
2025-06-18T10:00,37.87,138.94,783.6,54.4875,138.234876,proxy,30.0,811.0,807.4,129.0,138.234876
2025-06-18T11:00,37.87,138.94,896.3,58.709374999999994,155.08902975,proxy,30.7,905.0,829.5,135.0,155.08902975
2025-06-18T12:00,37.87,138.94,953.6,61.2,163.103744,proxy,31.4,952.0,844.4,137.0,163.103744
2025-06-18T13:00,37.87,138.94,935.6,60.7375,160.371196,proxy,31.5,938.0,839.5,138.0,160.371196
2025-06-18T14:00,37.87,138.94,820.3,56.834374999999994,143.16900975000001,proxy,31.2,837.0,792.4,130.0,143.16900975000001
2025-06-18T15:00,37.87,138.94,704.1,52.703125,125.21538375000002,proxy,30.7,743.0,784.8,125.0,125.21538375000002
2025-06-18T16:00,37.87,138.94,524.5,46.590625,95.84057375,proxy,30.2,589.0,739.0,112.0,95.84057375
2025-06-18T17:00,37.87,138.94,313.7,39.103125,59.200679750000006,proxy,29.3,398.0,636.3,95.0,59.200679750000006
2025-06-18T18:00,37.87,138.94,113.2,31.337500000000002,22.066076000000002,proxy,27.8,191.0,426.2,67.0,22.066076000000002
2025-06-18T19:00,37.87,138.94,26.8,25.3375,5.3527640000000005,proxy,24.5,53.0,216.2,28.0,5.3527640000000005
2025-06-19T06:00,37.87,138.94,51.0,24.59375,10.216575,proxy,23.0,113.0,307.3,53.0,10.216575
2025-06-19T07:00,37.87,138.94,168.7,28.871875000000003,33.21745175,proxy,23.6,230.0,380.5,84.0,33.21745175
2025-06-19T08:00,37.87,138.94,400.4,37.8125,75.9759,proxy,25.3,472.0,648.8,107.0,75.9759
2025-06-19T09:00,37.87,138.94,598.2,45.69375,109.736799,proxy,27.0,648.0,726.7,125.0,109.736799
2025-06-19T10:00,37.87,138.94,723.0,50.89375,129.623055,proxy,28.3,749.0,717.7,143.0,129.623055
2025-06-19T11:00,37.87,138.94,890.8,57.1375,155.257532,proxy,29.3,900.0,818.8,140.0,155.257532
2025-06-19T12:00,37.87,138.94,954.1,59.615625,164.39858575000002,proxy,29.8,953.0,838.2,144.0,164.39858575000002
2025-06-19T13:00,37.87,138.94,819.6,55.6125,143.84799600000002,proxy,30.0,824.0,697.7,159.0,143.84799600000002
2025-06-19T14:00,37.87,138.94,779.8,54.66875,137.451447,proxy,30.3,797.0,717.0,157.0,137.451447
2025-06-19T15:00,37.87,138.94,604.5,48.790625,109.39485375,proxy,29.9,638.0,552.1,203.0,109.39485375
2025-06-19T16:00,37.87,138.94,415.2,41.875,77.43480000000001,proxy,28.9,464.0,537.0,117.0,77.43480000000001
2025-06-19T17:00,37.87,138.94,293.1,37.259375000000006,55.74542175,proxy,28.1,366.0,538.9,109.0,55.74542175
2025-06-19T18:00,37.87,138.94,119.6,30.9375,23.3519,proxy,27.2,186.0,356.4,82.0,23.3519
2025-06-19T19:00,37.87,138.94,23.0,26.31875,4.575735000000001,proxy,25.6,42.0,155.1,24.0,4.575735000000001
2025-06-20T06:00,37.87,138.94,53.7,23.578125,10.801083750000002,proxy,21.9,110.0,277.4,56.0,10.801083750000002
2025-06-20T07:00,37.87,138.94,203.8,29.96875,39.949895000000005,proxy,23.6,284.0,503.7,91.0,39.949895000000005
2025-06-20T08:00,37.87,138.94,401.0,37.63125,76.147895,proxy,25.1,473.0,651.2,107.0,76.147895
2025-06-20T09:00,37.87,138.94,595.3,45.303124999999994,109.39083975,proxy,26.7,645.0,720.2,127.0,109.39083975
2025-06-20T10:00,37.87,138.94,735.4,51.18125,131.67704700000002,proxy,28.2,762.0,731.0,145.0,131.67704700000002
2025-06-20T11:00,37.87,138.94,859.0,56.14375,150.39801500000002,proxy,29.3,868.0,788.8,136.0,150.39801500000002
2025-06-20T12:00,37.87,138.94,861.9,56.734375,150.49851375,proxy,29.8,862.0,741.8,146.0,150.49851375
2025-06-20T13:00,37.87,138.94,845.2,56.5125,147.73250800000002,proxy,30.1,849.0,732.2,151.0,147.73250800000002
2025-06-20T14:00,37.87,138.94,685.5,51.021875,122.82960374999999,proxy,29.6,701.0,621.5,146.0,122.82960374999999
2025-06-20T15:00,37.87,138.94,510.7,45.259375,93.86282975,proxy,29.3,539.0,460.4,176.0,93.86282975
2025-06-20T16:00,37.87,138.94,436.4,42.9375,81.01766,proxy,29.3,483.0,466.9,181.0,81.01766
2025-06-20T17:00,37.87,138.94,241.2,36.1375,46.090908000000006,proxy,28.6,283.0,270.1,154.0,46.090908000000006
2025-06-20T18:00,37.87,138.94,111.3,31.578125,21.67428375,proxy,28.1,149.0,188.0,94.0,21.67428375
2025-06-20T19:00,37.87,138.94,29.4,27.318749999999998,5.825463,proxy,26.4,37.0,51.5,31.0,5.825463
2025-06-21T06:00,37.87,138.94,55.7,25.940625,11.098085750000001,proxy,24.2,118.0,309.2,58.0,11.098085750000001
2025-06-21T07:00,37.87,138.94,209.5,32.546875,40.635143750000005,proxy,26.0,291.0,509.8,96.0,40.635143750000005
2025-06-21T08:00,37.87,138.94,403.4,40.506249999999994,75.67582300000001,proxy,27.9,474.0,628.7,121.0,75.67582300000001
2025-06-21T09:00,37.87,138.94,591.2,47.775000000000006,107.468336,proxy,29.3,640.0,684.5,148.0,107.468336
2025-06-21T10:00,37.87,138.94,758.5,54.503125,133.79750375000003,proxy,30.8,786.0,757.4,147.0,133.79750375000003
2025-06-21T11:00,37.87,138.94,876.8,58.9,151.58118400000004,proxy,31.5,887.0,785.8,158.0,151.58118400000004
2025-06-21T12:00,37.87,138.94,900.4,60.2375,154.697724,proxy,32.1,901.0,767.7,160.0,154.697724
2025-06-21T13:00,37.87,138.94,902.5,60.403125,154.93894375,proxy,32.2,907.0,774.1,169.0,154.93894375
2025-06-21T14:00,37.87,138.94,803.6,57.412499999999994,139.882652,proxy,32.3,822.0,719.8,179.0,139.882652
2025-06-21T15:00,37.87,138.94,663.4,53.03125,117.80325500000001,proxy,32.3,700.0,650.3,187.0,117.80325500000001
2025-06-21T16:00,37.87,138.94,430.8,45.1625,79.21119600000002,proxy,31.7,480.0,529.8,137.0,79.21119600000002
2025-06-21T17:00,37.87,138.94,267.2,39.15,50.415296,proxy,30.8,332.0,476.7,104.0,50.415296
2025-06-21T18:00,37.87,138.94,103.2,32.925,19.985712000000003,proxy,29.7,162.0,317.2,69.0,19.985712000000003
2025-06-21T19:00,37.87,138.94,26.8,28.8375,5.277724,proxy,28.0,49.0,179.9,28.0,5.277724
2025-06-22T06:00,37.87,138.94,49.0,27.43125,9.704695000000001,proxy,25.9,105.0,279.3,51.0,9.704695000000001
2025-06-22T07:00,37.87,138.94,179.5,32.809375,34.77857375,proxy,27.2,252.0,455.8,78.0,34.77857375
2025-06-22T08:00,37.87,138.94,402.1,41.565625,75.09116975000002,proxy,29.0,474.0,645.5,112.0,75.09116975000002
2025-06-22T09:00,37.87,138.94,582.4,48.7,105.437696,proxy,30.5,631.0,693.4,133.0,105.437696
2025-06-22T10:00,37.87,138.94,758.6,55.306250000000006,133.327743,proxy,31.6,786.0,764.8,141.0,133.327743
2025-06-22T11:00,37.87,138.94,878.1,59.640625,151.28565375,proxy,32.2,888.0,794.6,151.0,151.28565375
2025-06-22T12:00,37.87,138.94,935.6,61.9375,159.47302,proxy,32.7,936.0,801.0,163.0,159.47302
2025-06-22T13:00,37.87,138.94,733.8,55.53125,128.83693499999998,proxy,32.6,740.0,586.2,181.0,128.83693499999998
2025-06-22T14:00,37.87,138.94,692.0,53.725,122.49784000000001,proxy,32.1,709.0,585.3,186.0,122.49784000000001
2025-06-22T15:00,37.87,138.94,601.0,50.08125,108.140935,proxy,31.3,634.0,568.8,185.0,108.140935
2025-06-22T16:00,37.87,138.94,426.0,42.2125,79.33398000000001,proxy,28.9,474.0,514.0,141.0,79.33398000000001
2025-06-22T17:00,37.87,138.94,171.4,33.15625,33.161615,proxy,27.8,208.0,258.9,84.0,33.161615
2025-06-22T18:00,37.87,138.94,59.5,28.759375,11.72105375,proxy,26.9,81.0,108.9,49.0,11.72105375
2025-06-23T07:00,37.87,138.94,39.7,23.240625,7.995877750000002,proxy,22.0,42.0,0.0,42.0,7.995877750000002
2025-06-23T08:00,37.87,138.94,64.2,24.00625,12.891039000000003,proxy,22.0,68.0,1.8,67.0,12.891039000000003
2025-06-23T09:00,37.87,138.94,102.2,25.793750000000003,20.375103,proxy,22.6,108.0,0.0,108.0,20.375103
2025-06-23T10:00,37.87,138.94,65.3,24.740624999999998,13.073549750000002,proxy,22.7,69.0,0.0,69.0,13.073549750000002
2025-06-23T11:00,37.87,138.94,139.1,27.146875,27.58109575,proxy,22.8,147.0,0.0,147.0,27.58109575
2025-06-23T12:00,37.87,138.94,135.3,27.028125000000003,26.840475750000003,proxy,22.8,143.0,0.0,143.0,26.840475750000003
2025-06-23T13:00,37.87,138.94,159.0,27.66875,31.460535,proxy,22.7,168.0,0.0,168.0,31.460535
2025-06-23T14:00,37.87,138.94,218.0,29.7125,42.77814,proxy,22.9,230.0,7.8,223.0,42.77814
2025-06-23T15:00,37.87,138.94,165.6,28.275000000000002,32.686128,proxy,23.1,175.0,8.9,168.0,32.686128
2025-06-23T16:00,37.87,138.94,75.7,25.265625,15.123913750000002,proxy,22.9,80.0,0.0,80.0,15.123913750000002
2025-06-23T17:00,37.87,138.94,57.7,25.103125000000002,11.53523975,proxy,23.3,61.0,0.0,61.0,11.53523975
2025-06-23T18:00,37.87,138.94,32.2,24.20625,6.460447000000001,proxy,23.2,34.0,0.0,34.0,6.460447000000001
2025-06-23T19:00,37.87,138.94,20.8,23.75,4.1808,proxy,23.1,23.0,8.5,22.0,4.1808
2025-06-24T06:00,37.87,138.94,48.4,23.5125,9.737595999999998,proxy,22.0,61.0,52.2,51.0,9.737595999999998
2025-06-24T07:00,37.87,138.94,119.7,26.140625,23.830773750000002,proxy,22.4,134.0,55.2,113.0,23.830773750000002
2025-06-24T08:00,37.87,138.94,179.9,28.221875,35.51630775,proxy,22.6,193.0,37.5,172.0,35.51630775
2025-06-24T09:00,37.87,138.94,364.2,34.58125,70.04840700000001,proxy,23.2,389.0,182.7,258.0,70.04840700000001
2025-06-24T10:00,37.87,138.94,492.9,39.203125,92.97942375,proxy,23.8,515.0,287.3,273.0,92.97942375
2025-06-24T11:00,37.87,138.94,432.7,37.221875,82.30927575000001,proxy,23.7,447.0,203.9,258.0,82.30927575000001
2025-06-24T12:00,37.87,138.94,669.7,45.728125000000006,122.83469975000001,proxy,24.8,680.0,419.7,275.0,122.83469975000001
2025-06-24T13:00,37.87,138.94,667.3,46.953125,121.74054375000001,proxy,26.1,679.0,428.9,270.0,121.74054375000001
2025-06-24T14:00,37.87,138.94,451.2,41.0,84.46464,proxy,26.9,467.0,253.9,240.0,84.46464
2025-06-24T15:00,37.87,138.94,358.3,38.396875,67.81991975000001,proxy,27.2,378.0,259.5,173.0,67.81991975000001
2025-06-24T16:00,37.87,138.94,308.8,37.25,58.733760000000004,proxy,27.6,334.0,169.5,224.0,58.733760000000004
2025-06-24T17:00,37.87,138.94,169.7,32.503125,32.921375749999996,proxy,27.2,189.0,93.8,144.0,32.921375749999996
2025-06-24T18:00,37.87,138.94,71.9,28.346875,14.187487750000003,proxy,26.1,94.0,108.5,62.0,14.187487750000003
2025-06-24T19:00,37.87,138.94,25.6,26.0,5.099520000000001,proxy,25.2,29.0,17.0,27.0,5.099520000000001
2025-06-25T06:00,37.87,138.94,56.0,24.95,11.202240000000002,proxy,23.2,68.0,47.2,59.0,11.202240000000002
2025-06-25T07:00,37.87,138.94,175.8,30.293750000000003,34.415487,proxy,24.8,214.0,205.7,136.0,34.415487
2025-06-25T08:00,37.87,138.94,324.0,36.525,61.81272,proxy,26.4,363.0,270.4,212.0,61.81272
2025-06-25T09:00,37.87,138.94,458.2,42.21875,85.328295,proxy,27.9,491.0,301.5,275.0,85.328295
2025-06-25T10:00,37.87,138.94,636.0,48.975,115.00152,proxy,29.1,663.0,445.5,288.0,115.00152
2025-06-25T11:00,37.87,138.94,665.8,50.506249999999994,119.574351,proxy,29.7,683.0,406.9,306.0,119.574351
2025-06-25T12:00,37.87,138.94,472.7,44.171875,87.28996375,proxy,29.4,484.0,234.3,258.0,87.28996375
2025-06-25T13:00,37.87,138.94,321.3,39.140625,60.625293750000004,proxy,29.1,335.0,73.4,265.0,60.625293750000004
2025-06-25T14:00,37.87,138.94,228.2,35.53125,43.717415,proxy,28.4,240.0,29.1,214.0,43.717415
2025-06-25T15:00,37.87,138.94,238.6,35.45625,45.724111,proxy,28.0,252.0,56.9,207.0,45.724111
2025-06-25T16:00,37.87,138.94,147.7,31.615625,28.758297749999997,proxy,27.0,157.0,21.6,143.0,28.758297749999997
2025-06-25T17:00,37.87,138.94,78.1,28.840625,15.38003775,proxy,26.4,87.0,43.7,66.0,15.38003775
2025-06-25T18:00,37.87,138.94,60.9,27.503125,12.05804775,proxy,25.6,70.0,33.8,60.0,12.05804775
2025-06-25T19:00,37.87,138.94,28.5,25.890625,5.67969375,proxy,25.0,36.0,50.9,30.0,5.67969375
2025-06-26T06:00,37.87,138.94,45.5,26.221875,9.055523749999999,proxy,24.8,50.0,10.5,48.0,9.055523749999999
2025-06-26T07:00,37.87,138.94,67.8,27.518749999999997,13.423383000000001,proxy,25.4,72.0,2.6,71.0,13.423383000000001
2025-06-26T08:00,37.87,138.94,135.5,31.134375,26.435033750000002,proxy,26.9,146.0,37.7,125.0,26.435033750000002
2025-06-26T09:00,37.87,138.94,294.0,37.1875,55.93350000000001,proxy,28.0,314.0,149.5,207.0,55.93350000000001
2025-06-26T10:00,37.87,138.94,418.4,40.875,78.36632,proxy,27.8,438.0,198.5,271.0,78.36632
2025-06-26T11:00,37.87,138.94,499.5,42.609375,92.86329375,proxy,27.0,518.0,194.3,338.0,92.86329375
2025-06-26T12:00,37.87,138.94,363.6,36.8625,69.26943600000001,proxy,25.5,379.0,77.8,304.0,69.26943600000001
2025-06-26T13:00,37.87,138.94,201.9,30.809375,39.44166975,proxy,24.5,213.0,5.2,208.0,39.44166975
2025-06-26T14:00,37.87,138.94,123.0,26.64375,24.438255,proxy,22.8,130.0,0.0,130.0,24.438255
2025-06-26T15:00,37.87,138.94,23.7,22.740625,4.7828377500000006,proxy,22.0,25.0,0.0,25.0,4.7828377500000006
2025-06-26T16:00,37.87,138.94,107.2,25.35,21.409984,proxy,22.0,115.0,38.5,90.0,21.409984
2025-06-26T17:00,37.87,138.94,157.3,27.715625000000003,31.118265750000006,proxy,22.8,179.0,124.8,119.0,31.118265750000006
2025-06-26T18:00,37.87,138.94,122.1,27.315625,24.193809750000003,proxy,23.5,177.0,290.7,91.0,24.193809750000003
2025-06-26T19:00,37.87,138.94,29.6,23.525000000000002,5.954928000000001,proxy,22.6,54.0,194.9,31.0,5.954928000000001
2025-06-27T07:00,37.87,138.94,73.5,24.396875,14.73546375,proxy,22.1,82.0,31.8,70.0,14.73546375
2025-06-27T08:00,37.87,138.94,123.9,26.471875,24.63410775,proxy,22.6,135.0,53.9,105.0,24.63410775
2025-06-27T09:00,37.87,138.94,127.7,26.890625,25.34685375,proxy,22.9,135.0,4.2,132.0,25.34685375
2025-06-27T10:00,37.87,138.94,232.9,30.778125,45.503419750000006,proxy,23.5,245.0,54.7,199.0,45.503419750000006
2025-06-27T11:00,37.87,138.94,380.6,36.29375,72.681279,proxy,24.4,395.0,141.5,264.0,72.681279
2025-06-27T12:00,37.87,138.94,375.3,36.128125,71.71889175000001,proxy,24.4,387.0,143.1,249.0,71.71889175000001
2025-06-27T13:00,37.87,138.94,323.0,34.59375,62.12097500000001,proxy,24.5,334.0,117.4,222.0,62.12097500000001
2025-06-27T14:00,37.87,138.94,366.2,35.94375,70.033919,proxy,24.5,380.0,175.5,223.0,70.033919
2025-06-27T15:00,37.87,138.94,273.2,33.0375,52.883324,proxy,24.5,288.0,172.0,152.0,52.883324
2025-06-27T16:00,37.87,138.94,244.6,32.24375,47.502543,proxy,24.6,263.0,103.1,196.0,47.502543
2025-06-27T17:00,37.87,138.94,163.4,29.70625,32.064799,proxy,24.6,186.0,130.9,123.0,32.064799
2025-06-27T18:00,37.87,138.94,78.2,26.64375,15.537167,proxy,24.2,101.0,111.4,68.0,15.537167
2025-06-27T19:00,37.87,138.94,26.5,24.828125,5.303643750000001,proxy,24.0,29.0,8.5,28.0,5.303643750000001
2025-06-28T06:00,37.87,138.94,45.5,23.921875,9.139243749999999,proxy,22.5,55.0,37.3,48.0,9.139243749999999
2025-06-28T07:00,37.87,138.94,115.4,26.70625,22.922479000000003,proxy,23.1,134.0,87.7,101.0,22.922479000000003
2025-06-28T08:00,37.87,138.94,246.2,31.793750000000003,47.901903,proxy,24.1,274.0,181.7,173.0,47.901903
2025-06-28T09:00,37.87,138.94,323.4,34.80625,62.14292699999999,proxy,24.7,345.0,149.9,238.0,62.14292699999999
2025-06-28T10:00,37.87,138.94,480.4,40.7125,90.041372,proxy,25.7,503.0,220.2,318.0,90.041372
2025-06-28T11:00,37.87,138.94,570.2,44.31875,105.22755900000003,proxy,26.5,590.0,244.2,364.0,105.22755900000003
2025-06-28T12:00,37.87,138.94,712.4,49.3625,128.59532399999998,proxy,27.1,723.0,444.0,295.0,128.59532399999998
2025-06-28T13:00,37.87,138.94,816.9,53.128125,144.99770775,proxy,27.6,826.0,596.7,257.0,144.99770775
2025-06-28T14:00,37.87,138.94,832.5,53.615625,147.44199375,proxy,27.6,848.0,789.2,142.0,147.44199375
2025-06-28T15:00,37.87,138.94,696.7,49.371875,125.75609175,proxy,27.6,733.0,752.1,138.0,125.75609175
2025-06-28T16:00,37.87,138.94,403.3,39.603125,75.94844775000001,proxy,27.0,445.0,430.6,165.0,75.94844775000001
2025-06-28T17:00,37.87,138.94,224.2,33.20625,43.368127,proxy,26.2,261.0,238.9,146.0,43.368127
2025-06-28T18:00,37.87,138.94,116.7,28.746875000000003,22.99019175,proxy,25.1,183.0,364.4,75.0,22.99019175
2025-06-28T19:00,37.87,138.94,28.6,24.29375,5.736159000000001,proxy,23.4,48.0,152.2,30.0,5.736159000000001
2025-06-29T06:00,37.87,138.94,50.4,22.575,10.177776,proxy,21.0,74.0,112.7,53.0,10.177776
2025-06-29T07:00,37.87,138.94,175.0,27.56875,34.640375,proxy,22.1,221.0,263.9,122.0,34.640375
2025-06-29T08:00,37.87,138.94,353.4,34.74375,67.925247,proxy,23.7,404.0,403.7,180.0,67.925247
2025-06-29T09:00,37.87,138.94,558.8,42.3625,103.998268,proxy,24.9,603.0,572.1,195.0,103.998268
2025-06-29T10:00,37.87,138.94,716.9,48.503125,129.90048775,proxy,26.1,744.0,636.2,210.0,129.90048775
2025-06-29T11:00,37.87,138.94,833.9,53.459374999999994,147.79418175,proxy,27.4,847.0,661.7,235.0,147.79418175
2025-06-29T12:00,37.87,138.94,897.9,56.259375,157.12576575,proxy,28.2,901.0,707.6,219.0,157.12576575
2025-06-29T13:00,37.87,138.94,889.5,56.096875,155.77146375,proxy,28.3,895.0,715.3,213.0,155.77146375
2025-06-29T14:00,37.87,138.94,813.3,53.815625,143.91140174999998,proxy,28.4,831.0,696.4,208.0,143.91140174999998
2025-06-29T15:00,37.87,138.94,610.8,47.287499999999994,111.269436,proxy,28.2,643.0,496.7,250.0,111.269436
2025-06-29T16:00,37.87,138.94,437.4,41.66875,81.647271,proxy,28.0,478.0,365.9,240.0,81.647271
2025-06-29T17:00,37.87,138.94,259.7,35.415625,49.77604975,proxy,27.3,295.0,205.5,196.0,49.77604975
2025-06-29T18:00,37.87,138.94,131.6,30.212500000000002,25.771228,proxy,26.1,177.0,232.7,108.0,25.771228
2025-06-29T19:00,37.87,138.94,35.2,25.6,7.023104000000001,proxy,24.5,49.0,101.4,37.0,7.023104000000001
2025-06-30T06:00,37.87,138.94,48.7,23.921875,9.782003750000001,proxy,22.4,85.0,183.7,51.0,9.782003750000001
2025-06-30T07:00,37.87,138.94,169.8,29.106250000000003,33.402207,proxy,23.8,228.0,355.7,95.0,33.402207
2025-06-30T08:00,37.87,138.94,345.1,36.284375,65.90460975000002,proxy,25.5,402.0,494.8,128.0,65.90460975000002
2025-06-30T09:00,37.87,138.94,427.8,40.96875,80.094855,proxy,27.6,461.0,416.9,164.0,80.094855
2025-06-30T10:00,37.87,138.94,600.3,48.059375,108.98596575,proxy,29.3,624.0,476.9,224.0,108.98596575
2025-06-30T11:00,37.87,138.94,742.8,53.912499999999994,131.37903599999999,proxy,30.7,755.0,574.4,224.0,131.37903599999999
2025-06-30T12:00,37.87,138.94,761.9,55.109375,134.02773375,proxy,31.3,769.0,531.4,257.0,134.02773375
2025-06-30T13:00,37.87,138.94,808.9,56.778125,141.21573975,proxy,31.5,817.0,595.8,249.0,141.21573975
2025-06-30T14:00,37.87,138.94,794.5,56.528125,138.86072375,proxy,31.7,810.0,713.2,172.0,138.86072375
2025-06-30T15:00,37.87,138.94,648.0,51.75,115.7328,proxy,31.5,681.0,676.1,146.0,115.7328
2025-06-30T16:00,37.87,138.94,506.8,47.1375,92.384572,proxy,31.3,564.0,671.7,127.0,92.384572
2025-06-30T17:00,37.87,138.94,307.4,40.20625,57.74047899999999,proxy,30.6,383.0,583.2,102.0,57.74047899999999
2025-06-30T18:00,37.87,138.94,124.0,33.275,23.97912,proxy,29.4,205.0,455.1,70.0,23.97912
2025-06-30T19:00,37.87,138.94,26.8,28.3375,5.288444,proxy,27.5,54.0,219.5,28.0,5.288444
2025-07-01T06:00,37.87,138.94,50.9,25.690625,10.15187775,proxy,24.1,105.0,283.0,53.0,10.15187775
2025-07-01T07:00,37.87,138.94,185.7,30.703125,36.29274375,proxy,24.9,250.0,394.3,103.0,36.29274375
2025-07-01T08:00,37.87,138.94,336.5,36.515625,64.19999374999999,proxy,26.0,389.0,445.0,143.0,64.19999374999999
2025-07-01T09:00,37.87,138.94,373.4,38.26875,70.716359,proxy,26.6,401.0,303.6,185.0,70.716359
2025-07-01T10:00,37.87,138.94,375.7,39.040625,70.91994975,proxy,27.3,394.0,136.0,280.0,70.91994975
2025-07-01T11:00,37.87,138.94,331.5,38.259375,62.78361375,proxy,27.9,344.0,119.1,234.0,62.78361375
2025-07-01T12:00,37.87,138.94,388.1,39.828125,73.01616375,proxy,27.7,402.0,117.3,289.0,73.01616375
2025-07-01T13:00,37.87,138.94,365.7,39.628125,68.86039575000001,proxy,28.2,380.0,99.7,285.0,68.86039575000001
2025-07-01T14:00,37.87,138.94,322.4,38.974999999999994,60.87556800000001,proxy,28.9,337.0,88.3,258.0,60.87556800000001
2025-07-01T15:00,37.87,138.94,482.5,44.878125,88.82704375,proxy,29.8,508.0,293.2,276.0,88.82704375
2025-07-01T16:00,37.87,138.94,405.8,42.28125,75.54981500000001,proxy,29.6,442.0,316.6,236.0,75.54981500000001
2025-07-01T17:00,37.87,138.94,277.1,38.159375,52.50282975000001,proxy,29.5,331.0,386.0,145.0,52.50282975000001
2025-07-01T18:00,37.87,138.94,112.7,32.321875,21.87985975,proxy,28.8,160.0,252.8,85.0,21.87985975
2025-07-01T19:00,37.87,138.94,25.8,28.506249999999998,5.087631,proxy,27.7,43.0,135.1,27.0,5.087631
2025-07-02T06:00,37.87,138.94,51.5,27.509375,10.196613750000001,proxy,25.9,86.0,175.4,54.0,10.196613750000001
2025-07-02T07:00,37.87,138.94,193.3,32.740625,37.462989750000006,proxy,26.7,276.0,527.5,80.0,37.462989750000006
2025-07-02T08:00,37.87,138.94,373.2,40.3625,70.053372,proxy,28.7,439.0,596.4,110.0,70.053372
2025-07-02T09:00,37.87,138.94,556.0,47.675,101.11416,proxy,30.3,601.0,650.2,139.0,101.11416
2025-07-02T10:00,37.87,138.94,694.1,52.590625,123.49947775000001,proxy,30.9,718.0,679.6,149.0,123.49947775000001
2025-07-02T11:00,37.87,138.94,809.7,56.303125,141.66308775000005,proxy,31.0,818.0,708.3,164.0,141.66308775000005
2025-07-02T12:00,37.87,138.94,835.1,56.896875,145.71033575,proxy,30.8,835.0,686.6,174.0,145.71033575
2025-07-02T13:00,37.87,138.94,860.3,57.484375,149.70295375,proxy,30.6,861.0,741.9,154.0,149.70295375
2025-07-02T14:00,37.87,138.94,790.7,55.009375000000006,139.15726975,proxy,30.3,804.0,737.9,144.0,139.15726975
2025-07-02T15:00,37.87,138.94,610.8,49.787499999999994,110.047836,proxy,30.7,641.0,629.3,143.0,110.047836
2025-07-02T16:00,37.87,138.94,469.1,44.959375,86.32964575000001,proxy,30.3,517.0,519.5,179.0,86.32964575000001
2025-07-02T17:00,37.87,138.94,307.0,39.49375,57.840335,proxy,29.9,378.0,545.8,115.0,57.840335
2025-07-02T18:00,37.87,138.94,127.1,33.171875,24.589083750000004,proxy,29.2,194.0,370.9,84.0,24.589083750000004
2025-07-02T19:00,37.87,138.94,27.8,29.36875,5.462839000000001,proxy,28.5,53.0,202.7,29.0,5.462839000000001
2025-07-03T06:00,37.87,138.94,49.0,25.63125,9.775255000000001,proxy,24.1,105.0,298.2,51.0,9.775255000000001
2025-07-03T07:00,37.87,138.94,193.5,31.746875,37.655583750000005,proxy,25.7,274.0,513.1,84.0,37.655583750000005
2025-07-03T08:00,37.87,138.94,381.8,39.63125,71.891031,proxy,27.7,449.0,612.1,112.0,71.891031
2025-07-03T09:00,37.87,138.94,523.6,45.6625,96.06489200000001,proxy,29.3,564.0,528.5,189.0,96.06489200000001
2025-07-03T10:00,37.87,138.94,721.7,53.253125,128.02777575000002,proxy,30.7,747.0,670.6,186.0,128.02777575000002
2025-07-03T11:00,37.87,138.94,803.9,56.821875,140.31471575,proxy,31.7,816.0,623.1,241.0,140.31471575
2025-07-03T12:00,37.87,138.94,823.7,57.640625,143.23113375,proxy,31.9,832.0,549.7,303.0,143.23113375
2025-07-03T13:00,37.87,138.94,799.3,56.978125,139.41190775,proxy,32.0,811.0,513.3,322.0,139.41190775
2025-07-03T14:00,37.87,138.94,591.7,50.090625,106.46310175,proxy,31.6,606.0,441.7,211.0,106.46310175
2025-07-03T15:00,37.87,138.94,638.4,52.150000000000006,113.813952,proxy,32.2,670.0,582.6,209.0,113.813952
2025-07-03T16:00,37.87,138.94,515.1,48.396874999999994,93.37861575000002,proxy,32.3,572.0,691.7,122.0,93.37861575000002
2025-07-03T17:00,37.87,138.94,278.9,40.015625,52.42971375,proxy,31.3,343.0,496.1,104.0,52.42971375
2025-07-03T18:00,37.87,138.94,124.7,34.296875,24.01254375,proxy,30.4,201.0,431.8,73.0,24.01254375
2025-07-03T19:00,37.87,138.94,24.0,29.05,4.722240000000001,proxy,28.3,47.0,186.0,25.0,4.722240000000001
2025-07-04T06:00,37.87,138.94,44.0,27.175,8.72344,proxy,25.8,82.0,200.4,46.0,8.72344
2025-07-04T07:00,37.87,138.94,152.4,31.9625,29.631132,proxy,27.2,205.0,325.2,85.0,29.631132
2025-07-04T08:00,37.87,138.94,312.6,38.56875,59.12672700000001,proxy,28.8,359.0,387.7,146.0,59.12672700000001
2025-07-04T09:00,37.87,138.94,388.1,42.128125,72.30205975000001,proxy,30.0,417.0,348.6,170.0,72.30205975000001
2025-07-04T10:00,37.87,138.94,509.7,46.928125,92.99858775,proxy,31.0,529.0,400.8,194.0,92.99858775
2025-07-04T11:00,37.87,138.94,659.1,52.496875,117.32144775000002,proxy,31.9,671.0,467.4,240.0,117.32144775000002
2025-07-04T12:00,37.87,138.94,830.4,57.75,144.32352,proxy,31.8,834.0,616.4,241.0,144.32352
2025-07-04T13:00,37.87,138.94,756.4,56.037499999999994,132.498588,proxy,32.4,764.0,532.3,257.0,132.498588
2025-07-04T14:00,37.87,138.94,679.4,53.131249999999994,120.590103,proxy,31.9,692.0,583.8,170.0,120.590103
2025-07-04T15:00,37.87,138.94,652.9,51.503125,116.73688775000002,proxy,31.1,684.0,676.2,149.0,116.73688775000002
2025-07-04T16:00,37.87,138.94,463.7,45.690625,85.06460575000001,proxy,31.2,509.0,484.3,194.0,85.06460575000001
2025-07-04T17:00,37.87,138.94,232.6,38.06875,44.088167000000006,proxy,30.8,274.0,292.8,133.0,44.088167000000006
2025-07-04T18:00,37.87,138.94,111.8,33.29375,21.618207,proxy,29.8,158.0,249.9,84.0,21.618207
2025-07-04T19:00,37.87,138.94,21.9,29.384375,4.30318575,proxy,28.7,35.0,101.6,23.0,4.30318575
2025-07-05T06:00,37.87,138.94,32.2,26.606250000000003,6.3986230000000015,proxy,25.6,36.0,11.2,34.0,6.3986230000000015
2025-07-05T07:00,37.87,138.94,52.6,26.04375,10.476079,proxy,24.4,60.0,32.6,48.0,10.476079
2025-07-05T08:00,37.87,138.94,147.1,29.496875,28.89080775,proxy,24.9,161.0,76.6,119.0,28.89080775
2025-07-05T09:00,37.87,138.94,386.1,38.465625,73.06073775000002,proxy,26.4,413.0,262.8,227.0,73.06073775000002
2025-07-05T10:00,37.87,138.94,643.5,48.309375,116.70033375000001,proxy,28.2,666.0,568.9,191.0,116.70033375000001
2025-07-05T11:00,37.87,138.94,744.3,52.459374999999994,132.50958974999998,proxy,29.2,755.0,570.8,229.0,132.50958974999998
2025-07-05T12:00,37.87,138.94,809.6,55.0,142.48960000000002,proxy,29.7,810.0,637.5,197.0,142.48960000000002
2025-07-05T13:00,37.87,138.94,878.5,57.253125,153.03250375000002,proxy,29.8,878.0,748.9,165.0,153.03250375000002
2025-07-05T14:00,37.87,138.94,784.4,53.7125,138.86233199999998,proxy,29.2,797.0,703.6,168.0,138.86233199999998
2025-07-05T15:00,37.87,138.94,606.0,47.7375,110.17686,proxy,28.8,635.0,555.0,196.0,110.17686
2025-07-05T16:00,37.87,138.94,454.6,42.806250000000006,84.44422300000002,proxy,28.6,502.0,564.4,135.0,84.44422300000002
2025-07-05T17:00,37.87,138.94,261.1,36.059375,49.909917750000005,proxy,27.9,316.0,419.6,114.0,49.909917750000005
2025-07-05T18:00,37.87,138.94,102.5,30.303125,20.06514375,proxy,27.1,148.0,250.2,74.0,20.06514375
2025-07-05T19:00,37.87,138.94,21.9,27.484375,4.33647375,proxy,26.8,33.0,84.8,23.0,4.33647375
2025-07-06T06:00,37.87,138.94,45.5,26.721875,9.037323749999999,proxy,25.3,57.0,50.9,48.0,9.037323749999999
2025-07-06T07:00,37.87,138.94,146.3,30.971874999999997,28.561051750000008,proxy,26.4,170.0,114.6,128.0,28.561051750000008
2025-07-06T08:00,37.87,138.94,250.3,35.421875,47.973123750000006,proxy,27.6,278.0,186.4,176.0,47.973123750000006
2025-07-06T09:00,37.87,138.94,370.6,39.98125,69.678359,proxy,28.4,396.0,237.7,228.0,69.678359
2025-07-06T10:00,37.87,138.94,559.2,46.475,102.23294400000002,proxy,29.0,581.0,388.4,257.0,102.23294400000002
2025-07-06T11:00,37.87,138.94,703.6,51.4875,125.810716,proxy,29.5,715.0,509.3,246.0,125.810716
2025-07-06T12:00,37.87,138.94,787.9,54.521874999999994,138.97177175000002,proxy,29.9,793.0,548.4,266.0,138.97177175000002
2025-07-06T13:00,37.87,138.94,762.7,53.934375,134.88540175,proxy,30.1,766.0,586.3,208.0,134.88540175
2025-07-06T14:00,37.87,138.94,726.8,52.912499999999994,129.13055599999998,proxy,30.2,742.0,561.7,240.0,129.13055599999998
2025-07-06T15:00,37.87,138.94,521.2,46.087500000000006,95.447356,proxy,29.8,547.0,350.3,270.0,95.447356
2025-07-06T16:00,37.87,138.94,444.1,43.578125,82.21956375,proxy,29.7,486.0,447.7,195.0,82.21956375
2025-07-06T17:00,37.87,138.94,268.0,37.675,50.88248,proxy,29.3,320.0,388.7,133.0,50.88248
2025-07-06T18:00,37.87,138.94,93.1,31.809375,18.11283775,proxy,28.9,109.0,67.7,89.0,18.11283775
2025-07-06T19:00,37.87,138.94,23.8,28.74375,4.688719000000001,proxy,28.0,36.0,93.4,25.0,4.688719000000001
2025-07-07T06:00,37.87,138.94,41.0,26.88125,8.138295000000001,proxy,25.6,64.0,119.8,43.0,8.138295000000001
2025-07-07T07:00,37.87,138.94,162.8,31.5875,31.702044000000004,proxy,26.5,206.0,254.8,113.0,31.702044000000004
2025-07-07T08:00,37.87,138.94,323.2,37.7,61.356288000000006,proxy,27.6,375.0,465.3,121.0,61.356288000000006
2025-07-07T09:00,37.87,138.94,477.4,43.51875,88.407319,proxy,28.6,513.0,481.8,173.0,88.407319
2025-07-07T10:00,37.87,138.94,562.1,46.765625,102.63243375,proxy,29.2,583.0,420.0,233.0,102.63243375
2025-07-07T11:00,37.87,138.94,714.1,52.315625,127.21512975000002,proxy,30.0,725.0,519.4,247.0,127.21512975000002
2025-07-07T12:00,37.87,138.94,776.5,54.465625,136.99595375,proxy,30.2,780.0,554.9,247.0,136.99595375
2025-07-07T13:00,37.87,138.94,655.7,50.690625,117.66372575000001,proxy,30.2,660.0,475.1,208.0,117.66372575000001
2025-07-07T14:00,37.87,138.94,733.2,53.6125,129.857052,proxy,30.7,748.0,565.3,243.0,129.857052
2025-07-07T15:00,37.87,138.94,612.6,50.14375,110.19755100000002,proxy,31.0,641.0,540.2,214.0,110.19755100000002
2025-07-07T16:00,37.87,138.94,512.8,46.825,93.606512,proxy,30.8,567.0,691.1,118.0,93.606512
2025-07-07T17:00,37.87,138.94,309.3,39.965625,58.15690575000001,proxy,30.3,382.0,588.8,99.0,58.15690575000001
2025-07-07T18:00,37.87,138.94,126.3,33.346875,24.41663175,proxy,29.4,202.0,437.5,73.0,24.41663175
2025-07-07T19:00,37.87,138.94,26.8,28.537499999999998,5.284156,proxy,27.7,52.0,204.3,28.0,5.284156
2025-07-08T06:00,37.87,138.94,43.8,26.768749999999997,8.698023000000001,proxy,25.4,65.0,109.4,46.0,8.698023000000001
2025-07-08T07:00,37.87,138.94,157.1,31.009375000000002,30.66474175,proxy,26.1,204.0,286.0,100.0,30.66474175
2025-07-08T08:00,37.87,138.94,289.3,36.240625,55.25846975,proxy,27.2,327.0,299.3,164.0,55.25846975
2025-07-08T09:00,37.87,138.94,454.2,42.89375,84.33812700000001,proxy,28.7,487.0,418.7,192.0,84.33812700000001
2025-07-08T10:00,37.87,138.94,694.8,51.6125,124.16770800000002,proxy,29.9,717.0,634.2,189.0,124.16770800000002
2025-07-08T11:00,37.87,138.94,738.5,53.178125,131.05236375,proxy,30.1,748.0,560.0,233.0,131.05236375
2025-07-08T12:00,37.87,138.94,883.7,58.015625,153.39927375000002,proxy,30.4,878.0,753.1,155.0,153.39927375000002
2025-07-08T13:00,37.87,138.94,913.5,58.946875,157.89162375000004,proxy,30.4,909.0,802.4,146.0,157.89162375000004
2025-07-08T14:00,37.87,138.94,809.2,55.3875,142.168348,proxy,30.1,818.0,766.0,134.0,142.168348
2025-07-08T15:00,37.87,138.94,576.7,47.321875000000006,105.04157975000003,proxy,29.3,602.0,584.8,140.0,105.04157975000003
2025-07-08T16:00,37.87,138.94,457.1,42.984375,84.84347375000002,proxy,28.7,504.0,596.0,117.0,84.84347375000002
2025-07-08T17:00,37.87,138.94,295.3,37.428125,56.12397975,proxy,28.2,364.0,560.2,95.0,56.12397975
2025-07-08T18:00,37.87,138.94,116.0,31.125,22.631600000000002,proxy,27.5,184.0,394.2,68.0,22.631600000000002
2025-07-08T19:00,37.87,138.94,26.8,27.237499999999997,5.312028000000001,proxy,26.4,49.0,179.2,28.0,5.312028000000001
2025-07-09T06:00,37.87,138.94,40.2,26.75625,7.983519,proxy,25.5,75.0,191.8,42.0,7.983519
2025-07-09T07:00,37.87,138.94,151.3,30.628124999999997,29.57877175000001,proxy,25.9,192.0,243.0,104.0,29.57877175000001
2025-07-09T08:00,37.87,138.94,318.9,36.865624999999994,60.75284175,proxy,26.9,369.0,454.6,122.0,60.75284175
2025-07-09T09:00,37.87,138.94,495.2,43.675,91.64171200000001,proxy,28.2,532.0,545.8,148.0,91.64171200000001
2025-07-09T10:00,37.87,138.94,627.6,49.0125,113.46380400000001,proxy,29.4,647.0,578.4,166.0,113.46380400000001
2025-07-09T11:00,37.87,138.94,811.5,55.859375,142.26609375,proxy,30.5,816.0,705.2,168.0,142.26609375
2025-07-09T12:00,37.87,138.94,762.5,54.528125,134.48784375,proxy,30.7,758.0,635.8,148.0,134.48784375
2025-07-09T13:00,37.87,138.94,766.5,54.553125,135.17802375,proxy,30.6,768.0,589.2,208.0,135.17802375
2025-07-09T14:00,37.87,138.94,669.1,51.209375,119.79064575000001,proxy,30.3,680.0,545.6,193.0,119.79064575000001
2025-07-09T15:00,37.87,138.94,569.6,47.7,103.57606400000002,proxy,29.9,595.0,493.9,205.0,103.57606400000002
2025-07-09T16:00,37.87,138.94,481.3,44.440625,88.77458175000001,proxy,29.4,530.0,625.7,124.0,88.77458175000001
2025-07-09T17:00,37.87,138.94,299.2,37.85,56.764224000000006,proxy,28.5,365.0,533.8,109.0,56.764224000000006
2025-07-09T18:00,37.87,138.94,109.3,31.015625,21.33399375,proxy,27.6,165.0,320.2,71.0,21.33399375
2025-07-09T19:00,37.87,138.94,23.0,26.91875,4.564695,proxy,26.2,42.0,154.1,24.0,4.564695
2025-07-10T06:00,37.87,138.94,40.3,25.759375,8.03551775,proxy,24.5,80.0,223.1,42.0,8.03551775
2025-07-10T07:00,37.87,138.94,155.1,30.346875,30.35655975,proxy,25.5,209.0,343.9,85.0,30.35655975
2025-07-10T08:00,37.87,138.94,341.2,37.4625,64.838236,proxy,26.8,397.0,523.9,113.0,64.838236
2025-07-10T09:00,37.87,138.94,512.3,43.909375,94.71018174999999,proxy,27.9,550.0,576.6,145.0,94.71018174999999
2025-07-10T10:00,37.87,138.94,687.2,50.175,123.59979200000002,proxy,28.7,707.0,659.7,159.0,123.59979200000002
2025-07-10T11:00,37.87,138.94,806.4,54.4,142.313472,proxy,29.2,809.0,718.9,149.0,142.313472
2025-07-10T12:00,37.87,138.94,876.1,56.478125000000006,153.15761175,proxy,29.1,869.0,744.7,155.0,153.15761175
2025-07-10T13:00,37.87,138.94,832.0,54.7,146.63168,proxy,28.7,828.0,707.4,156.0,146.63168
2025-07-10T14:00,37.87,138.94,764.3,52.584374999999994,135.99380975,proxy,28.7,772.0,702.9,145.0,135.99380975
2025-07-10T15:00,37.87,138.94,682.8,49.537499999999994,123.156636,proxy,28.2,711.0,699.4,159.0,123.156636
2025-07-10T16:00,37.87,138.94,481.5,42.946875,89.38686375,proxy,27.9,529.0,612.4,132.0,89.38686375
2025-07-10T17:00,37.87,138.94,281.2,36.2875,53.700764,proxy,27.5,343.0,507.3,100.0,53.700764
2025-07-10T18:00,37.87,138.94,118.2,30.493750000000002,23.120511,proxy,26.8,181.0,365.5,74.0,23.120511
2025-07-10T19:00,37.87,138.94,26.8,26.037499999999998,5.337756000000001,proxy,25.2,50.0,188.9,28.0,5.337756000000001
2025-07-11T06:00,37.87,138.94,38.3,25.696875,7.6386477500000005,proxy,24.5,76.0,213.5,40.0,7.6386477500000005
2025-07-11T07:00,37.87,138.94,149.9,29.984375,29.382273750000003,proxy,25.3,190.0,242.3,103.0,29.382273750000003
2025-07-11T08:00,37.87,138.94,254.0,34.3375,48.902620000000006,proxy,26.4,285.0,242.3,154.0,48.902620000000006
2025-07-11T09:00,37.87,138.94,378.7,39.234375,71.42755375,proxy,27.4,403.0,206.8,258.0,71.42755375
2025-07-11T10:00,37.87,138.94,493.7,43.428125,91.46162775,proxy,28.0,512.0,320.6,246.0,91.46162775
2025-07-11T11:00,37.87,138.94,764.4,52.9875,135.765084,proxy,29.1,770.0,617.0,204.0,135.765084
2025-07-11T12:00,37.87,138.94,890.4,57.625,154.84056,proxy,29.8,884.0,734.8,180.0,154.84056
2025-07-11T13:00,37.87,138.94,927.3,59.478125,159.88274775000002,proxy,30.5,922.0,785.8,176.0,159.88274775000002
2025-07-11T14:00,37.87,138.94,852.3,57.234375,148.48131375,proxy,30.6,859.0,800.9,145.0,148.48131375
2025-07-11T15:00,37.87,138.94,696.6,52.06875,124.23512700000002,proxy,30.3,724.0,741.7,139.0,124.23512700000002
2025-07-11T16:00,37.87,138.94,538.2,46.51875,98.37488700000002,proxy,29.7,592.0,733.3,117.0,98.37488700000002
2025-07-11T17:00,37.87,138.94,334.5,39.353125,63.059103750000006,proxy,28.9,412.0,656.5,98.0,63.059103750000006
2025-07-11T18:00,37.87,138.94,132.3,31.734375,25.747233750000007,proxy,27.6,215.0,493.2,71.0,25.747233750000007
2025-07-11T19:00,37.87,138.94,25.9,26.709374999999998,5.14458175,proxy,25.9,54.0,232.7,27.0,5.14458175
2025-07-12T06:00,37.87,138.94,47.0,24.16875,9.431255,proxy,22.7,97.0,287.8,49.0,9.431255
2025-07-12T07:00,37.87,138.94,181.0,29.65625,35.525775,proxy,24.0,239.0,369.4,107.0,35.525775
2025-07-12T08:00,37.87,138.94,372.3,37.034375,70.87568175000001,proxy,25.4,425.0,467.3,173.0,70.87568175000001
2025-07-12T09:00,37.87,138.94,511.8,42.29375,95.27924700000001,proxy,26.3,546.0,404.3,263.0,95.27924700000001
2025-07-12T10:00,37.87,138.94,686.4,48.55,124.348224,proxy,27.1,709.0,520.1,278.0,124.348224
2025-07-12T11:00,37.87,138.94,708.6,49.743750000000006,127.69326299999999,proxy,27.6,722.0,428.8,329.0,127.69326299999999
2025-07-12T12:00,37.87,138.94,901.4,56.36875,157.659367,proxy,28.2,899.0,680.0,248.0,157.659367
2025-07-12T13:00,37.87,138.94,825.4,54.193749999999994,145.802783,proxy,28.4,822.0,669.3,187.0,145.802783
2025-07-12T14:00,37.87,138.94,882.0,56.2625,154.34118,proxy,28.7,888.0,824.9,153.0,154.34118
2025-07-12T15:00,37.87,138.94,720.1,50.903125,129.09772775000002,proxy,28.4,747.0,786.7,127.0,129.09772775000002
2025-07-12T16:00,37.87,138.94,551.3,45.228125,101.33858775,proxy,28.0,606.0,771.1,107.0,101.33858775
2025-07-12T17:00,37.87,138.94,327.0,37.51875,62.12509500000001,proxy,27.3,401.0,630.3,100.0,62.12509500000001
2025-07-12T18:00,37.87,138.94,132.1,30.328125,25.856923750000004,proxy,26.2,216.0,505.1,69.0,25.856923750000004
2025-07-12T19:00,37.87,138.94,25.9,25.909375,5.16115775,proxy,25.1,55.0,242.3,27.0,5.16115775
2025-07-13T06:00,37.87,138.94,40.2,23.65625,8.083215000000001,proxy,22.4,79.0,224.4,42.0,8.083215000000001
2025-07-13T07:00,37.87,138.94,144.0,28.2,28.431359999999998,proxy,23.7,189.0,286.8,87.0,28.431359999999998
2025-07-13T08:00,37.87,138.94,273.9,33.559375,52.90446975,proxy,25.0,311.0,323.6,137.0,52.90446975
2025-07-13T09:00,37.87,138.94,434.2,39.96875,81.640455,proxy,26.4,463.0,357.8,213.0,81.640455
2025-07-13T10:00,37.87,138.94,639.2,47.675,116.24491200000001,proxy,27.7,658.0,536.5,214.0,116.24491200000001
2025-07-13T11:00,37.87,138.94,611.3,47.803124999999994,111.10835975,proxy,28.7,627.0,297.1,355.0,111.10835975
2025-07-13T12:00,37.87,138.94,818.0,55.3625,143.73078000000004,proxy,29.8,815.0,617.8,224.0,143.73078000000004
2025-07-13T13:00,37.87,138.94,837.3,56.465625,146.38306575000001,proxy,30.3,834.0,665.5,203.0,146.38306575000001
2025-07-13T14:00,37.87,138.94,781.5,55.121875,137.46780375,proxy,30.7,788.0,690.7,173.0,137.46780375
2025-07-13T15:00,37.87,138.94,652.2,51.181250000000006,116.77967100000001,proxy,30.8,677.0,641.3,172.0,116.77967100000001
2025-07-13T16:00,37.87,138.94,538.8,47.8375,97.91612399999998,proxy,31.0,591.0,745.7,109.0,97.91612399999998
2025-07-13T17:00,37.87,138.94,326.1,40.690625,61.12662975000001,proxy,30.5,400.0,639.8,95.0,61.12662975000001
2025-07-13T18:00,37.87,138.94,129.8,33.25625,25.102671000000004,proxy,29.2,209.0,479.3,70.0,25.102671000000004
2025-07-13T19:00,37.87,138.94,24.9,28.378125,4.91270775,proxy,27.6,51.0,217.3,26.0,4.91270775
2025-07-14T06:00,37.87,138.94,40.4,27.2625,8.006876,proxy,26.0,90.0,294.6,42.0,8.006876
2025-07-14T07:00,37.87,138.94,183.0,33.71875,35.323575000000005,proxy,28.0,256.0,491.6,82.0,35.323575000000005
2025-07-14T08:00,37.87,138.94,341.0,40.45625,63.983535,proxy,29.8,395.0,529.6,111.0,63.983535
2025-07-14T09:00,37.87,138.94,586.0,49.5125,105.70854,proxy,31.2,627.0,735.5,114.0,105.70854
2025-07-14T10:00,37.87,138.94,689.3,53.440625,122.17670174999999,proxy,31.9,705.0,692.1,133.0,122.17670174999999
2025-07-14T11:00,37.87,138.94,807.6,57.9375,140.23974,proxy,32.7,809.0,684.4,183.0,140.23974
2025-07-14T12:00,37.87,138.94,861.2,59.9125,148.18668399999999,proxy,33.0,855.0,676.8,208.0,148.18668399999999
2025-07-14T13:00,37.87,138.94,652.8,53.1,115.88505599999999,proxy,32.7,657.0,422.2,257.0,115.88505599999999
2025-07-14T14:00,37.87,138.94,631.4,52.53125,112.373415,proxy,32.8,637.0,538.4,158.0,112.373415
2025-07-14T15:00,37.87,138.94,606.9,51.465625,108.53040975,proxy,32.5,629.0,601.2,156.0,108.53040975
2025-07-14T16:00,37.87,138.94,367.1,43.371875,68.02454775,proxy,31.9,400.0,436.8,118.0,68.02454775
2025-07-14T17:00,37.87,138.94,171.6,36.5625,32.7327,proxy,31.2,194.0,149.2,123.0,32.7327
2025-07-14T18:00,37.87,138.94,74.1,32.815625,14.356689750000001,proxy,30.5,104.0,173.1,54.0,14.356689750000001
2025-07-15T07:00,37.87,138.94,35.6,28.5125,7.019964000000001,proxy,27.4,38.0,2.8,37.0,7.019964000000001
2025-07-15T08:00,37.87,138.94,116.9,31.553124999999998,22.767151750000004,proxy,27.9,125.0,22.4,113.0,22.767151750000004
2025-07-15T09:00,37.87,138.94,231.1,36.221875,44.14529975,proxy,29.0,245.0,84.8,186.0,44.14529975
2025-07-15T10:00,37.87,138.94,195.1,35.396875,37.39725575000001,proxy,29.3,205.0,33.9,177.0,37.39725575000001
2025-07-15T11:00,37.87,138.94,419.9,42.421875,78.12764375,proxy,29.3,430.0,205.7,242.0,78.12764375
2025-07-15T12:00,37.87,138.94,498.7,44.784375,91.84682575000001,proxy,29.2,507.0,240.8,277.0,91.84682575000001
2025-07-15T13:00,37.87,138.94,505.2,45.2875,92.840604,proxy,29.5,511.0,288.4,238.0,92.840604
2025-07-15T14:00,37.87,138.94,453.2,43.8625,83.80121199999999,proxy,29.7,469.0,172.1,316.0,83.80121199999999
2025-07-15T15:00,37.87,138.94,334.8,40.1625,62.89887600000001,proxy,29.7,351.0,127.2,251.0,62.89887600000001
2025-07-15T16:00,37.87,138.94,390.0,41.2875,72.9183,proxy,29.1,423.0,414.1,156.0,72.9183
2025-07-15T17:00,37.87,138.94,247.5,36.634375,47.19639375,proxy,28.9,287.0,303.3,143.0,47.19639375
2025-07-15T18:00,37.87,138.94,85.0,31.35625,16.567775,proxy,28.7,99.0,62.6,81.0,16.567775
2025-07-16T06:00,37.87,138.94,42.3,26.221874999999997,8.41865175,proxy,24.9,93.0,308.2,44.0,8.41865175
2025-07-16T07:00,37.87,138.94,169.6,31.900000000000002,32.983808,proxy,26.6,241.0,493.7,68.0,32.983808
2025-07-16T08:00,37.87,138.94,390.2,40.89375,73.078607,proxy,28.7,454.0,662.1,101.0,73.078607
2025-07-16T09:00,37.87,138.94,588.8,49.0,106.45504,proxy,30.6,628.0,735.5,117.0,106.45504
2025-07-16T10:00,37.87,138.94,750.8,55.762499999999996,131.68281199999998,proxy,32.3,765.0,777.7,124.0,131.68281199999998
2025-07-16T11:00,37.87,138.94,871.9,60.846875,149.37608774999998,proxy,33.6,867.0,801.9,135.0,149.37608774999998
2025-07-16T12:00,37.87,138.94,922.5,62.928125,156.50904375,proxy,34.1,907.0,805.8,138.0,156.50904375
2025-07-16T13:00,37.87,138.94,871.3,61.328125,148.93784375,proxy,34.1,860.0,752.7,148.0,148.93784375
2025-07-16T14:00,37.87,138.94,706.7,56.584375,123.48345775,proxy,34.5,709.0,638.3,142.0,123.48345775
2025-07-16T15:00,37.87,138.94,513.6,50.650000000000006,92.18092800000001,proxy,34.6,531.0,500.5,138.0,92.18092800000001
2025-07-16T16:00,37.87,138.94,384.3,45.409375,70.58534175000001,proxy,33.4,415.0,361.9,182.0,70.58534175000001
2025-07-16T17:00,37.87,138.94,210.0,39.5625,39.5535,proxy,33.0,229.0,86.5,188.0,39.5535
2025-07-16T18:00,37.87,138.94,95.9,35.196875000000006,18.397695750000004,proxy,32.2,108.0,45.4,95.0,18.397695750000004
2025-07-17T06:00,37.87,138.94,27.5,27.659375,5.44149375,proxy,26.8,32.0,19.1,29.0,5.44149375
2025-07-17T07:00,37.87,138.94,97.1,31.534375,18.912409750000002,proxy,28.5,114.0,91.8,82.0,18.912409750000002
2025-07-17T08:00,37.87,138.94,192.8,35.525,36.936624,proxy,29.5,215.0,182.5,118.0,36.936624
2025-07-17T09:00,37.87,138.94,342.9,41.115624999999994,64.15916175,proxy,30.4,364.0,250.9,190.0,64.15916175
2025-07-17T10:00,37.87,138.94,471.5,46.334375,86.25267375,proxy,31.6,486.0,323.2,220.0,86.25267375
2025-07-17T11:00,37.87,138.94,542.8,49.0625,98.11110000000001,proxy,32.1,551.0,325.7,254.0,98.11110000000001
2025-07-17T12:00,37.87,138.94,600.9,51.278125,107.54757975,proxy,32.5,607.0,326.2,296.0,107.54757975
2025-07-17T13:00,37.87,138.94,460.4,46.9875,83.981564,proxy,32.6,471.0,188.3,293.0,83.981564
2025-07-17T14:00,37.87,138.94,547.5,50.309375,98.41449375,proxy,33.2,562.0,271.6,321.0,98.41449375
2025-07-17T15:00,37.87,138.94,350.5,43.853125,64.81358375,proxy,32.9,367.0,132.6,263.0,64.81358375
2025-07-17T16:00,37.87,138.94,269.2,41.0125,50.391548,proxy,32.6,286.0,65.3,244.0,50.391548
2025-07-17T17:00,37.87,138.94,174.8,37.762499999999996,33.175292,proxy,32.3,189.0,52.9,164.0,33.175292
2025-07-17T18:00,37.87,138.94,86.6,34.20625,16.682191,proxy,31.5,93.0,10.5,90.0,16.682191
2025-07-17T19:00,37.87,138.94,24.6,31.16875,4.798599000000001,proxy,30.4,29.0,26.6,26.0,4.798599000000001
2025-07-18T06:00,37.87,138.94,56.1,26.553125,11.150295750000002,proxy,24.8,77.0,116.3,59.0,11.150295750000002
2025-07-18T07:00,37.87,138.94,175.1,31.771875,34.07139575,proxy,26.3,213.0,227.9,134.0,34.07139575
2025-07-18T08:00,37.87,138.94,335.8,39.09375,63.37385500000001,proxy,28.6,376.0,351.0,190.0,63.37385500000001
2025-07-18T09:00,37.87,138.94,562.3,47.771874999999994,102.21629974999999,proxy,30.2,597.0,552.0,215.0,102.21629974999999
2025-07-18T10:00,37.87,138.94,756.8,55.25,133.04543999999999,proxy,31.6,772.0,702.0,195.0,133.04543999999999
2025-07-18T11:00,37.87,138.94,863.1,59.171875,149.02500375000002,proxy,32.2,864.0,678.6,246.0,149.02500375000002
2025-07-18T12:00,37.87,138.94,908.2,60.98125,155.497463,proxy,32.6,899.0,695.0,237.0,155.497463
2025-07-18T13:00,37.87,138.94,872.0,59.95,150.01888,proxy,32.7,866.0,660.8,242.0,150.01888
2025-07-18T14:00,37.87,138.94,783.0,57.36875,136.324215,proxy,32.9,790.0,598.9,259.0,136.324215
2025-07-18T15:00,37.87,138.94,598.5,51.303125,107.10606375,proxy,32.6,621.0,427.6,286.0,107.10606375
2025-07-18T16:00,37.87,138.94,413.7,44.728125,76.21077975000001,proxy,31.8,444.0,319.4,239.0,76.21077975000001
2025-07-18T17:00,37.87,138.94,271.3,39.778125,51.05255575,proxy,31.3,315.0,356.4,147.0,51.05255575
2025-07-18T18:00,37.87,138.94,123.7,33.765625,23.87255375,proxy,29.9,167.0,253.7,95.0,23.87255375
2025-07-18T19:00,37.87,138.94,29.5,29.321875,5.79800375,proxy,28.4,41.0,89.4,31.0,5.79800375
2025-07-19T06:00,37.87,138.94,52.3,26.934375,10.37906575,proxy,25.3,71.0,104.8,55.0,10.37906575
2025-07-19T07:00,37.87,138.94,170.2,32.71875,32.989015,proxy,27.4,209.0,240.7,126.0,32.989015
2025-07-19T08:00,37.87,138.94,330.0,39.6125,62.1423,proxy,29.3,369.0,344.5,187.0,62.1423
2025-07-19T09:00,37.87,138.94,513.4,46.64375,93.790479,proxy,30.6,544.0,427.2,249.0,93.790479
2025-07-19T10:00,37.87,138.94,587.5,49.959375,105.76909375,proxy,31.6,605.0,386.3,288.0,105.76909375
2025-07-19T11:00,37.87,138.94,759.8,55.84375,133.211935,proxy,32.1,765.0,523.2,289.0,133.211935
2025-07-19T12:00,37.87,138.94,765.5,56.321875,133.91848375,proxy,32.4,769.0,448.7,342.0,133.91848375
2025-07-19T13:00,37.87,138.94,737.8,55.356249999999996,129.642527,proxy,32.3,741.0,451.6,315.0,129.642527
2025-07-19T14:00,37.87,138.94,621.2,51.612500000000004,111.014652,proxy,32.2,630.0,412.1,265.0,111.014652
2025-07-19T15:00,37.87,138.94,485.4,47.368750000000006,88.393767,proxy,32.2,506.0,242.8,316.0,88.393767
2025-07-19T16:00,37.87,138.94,402.3,44.371875,74.22535575,proxy,31.8,434.0,443.2,150.0,74.22535575
2025-07-19T17:00,37.87,138.94,273.5,39.946875,51.429623750000005,proxy,31.4,324.0,448.8,113.0,51.429623750000005
2025-07-19T18:00,37.87,138.94,126.2,34.24375,24.306751000000002,proxy,30.3,182.0,343.7,85.0,24.306751000000002
2025-07-19T19:00,37.87,138.94,22.0,29.1875,4.3263,proxy,28.5,38.0,135.0,23.0,4.3263
2025-07-20T06:00,37.87,138.94,45.0,26.50625,8.945775,proxy,25.1,82.0,232.5,47.0,8.945775
2025-07-20T07:00,37.87,138.94,181.1,32.459375,35.13928575,proxy,26.8,248.0,472.5,86.0,35.13928575
2025-07-20T08:00,37.87,138.94,383.2,40.975,71.74270399999999,proxy,29.0,442.0,645.7,102.0,71.74270399999999
2025-07-20T09:00,37.87,138.94,586.2,49.31875,105.835479,proxy,31.0,621.0,729.9,118.0,105.835479
2025-07-20T10:00,37.87,138.94,761.3,55.990625,133.38546975,proxy,32.2,771.0,784.7,128.0,133.38546975
2025-07-20T11:00,37.87,138.94,885.7,60.378125000000004,152.07247575,proxy,32.7,876.0,807.8,142.0,152.07247575
2025-07-20T12:00,37.87,138.94,926.6,61.95625,157.92507100000003,proxy,33.0,908.0,785.8,161.0,157.92507100000003
2025-07-20T13:00,37.87,138.94,929.4,62.34375,158.114175,proxy,33.3,911.0,814.9,143.0,158.114175
2025-07-20T14:00,37.87,138.94,851.8,59.81875,146.633111,proxy,33.2,847.0,807.0,133.0,146.633111
2025-07-20T15:00,37.87,138.94,628.3,52.534375,111.82012175,proxy,32.9,644.0,662.8,126.0,111.82012175
2025-07-20T16:00,37.87,138.94,518.8,48.9125,93.83535599999999,proxy,32.7,561.0,695.7,116.0,93.83535599999999
2025-07-20T17:00,37.87,138.94,320.9,42.128125,59.782867749999994,proxy,32.1,387.0,627.1,93.0,59.782867749999994
2025-07-20T18:00,37.87,138.94,121.2,34.7875,23.291004,proxy,31.0,187.0,420.4,69.0,23.291004
2025-07-20T19:00,37.87,138.94,21.1,28.659375,4.158229750000001,proxy,28.0,41.0,172.2,22.0,4.158229750000001
2025-07-21T06:00,37.87,138.94,36.6,27.34375,7.251375,proxy,26.2,83.0,303.3,38.0,7.251375
2025-07-21T07:00,37.87,138.94,171.4,33.35625,33.134191,proxy,28.0,236.0,463.4,78.0,33.134191
2025-07-21T08:00,37.87,138.94,380.8,41.7,71.07251200000002,proxy,29.8,438.0,636.3,104.0,71.07251200000002
2025-07-21T09:00,37.87,138.94,564.6,49.34375,101.92441500000001,proxy,31.7,597.0,677.7,131.0,101.92441500000001
2025-07-21T10:00,37.87,138.94,736.9,55.928124999999994,129.14725175,proxy,32.9,746.0,737.0,143.0,129.14725175
2025-07-21T11:00,37.87,138.94,821.9,59.284375,141.83733775,proxy,33.6,813.0,731.7,149.0,141.83733775
2025-07-21T12:00,37.87,138.94,877.8,61.33125,150.04674300000002,proxy,33.9,861.0,721.4,176.0,150.04674300000002
2025-07-21T13:00,37.87,138.94,867.0,60.89375,148.504095,proxy,33.8,850.0,743.5,150.0,148.504095
2025-07-21T14:00,37.87,138.94,791.1,58.421875,137.06796375000002,proxy,33.7,787.0,724.2,147.0,137.06796375000002
2025-07-21T15:00,37.87,138.94,621.4,52.91875,110.401031,proxy,33.5,637.0,618.9,154.0,110.401031
2025-07-21T16:00,37.87,138.94,476.1,47.878125,86.50617975000002,proxy,33.0,513.0,596.8,132.0,86.50617975000002
2025-07-21T17:00,37.87,138.94,280.3,40.859375,52.503693750000004,proxy,32.1,336.0,532.8,87.0,52.503693750000004
2025-07-21T18:00,37.87,138.94,107.2,34.35,20.638144,proxy,31.0,154.0,293.9,72.0,20.638144
2025-07-21T19:00,37.87,138.94,22.9,30.115624999999998,4.486281750000001,proxy,29.4,38.0,127.9,24.0,4.486281750000001
2025-07-22T06:00,37.87,138.94,37.4,27.76875,7.397159,proxy,26.6,79.0,273.7,39.0,7.397159
2025-07-22T07:00,37.87,138.94,172.8,33.2,33.426432,proxy,27.8,234.0,439.5,85.0,33.426432
2025-07-22T08:00,37.87,138.94,372.5,41.240625,69.66029375,proxy,29.6,427.0,613.6,106.0,69.66029375
2025-07-22T09:00,37.87,138.94,572.4,48.9875,103.49564400000001,proxy,31.1,604.0,701.0,123.0,103.49564400000001
2025-07-22T10:00,37.87,138.94,689.0,53.93125,121.85309500000001,proxy,32.4,698.0,653.7,164.0,121.85309500000001
2025-07-22T11:00,37.87,138.94,847.9,59.696875000000006,146.04441575,proxy,33.2,838.0,746.9,161.0,146.04441575
2025-07-22T12:00,37.87,138.94,887.6,61.4375,151.64646,proxy,33.7,866.0,765.4,140.0,151.64646
2025-07-22T13:00,37.87,138.94,882.3,61.571875,150.64610775,proxy,34.0,865.0,741.1,168.0,150.64610775
2025-07-22T14:00,37.87,138.94,771.4,57.806250000000006,134.034607,proxy,33.7,765.0,722.8,127.0,134.034607
2025-07-22T15:00,37.87,138.94,688.9,55.328125,121.06556375,proxy,33.8,703.0,745.6,122.0,121.06556375
2025-07-22T16:00,37.87,138.94,481.7,48.553125,87.26356774999999,proxy,33.5,518.0,599.6,136.0,87.26356774999999
2025-07-22T17:00,37.87,138.94,308.3,42.234375,57.40931375,proxy,32.6,368.0,577.4,99.0,57.40931375
2025-07-22T18:00,37.87,138.94,112.7,34.721875,21.663475750000003,proxy,31.2,169.0,364.3,68.0,21.663475750000003
2025-07-23T06:00,37.87,138.94,41.1,27.884375000000002,8.12516175,proxy,26.6,75.0,222.3,43.0,8.12516175
2025-07-23T07:00,37.87,138.94,172.6,33.09375,33.402415000000005,proxy,27.7,231.0,421.3,89.0,33.402415000000005
2025-07-23T08:00,37.87,138.94,361.1,40.584375,67.71798575000001,proxy,29.3,410.0,538.9,129.0,67.71798575000001
2025-07-23T09:00,37.87,138.94,538.1,47.715625,97.84137774999999,proxy,30.9,567.0,578.4,171.0,97.84137774999999
2025-07-23T10:00,37.87,138.94,673.4,53.243750000000006,119.464527,proxy,32.2,683.0,598.3,195.0,119.464527
2025-07-23T11:00,37.87,138.94,766.2,56.54375,133.904943,proxy,32.6,759.0,637.4,182.0,133.904943
2025-07-23T12:00,37.87,138.94,882.6,60.881249999999994,151.184967,proxy,33.3,864.0,716.7,185.0,151.184967
2025-07-23T13:00,37.87,138.94,861.4,60.118750000000006,148.078967,proxy,33.2,849.0,661.1,228.0,148.078967
2025-07-23T14:00,37.87,138.94,778.2,57.31875,135.519639,proxy,33.0,773.0,693.0,162.0,135.519639
2025-07-23T15:00,37.87,138.94,692.4,54.6375,122.06319599999999,proxy,33.0,706.0,726.2,141.0,122.06319599999999
2025-07-23T16:00,37.87,138.94,494.7,47.759375,89.93274975,proxy,32.3,531.0,626.1,133.0,89.93274975
2025-07-23T17:00,37.87,138.94,288.8,40.425,54.196208000000006,proxy,31.4,343.0,529.9,97.0,54.196208000000006
2025-07-23T18:00,37.87,138.94,117.2,33.7625,22.618428,proxy,30.1,173.0,363.1,73.0,22.618428
2025-07-23T19:00,37.87,138.94,22.0,29.4875,4.32102,proxy,28.8,41.0,167.2,23.0,4.32102
2025-07-24T06:00,37.87,138.94,37.4,26.66875,7.430071000000001,proxy,25.5,77.0,268.1,39.0,7.430071000000001
2025-07-24T07:00,37.87,138.94,176.3,32.609375,34.18677375000001,proxy,27.1,238.0,453.7,86.0,34.18677375000001
2025-07-24T08:00,37.87,138.94,368.8,40.525,69.17950400000001,proxy,29.0,419.0,573.4,121.0,69.17950400000001
2025-07-24T09:00,37.87,138.94,567.9,48.546875,102.88218375,proxy,30.8,597.0,677.7,134.0,102.88218375
2025-07-24T10:00,37.87,138.94,732.0,55.075,128.78808,proxy,32.2,739.0,695.1,173.0,128.78808
2025-07-24T11:00,37.87,138.94,858.4,59.925,147.69630400000003,proxy,33.1,846.0,751.1,167.0,147.69630400000003
2025-07-24T12:00,37.87,138.94,928.4,62.3125,157.96726,proxy,33.3,904.0,788.3,158.0,157.96726
2025-07-24T13:00,37.87,138.94,902.4,61.7,153.985536,proxy,33.5,881.0,768.4,160.0,153.985536
2025-07-24T14:00,37.87,138.94,829.7,59.328125,143.15436375000004,proxy,33.4,820.0,776.9,136.0,143.15436375000004
2025-07-24T15:00,37.87,138.94,714.3,55.721875,125.30429174999998,proxy,33.4,726.0,773.7,125.0,125.30429174999998
2025-07-24T16:00,37.87,138.94,514.1,48.665625000000006,93.08680175,proxy,32.6,551.0,682.7,118.0,93.08680175
2025-07-24T17:00,37.87,138.94,287.7,40.490625,53.97467775,proxy,31.5,339.0,501.5,107.0,53.97467775
2025-07-24T18:00,37.87,138.94,120.8,33.975,23.292655999999997,proxy,30.2,180.0,391.2,73.0,23.292655999999997
2025-07-24T19:00,37.87,138.94,21.0,29.75625,4.120095,proxy,29.1,39.0,159.3,22.0,4.120095
2025-07-25T06:00,37.87,138.94,36.5,26.940625,7.243333750000001,proxy,25.8,77.0,279.6,38.0,7.243333750000001
2025-07-25T07:00,37.87,138.94,176.4,32.612500000000004,34.205724000000004,proxy,27.1,242.0,495.4,77.0,34.205724000000004
2025-07-25T08:00,37.87,138.94,378.3,40.521875,70.96245975000001,proxy,28.7,431.0,633.2,103.0,70.96245975000001
2025-07-25T09:00,37.87,138.94,580.7,48.346875,105.29397575000002,proxy,30.2,609.0,717.4,120.0,105.29397575000002
2025-07-25T10:00,37.87,138.94,753.8,54.85625,132.755487,proxy,31.3,757.0,768.8,132.0,132.755487
2025-07-25T11:00,37.87,138.94,877.0,59.70625,151.050095,proxy,32.3,860.0,801.9,136.0,151.050095
2025-07-25T12:00,37.87,138.94,927.1,61.371875,158.44370775000002,proxy,32.4,902.0,779.7,165.0,158.44370775000002
2025-07-25T13:00,37.87,138.94,916.2,61.43125,156.537351,proxy,32.8,892.0,789.6,152.0,156.537351
2025-07-25T14:00,37.87,138.94,849.8,59.356249999999996,146.603247,proxy,32.8,838.0,799.5,135.0,146.603247
2025-07-25T15:00,37.87,138.94,720.8,55.025,126.846384,proxy,32.5,731.0,786.7,121.0,126.846384
2025-07-25T16:00,37.87,138.94,504.2,47.85625,91.620703,proxy,32.1,539.0,646.4,130.0,91.620703
2025-07-25T17:00,37.87,138.94,220.3,38.584375,41.66588975,proxy,31.7,255.0,327.7,104.0,41.66588975
2025-07-25T18:00,37.87,138.94,117.4,34.06875,22.628263000000004,proxy,30.4,180.0,423.6,65.0,22.628263000000004
2025-07-25T19:00,37.87,138.94,20.1,28.828125,3.9584437500000007,proxy,28.2,39.0,170.3,21.0,3.9584437500000007
2025-07-26T06:00,37.87,138.94,35.6,26.1125,7.088316000000002,proxy,25.0,79.0,306.1,37.0,7.088316000000002
2025-07-26T07:00,37.87,138.94,180.9,32.553125,35.08691175,proxy,26.9,249.0,522.6,76.0,35.08691175
2025-07-26T08:00,37.87,138.94,382.8,40.8625,71.702268,proxy,28.9,435.0,639.2,105.0,71.702268
2025-07-26T09:00,37.87,138.94,585.6,49.1,105.829632,proxy,30.8,613.0,708.7,131.0,105.829632
2025-07-26T10:00,37.87,138.94,760.1,56.153125,133.07640775000002,proxy,32.4,762.0,771.4,136.0,133.07640775000002
2025-07-26T11:00,37.87,138.94,886.8,60.9125,151.882236,proxy,33.2,868.0,811.9,136.0,151.882236
2025-07-26T12:00,37.87,138.94,946.9,63.190625,160.44983775,proxy,33.6,917.0,823.1,140.0,160.44983775
2025-07-26T13:00,37.87,138.94,945.3,63.140625,160.21653375000002,proxy,33.6,917.0,833.4,137.0,160.21653375000002
2025-07-26T14:00,37.87,138.94,866.8,60.4875,148.751548,proxy,33.4,853.0,817.8,135.0,148.751548
2025-07-26T15:00,37.87,138.94,713.5,55.696875,125.17822375000002,proxy,33.4,722.0,781.7,117.0,125.17822375000002
2025-07-26T16:00,37.87,138.94,501.7,48.578125,90.87668375,proxy,32.9,535.0,618.0,145.0,90.87668375
2025-07-26T17:00,37.87,138.94,238.0,39.1375,44.90822,proxy,31.7,276.0,370.4,106.0,44.90822
2025-07-26T18:00,37.87,138.94,88.5,32.965625,17.13603375,proxy,30.2,123.0,226.4,62.0,17.13603375
2025-07-27T06:00,37.87,138.94,38.2,27.19375,7.572959000000001,proxy,26.0,66.0,192.6,40.0,7.572959000000001
2025-07-27T07:00,37.87,138.94,157.6,31.825,30.659504,proxy,26.9,196.0,270.5,107.0,30.659504
2025-07-27T08:00,37.87,138.94,324.0,38.825,61.216559999999994,proxy,28.7,362.0,427.6,142.0,61.216559999999994
2025-07-27T09:00,37.87,138.94,502.4,46.3,91.919104,proxy,30.6,526.0,481.9,199.0,91.919104
2025-07-27T10:00,37.87,138.94,641.1,51.834375,114.45718575000001,proxy,31.8,649.0,513.5,233.0,114.45718575000001
2025-07-27T11:00,37.87,138.94,679.5,53.234375,120.55179375,proxy,32.0,681.0,424.3,299.0,120.55179375
2025-07-27T12:00,37.87,138.94,668.8,53.0,118.77887999999999,proxy,32.1,673.0,325.6,366.0,118.77887999999999
2025-07-27T13:00,37.87,138.94,602.4,51.325,107.79345599999999,proxy,32.5,614.0,224.7,404.0,107.79345599999999
2025-07-27T14:00,37.87,138.94,512.5,48.715625,92.77659374999999,proxy,32.7,526.0,196.2,354.0,92.77659374999999
2025-07-27T15:00,37.87,138.94,367.9,44.196875000000006,67.92997575,proxy,32.7,385.0,88.0,317.0,67.92997575
2025-07-27T16:00,37.87,138.94,434.9,45.890625,79.71173375000001,proxy,32.3,462.0,416.3,200.0,79.71173375000001
2025-07-27T17:00,37.87,138.94,238.5,39.153125,44.999583750000006,proxy,31.7,277.0,387.3,100.0,44.999583750000006
2025-07-27T18:00,37.87,138.94,108.2,34.38125,20.827959,proxy,31.0,150.0,276.9,76.0,20.827959
2025-07-28T06:00,37.87,138.94,37.4,26.96875,7.421095000000001,proxy,25.8,72.0,246.8,39.0,7.421095000000001
2025-07-28T07:00,37.87,138.94,174.0,32.9375,33.695100000000004,proxy,27.5,230.0,431.2,89.0,33.695100000000004
2025-07-28T08:00,37.87,138.94,360.8,40.475,67.69329600000002,proxy,29.2,404.0,518.8,138.0,67.69329600000002
2025-07-28T09:00,37.87,138.94,545.8,48.15625,99.049055,proxy,31.1,570.0,558.3,192.0,99.049055
2025-07-28T10:00,37.87,138.94,622.1,51.540625000000006,111.21126175,proxy,32.1,626.0,546.5,184.0,111.21126175
2025-07-28T11:00,37.87,138.94,835.8,59.01875,144.413703,proxy,32.9,823.0,675.2,216.0,144.413703
2025-07-28T12:00,37.87,138.94,910.5,61.753125,155.32902375000003,proxy,33.3,885.0,730.7,197.0,155.32902375000003
2025-07-28T13:00,37.87,138.94,914.5,61.978125,155.84680375,proxy,33.4,888.0,764.9,174.0,155.84680375
2025-07-28T14:00,37.87,138.94,841.6,59.7,144.957184,proxy,33.4,827.0,770.1,153.0,144.957184
2025-07-28T15:00,37.87,138.94,707.6,55.412499999999994,124.304092,proxy,33.3,714.0,752.3,134.0,124.304092
2025-07-28T16:00,37.87,138.94,521.6,48.900000000000006,94.347008,proxy,32.6,554.0,701.1,114.0,94.347008
2025-07-28T17:00,37.87,138.94,290.7,40.784375,54.46918575,proxy,31.7,338.0,492.3,114.0,54.46918575
2025-07-28T18:00,37.87,138.94,108.0,33.975,20.82456,proxy,30.6,153.0,305.8,72.0,20.82456
2025-07-29T06:00,37.87,138.94,33.6,27.150000000000002,6.662208000000001,proxy,26.1,70.0,263.8,35.0,6.662208000000001
2025-07-29T07:00,37.87,138.94,173.0,32.70625,33.533455000000004,proxy,27.3,234.0,486.2,76.0,33.533455000000004
2025-07-29T08:00,37.87,138.94,373.7,40.578125,70.08276375,proxy,28.9,421.0,622.5,103.0,70.08276375
2025-07-29T09:00,37.87,138.94,579.3,48.603125,104.92136775,proxy,30.5,602.0,715.1,119.0,104.92136775
2025-07-29T10:00,37.87,138.94,755.9,55.321875,132.84375575,proxy,31.7,753.0,769.2,132.0,132.84375575
2025-07-29T11:00,37.87,138.94,869.7,59.478125,149.95149975,proxy,32.3,848.0,777.6,150.0,149.95149975
2025-07-29T12:00,37.87,138.94,878.1,60.040625000000006,151.00466175,proxy,32.6,852.0,705.2,189.0,151.00466175
2025-07-29T13:00,37.87,138.94,883.9,60.421875,151.73248375,proxy,32.8,854.0,766.1,140.0,151.73248375
2025-07-29T14:00,37.87,138.94,749.2,56.112500000000004,131.192412,proxy,32.7,736.0,670.7,150.0,131.192412
2025-07-29T15:00,37.87,138.94,686.8,53.8625,121.50178799999998,proxy,32.4,691.0,740.9,121.0,121.50178799999998
2025-07-29T16:00,37.87,138.94,515.4,47.80625,93.676527,proxy,31.7,546.0,695.2,111.0,93.676527
2025-07-29T17:00,37.87,138.94,315.4,40.55625,59.154847,proxy,30.7,370.0,605.0,96.0,59.154847
2025-07-29T18:00,37.87,138.94,121.4,33.49375,23.455087000000002,proxy,29.7,186.0,461.0,65.0,23.455087000000002
2025-07-30T06:00,37.87,138.94,33.6,27.05,6.664896000000001,proxy,26.0,68.0,250.7,35.0,6.664896000000001
2025-07-30T07:00,37.87,138.94,171.3,33.253125,33.128991750000004,proxy,27.9,230.0,473.9,77.0,33.128991750000004
2025-07-30T08:00,37.87,138.94,372.3,41.334375,69.59496975,proxy,29.7,418.0,616.9,104.0,69.59496975
2025-07-30T09:00,37.87,138.94,576.8,49.224999999999994,104.181616,proxy,31.2,598.0,709.5,120.0,104.181616
2025-07-30T10:00,37.87,138.94,755.6,56.0125,132.37356400000002,proxy,32.4,751.0,770.6,130.0,132.37356400000002
2025-07-30T11:00,37.87,138.94,811.0,58.14375,140.696335,proxy,32.8,792.0,695.1,169.0,140.696335
2025-07-30T12:00,37.87,138.94,935.6,62.537499999999994,159.023932,proxy,33.3,900.0,807.4,142.0,159.023932
2025-07-30T13:00,37.87,138.94,931.8,62.418749999999996,158.466567,proxy,33.3,898.0,812.4,142.0,158.466567
2025-07-30T14:00,37.87,138.94,853.1,59.859375,146.82917375,proxy,33.2,833.0,803.7,132.0,146.82917375
2025-07-30T15:00,37.87,138.94,689.1,54.334374999999994,121.64854575000003,proxy,32.8,692.0,737.4,126.0,121.64854575000003
2025-07-30T16:00,37.87,138.94,518.6,48.10625,94.13367900000001,proxy,31.9,548.0,710.2,105.0,94.13367900000001
2025-07-30T17:00,37.87,138.94,310.8,40.8125,58.22838,proxy,31.1,364.0,605.8,91.0,58.22838
2025-07-30T18:00,37.87,138.94,115.8,34.01875,22.324503,proxy,30.4,176.0,434.6,63.0,22.324503
2025-07-31T06:00,37.87,138.94,37.3,26.465625,7.41626575,proxy,25.3,68.0,222.1,39.0,7.41626575
2025-07-31T07:00,37.87,138.94,176.8,32.825,34.253232000000004,proxy,27.3,238.0,505.1,76.0,34.253232000000004
2025-07-31T08:00,37.87,138.94,383.5,41.584375,71.61191375,proxy,29.6,430.0,654.7,98.0,71.61191375
2025-07-31T09:00,37.87,138.94,591.1,49.971875,106.41129975000001,proxy,31.5,611.0,739.5,114.0,106.41129975000001
2025-07-31T10:00,37.87,138.94,765.8,56.731249999999996,133.720167,proxy,32.8,759.0,787.0,126.0,133.720167
2025-07-31T11:00,37.87,138.94,890.6,61.431250000000006,152.163463,proxy,33.6,863.0,815.8,133.0,152.163463
2025-07-31T12:00,37.87,138.94,949.9,63.484375,160.73495375000002,proxy,33.8,911.0,827.8,135.0,160.73495375000002
2025-07-31T13:00,37.87,138.94,930.4,63.175,157.665584,proxy,34.1,894.0,819.0,133.0,157.665584
2025-07-31T14:00,37.87,138.94,847.7,60.690625000000004,145.33604575,proxy,34.2,826.0,798.3,131.0,145.33604575
2025-07-31T15:00,37.87,138.94,697.0,55.78125,122.236375,proxy,34.0,698.0,753.5,121.0,122.236375
2025-07-31T16:00,37.87,138.94,526.6,49.85625,94.84855900000001,proxy,33.4,555.0,720.5,107.0,94.84855900000001
2025-07-31T17:00,37.87,138.94,311.9,42.246875,58.076559749999994,proxy,32.5,364.0,606.6,92.0,58.076559749999994
2025-07-31T18:00,37.87,138.94,117.6,35.275,22.553328,proxy,31.6,179.0,450.6,63.0,22.553328
2025-08-01T06:00,37.87,138.94,31.7,25.990625,6.31487775,proxy,25.0,70.0,285.8,33.0,6.31487775
2025-08-01T07:00,37.87,138.94,180.8,32.75,35.03904,proxy,27.1,245.0,543.1,72.0,35.03904
2025-08-01T08:00,37.87,138.94,394.0,41.3125,73.65830000000001,proxy,29.0,441.0,688.8,93.0,73.65830000000001
2025-08-01T09:00,37.87,138.94,605.4,49.51875,109.205079,proxy,30.6,624.0,765.3,111.0,109.205079
2025-08-01T10:00,37.87,138.94,795.0,57.24375,138.492975,proxy,32.4,785.0,833.4,116.0,138.492975
2025-08-01T11:00,37.87,138.94,921.7,62.203125,156.90790375000003,proxy,33.4,890.0,856.3,125.0,156.90790375000003
2025-08-01T12:00,37.87,138.94,918.5,62.803125,155.92226375,proxy,34.1,880.0,792.8,138.0,155.92226375
2025-08-01T13:00,37.87,138.94,790.7,59.009375,136.62702975000002,proxy,34.3,765.0,635.0,176.0,136.62702975000002
2025-08-01T14:00,37.87,138.94,687.0,55.76875,120.489495,proxy,34.3,673.0,590.4,160.0,120.489495
2025-08-01T15:00,37.87,138.94,638.1,53.440625,113.10162975,proxy,33.5,640.0,642.7,149.0,113.10162975
2025-08-01T16:00,37.87,138.94,419.2,46.300000000000004,76.696832,proxy,33.2,441.0,487.4,139.0,76.696832
2025-08-01T17:00,37.87,138.94,240.6,40.01875,45.22919100000001,proxy,32.5,276.0,396.9,99.0,45.22919100000001
2025-08-01T18:00,37.87,138.94,103.1,34.621874999999996,19.826387750000002,proxy,31.4,146.0,310.1,67.0,19.826387750000002
2025-08-02T06:00,37.87,138.94,22.8,28.0125,4.505052,proxy,27.3,34.0,77.9,24.0,4.505052
2025-08-02T07:00,37.87,138.94,72.4,30.4625,14.163612000000002,proxy,28.2,86.0,98.0,55.0,14.163612000000002
2025-08-02T08:00,37.87,138.94,164.3,34.534375,31.60680175000001,proxy,29.4,179.0,160.9,98.0,31.60680175000001
2025-08-02T09:00,37.87,138.94,268.4,38.6875,50.74102,proxy,30.3,279.0,203.4,143.0,50.74102
2025-08-02T10:00,37.87,138.94,542.4,48.55,98.26118400000001,proxy,31.6,544.0,425.6,203.0,98.26118400000001
2025-08-02T11:00,37.87,138.94,539.9,48.371875,97.88521975,proxy,31.5,542.0,283.7,289.0,97.88521975
2025-08-02T12:00,37.87,138.94,472.4,46.5625,86.33109999999999,proxy,31.8,471.0,241.9,245.0,86.33109999999999
2025-08-02T13:00,37.87,138.94,560.5,50.315625,100.74847375,proxy,32.8,556.0,319.6,260.0,100.74847375
2025-08-02T14:00,37.87,138.94,488.0,47.65,88.75744,proxy,32.4,485.0,333.3,196.0,88.75744
2025-08-02T15:00,37.87,138.94,509.2,48.0125,92.46562800000001,proxy,32.1,515.0,414.7,199.0,92.46562800000001
2025-08-02T16:00,37.87,138.94,326.5,42.203125,60.80654375,proxy,32.0,343.0,325.5,142.0,60.80654375
2025-08-02T17:00,37.87,138.94,205.0,37.70625,38.916175,proxy,31.3,232.0,290.9,103.0,38.916175
2025-08-02T18:00,37.87,138.94,76.0,32.975,14.71512,proxy,30.6,98.0,150.8,60.0,14.71512
2025-08-03T06:00,37.87,138.94,30.6,26.85625,6.074559000000001,proxy,25.9,55.0,180.7,32.0,6.074559000000001
2025-08-03T07:00,37.87,138.94,149.1,32.259375,28.95410175,proxy,27.6,189.0,331.1,85.0,28.95410175
2025-08-03T08:00,37.87,138.94,326.5,39.003125,61.64238374999999,proxy,28.8,360.0,478.8,120.0,61.64238374999999
2025-08-03T09:00,37.87,138.94,474.3,44.721875,87.37673175000002,proxy,29.9,490.0,442.4,195.0,87.37673175000002
2025-08-03T10:00,37.87,138.94,698.3,52.821875,124.11758775,proxy,31.0,691.0,662.9,161.0,124.11758775
2025-08-03T11:00,37.87,138.94,856.7,58.171875,148.60532375000003,proxy,31.4,827.0,761.6,149.0,148.60532375000003
2025-08-03T12:00,37.87,138.94,945.4,61.54375,161.441231,proxy,32.0,902.0,815.8,141.0,161.441231
2025-08-03T13:00,37.87,138.94,934.8,61.2125,159.878844,proxy,32.0,894.0,810.3,145.0,159.878844
2025-08-03T14:00,37.87,138.94,821.5,57.171875,143.15664375,proxy,31.5,796.0,764.9,134.0,143.15664375
2025-08-03T15:00,37.87,138.94,689.3,52.840625,122.50756574999998,proxy,31.3,687.0,715.8,143.0,122.50756574999998
2025-08-03T16:00,37.87,138.94,513.6,46.55,93.86553600000002,proxy,30.5,537.0,681.1,118.0,93.86553600000002
2025-08-03T17:00,37.87,138.94,308.7,39.546875,58.14750375,proxy,29.9,356.0,587.4,97.0,58.14750375
2025-08-03T18:00,37.87,138.94,111.3,32.678125,21.576339750000002,proxy,29.2,159.0,357.3,70.0,21.576339750000002
2025-08-04T06:00,37.87,138.94,36.2,28.231250000000003,7.146423000000001,proxy,27.1,52.0,111.0,38.0,7.146423000000001
2025-08-04T07:00,37.87,138.94,159.0,33.76875,30.684615,proxy,28.8,201.0,355.9,90.0,30.684615
2025-08-04T08:00,37.87,138.94,276.9,39.053124999999994,52.26695175,proxy,30.4,302.0,324.4,140.0,52.26695175
2025-08-04T09:00,37.87,138.94,455.9,46.746875,83.24847975,proxy,32.5,470.0,425.5,187.0,83.24847975
2025-08-04T10:00,37.87,138.94,579.3,51.703125,103.48470375000001,proxy,33.6,577.0,480.0,194.0,103.48470375000001
2025-08-04T11:00,37.87,138.94,584.0,52.25,104.06880000000001,proxy,34.0,575.0,400.6,219.0,104.06880000000001
2025-08-04T12:00,37.87,138.94,754.5,58.378125,130.75296375000002,proxy,34.8,729.0,562.7,205.0,130.75296375000002
2025-08-04T13:00,37.87,138.94,703.3,57.078125,122.61156374999999,proxy,35.1,679.0,543.0,178.0,122.61156374999999
2025-08-04T14:00,37.87,138.94,723.4,57.90625,125.63649500000001,proxy,35.3,706.0,604.5,184.0,125.63649500000001
2025-08-04T15:00,37.87,138.94,495.8,50.09375,89.206815,proxy,34.6,499.0,415.6,184.0,89.206815
2025-08-04T16:00,37.87,138.94,406.5,46.703125,74.24214375000001,proxy,34.0,425.0,424.3,165.0,74.24214375000001
2025-08-04T17:00,37.87,138.94,243.2,40.7,45.585408,proxy,33.1,273.0,328.6,129.0,45.585408
2025-08-04T18:00,37.87,138.94,101.5,35.371875,19.45780375,proxy,32.2,141.0,296.6,68.0,19.45780375
2025-08-05T06:00,37.87,138.94,20.9,27.953125,4.13062375,proxy,27.3,27.0,40.0,22.0,4.13062375
2025-08-05T07:00,37.87,138.94,90.6,32.03125,17.610375,proxy,29.2,103.0,80.7,78.0,17.610375
2025-08-05T08:00,37.87,138.94,234.3,37.621875,44.494155750000004,proxy,30.3,254.0,241.3,134.0,44.494155750000004
2025-08-05T09:00,37.87,138.94,333.7,41.528125,62.327651749999994,proxy,31.1,345.0,253.3,177.0,62.327651749999994
2025-08-05T10:00,37.87,138.94,527.5,48.684375,95.50519375,proxy,32.2,527.0,401.9,207.0,95.50519375
2025-08-05T11:00,37.87,138.94,440.1,44.853125000000006,81.03011175,proxy,31.1,448.0,157.8,308.0,81.03011175
2025-08-05T12:00,37.87,138.94,381.5,41.721875,71.19648375,proxy,29.8,378.0,203.3,189.0,71.19648375
2025-08-05T13:00,37.87,138.94,350.4,40.75,65.66496000000001,proxy,29.8,360.0,84.7,282.0,65.66496000000001
2025-08-05T14:00,37.87,138.94,412.8,43.3,76.516608,proxy,30.4,420.0,163.6,279.0,76.516608
2025-08-05T15:00,37.87,138.94,314.1,40.015625,59.04687375,proxy,30.2,323.0,142.9,215.0,59.04687375
2025-08-05T16:00,37.87,138.94,285.5,38.421875,54.03444375,proxy,29.5,299.0,211.3,170.0,54.03444375
2025-08-05T17:00,37.87,138.94,211.8,36.31875,40.44215100000001,proxy,29.7,236.0,261.7,122.0,40.44215100000001
2025-08-05T18:00,37.87,138.94,85.4,30.76875,16.685879000000003,proxy,28.1,110.0,176.9,67.0,16.685879000000003
2025-08-06T07:00,37.87,138.94,63.0,29.16875,12.389895000000001,proxy,27.2,70.0,39.0,58.0,12.389895000000001
2025-08-06T08:00,37.87,138.94,98.1,29.965625,19.230297750000002,proxy,26.9,104.0,16.2,96.0,19.230297750000002
2025-08-06T09:00,37.87,138.94,224.2,34.00625,43.224639,proxy,27.0,235.0,57.5,197.0,43.224639
2025-08-06T10:00,37.87,138.94,368.0,39.7,69.27232000000001,proxy,28.2,376.0,164.9,245.0,69.27232000000001
2025-08-06T11:00,37.87,138.94,219.0,34.74375,42.092895000000006,proxy,27.9,227.0,39.5,192.0,42.092895000000006
2025-08-06T12:00,37.87,138.94,96.5,31.115625,18.82787375,proxy,28.1,102.0,0.0,102.0,18.82787375
2025-08-06T13:00,37.87,138.94,176.0,34.0,33.9328,proxy,28.5,183.0,23.9,161.0,33.9328
2025-08-06T14:00,37.87,138.94,286.6,37.75625,54.395247000000005,proxy,28.8,291.0,116.3,191.0,54.395247000000005
2025-08-06T15:00,37.87,138.94,197.6,33.875,38.11704,proxy,27.7,205.0,58.4,161.0,38.11704
2025-08-06T16:00,37.87,138.94,255.0,35.76875,48.803175,proxy,27.8,267.0,159.6,170.0,48.803175
2025-08-06T17:00,37.87,138.94,94.9,31.165625,18.51190575,proxy,28.2,101.0,16.2,94.0,18.51190575
2025-08-06T18:00,37.87,138.94,42.3,29.421875,8.310363749999999,proxy,28.1,47.0,20.8,42.0,8.310363749999999
2025-08-07T09:00,37.87,138.94,84.2,27.33125,16.682966999999998,proxy,24.7,89.0,0.0,89.0,16.682966999999998
2025-08-07T10:00,37.87,138.94,92.7,27.796875,18.33258375,proxy,24.9,98.0,0.0,98.0,18.33258375
2025-08-07T11:00,37.87,138.94,272.8,34.325,52.524912,proxy,25.8,280.0,73.6,215.0,52.524912
2025-08-07T12:00,37.87,138.94,457.9,41.209374999999994,85.64218175,proxy,26.9,463.0,162.0,313.0,85.64218175
2025-08-07T13:00,37.87,138.94,795.6,52.3625,141.704316,proxy,27.5,770.0,563.6,253.0,141.704316
2025-08-07T14:00,37.87,138.94,683.2,49.35,123.331264,proxy,28.0,666.0,538.7,204.0,123.331264
2025-08-07T15:00,37.87,138.94,575.8,46.49375,105.259119,proxy,28.5,571.0,557.8,152.0,105.259119
2025-08-07T16:00,37.87,138.94,307.8,37.51875,58.477383,proxy,27.9,320.0,300.7,138.0,58.477383
2025-08-07T17:00,37.87,138.94,196.5,33.940625,37.89453375,proxy,27.8,215.0,174.5,140.0,37.89453375
2025-08-07T18:00,37.87,138.94,85.9,28.584374999999998,16.93368175,proxy,25.9,108.0,160.5,70.0,16.93368175
2025-08-08T07:00,37.87,138.94,51.0,24.59375,10.216575,proxy,23.0,55.0,13.2,51.0,10.216575
2025-08-08T08:00,37.87,138.94,85.0,25.75625,16.948574999999998,proxy,23.1,90.0,10.2,85.0,16.948574999999998
2025-08-08T09:00,37.87,138.94,134.3,28.296875,26.505783750000003,proxy,24.1,141.0,22.8,126.0,26.505783750000003
2025-08-08T10:00,37.87,138.94,246.1,32.690625,47.70586975,proxy,25.0,255.0,60.7,207.0,47.70586975
2025-08-08T11:00,37.87,138.94,460.7,40.796875,86.31790375,proxy,26.4,464.0,197.3,290.0,86.31790375
2025-08-08T12:00,37.87,138.94,612.4,46.537499999999994,111.92834800000001,proxy,27.4,607.0,305.1,325.0,111.92834800000001
2025-08-08T13:00,37.87,138.94,619.6,47.0625,112.98406000000003,proxy,27.7,604.0,396.6,241.0,112.98406000000003
2025-08-08T14:00,37.87,138.94,761.1,52.884375000000006,135.24176175,proxy,29.1,740.0,604.3,223.0,135.24176175
2025-08-08T15:00,37.87,138.94,557.8,46.03125,102.175015,proxy,28.6,551.0,552.9,137.0,102.175015
2025-08-08T16:00,37.87,138.94,382.3,37.946875,72.50032775000001,proxy,26.0,395.0,454.6,121.0,72.50032775000001
2025-08-08T17:00,37.87,138.94,161.0,30.93125,31.436055000000003,proxy,25.9,177.0,171.0,104.0,31.436055000000003
2025-08-08T18:00,37.87,138.94,85.1,28.059375,16.81171775,proxy,25.4,112.0,209.8,63.0,16.81171775
2025-08-09T06:00,37.87,138.94,31.4,23.18125,6.325686999999999,proxy,22.2,43.0,83.1,33.0,6.325686999999999
2025-08-09T07:00,37.87,138.94,128.7,27.221874999999997,25.51123575,proxy,23.2,153.0,209.7,90.0,25.51123575
2025-08-09T08:00,37.87,138.94,300.8,34.3,57.922048000000004,proxy,24.9,324.0,368.1,144.0,57.922048000000004
2025-08-09T09:00,37.87,138.94,530.2,43.46875,98.20629500000001,proxy,26.9,538.0,556.6,173.0,98.20629500000001
2025-08-09T10:00,37.87,138.94,727.1,50.921875,130.34176375,proxy,28.2,707.0,713.4,144.0,130.34176375
2025-08-09T11:00,37.87,138.94,800.1,53.803125,141.58369575,proxy,28.8,768.0,656.7,190.0,141.58369575
2025-08-09T12:00,37.87,138.94,795.2,54.45,140.305088,proxy,29.6,760.0,599.4,207.0,140.305088
2025-08-09T13:00,37.87,138.94,766.2,54.243750000000006,135.314751,proxy,30.3,739.0,540.9,245.0,135.314751
2025-08-09T14:00,37.87,138.94,622.2,49.84375,112.07377500000001,proxy,30.4,603.0,500.4,176.0,112.07377500000001
2025-08-09T15:00,37.87,138.94,554.0,48.0125,100.60086000000001,proxy,30.7,547.0,534.6,148.0,100.60086000000001
2025-08-09T16:00,37.87,138.94,471.9,45.246875,86.73639974999999,proxy,30.5,485.0,620.1,113.0,86.73639974999999
2025-08-09T17:00,37.87,138.94,287.1,38.371875,54.34874775000001,proxy,29.4,324.0,547.3,92.0,54.34874775000001
2025-08-09T18:00,37.87,138.94,84.9,31.153125,16.56207975,proxy,28.5,118.0,273.6,55.0,16.56207975
2025-08-10T07:00,37.87,138.94,24.6,25.26875,4.9147110000000005,proxy,24.5,26.0,0.0,26.0,4.9147110000000005
2025-08-10T08:00,37.87,138.94,53.9,26.184375,10.728929750000002,proxy,24.5,57.0,0.0,57.0,10.728929750000002
2025-08-10T09:00,37.87,138.94,93.7,27.328125,18.565483750000002,proxy,24.4,99.0,0.0,99.0,18.565483750000002
2025-08-10T10:00,37.87,138.94,104.3,27.659374999999997,20.63810175,proxy,24.4,110.0,2.5,108.0,20.63810175
2025-08-10T11:00,37.87,138.94,226.2,31.86875,43.997031,proxy,24.8,236.0,25.0,214.0,43.997031
2025-08-10T12:00,37.87,138.94,124.3,28.184375,24.54334575,proxy,24.3,131.0,2.2,129.0,24.54334575
2025-08-10T13:00,37.87,138.94,211.2,31.299999999999997,41.175552,proxy,24.7,221.0,16.5,206.0,41.175552
2025-08-10T14:00,37.87,138.94,209.2,31.737499999999997,40.712412,proxy,25.2,215.0,54.0,169.0,40.712412
2025-08-10T15:00,37.87,138.94,141.4,29.61875,27.757527,proxy,25.2,149.0,5.4,145.0,27.757527
2025-08-10T16:00,37.87,138.94,73.8,27.30625,14.623838999999998,proxy,25.0,78.0,0.0,78.0,14.623838999999998
2025-08-10T17:00,37.87,138.94,34.1,25.965625,6.79365775,proxy,24.9,36.0,0.0,36.0,6.79365775
2025-08-11T07:00,37.87,138.94,106.5,28.028125,21.042003750000003,proxy,24.7,122.0,125.1,85.0,21.042003750000003
2025-08-11T08:00,37.87,138.94,194.2,31.168750000000003,37.881623000000005,proxy,25.1,207.0,154.7,132.0,37.881623000000005
2025-08-11T09:00,37.87,138.94,139.2,29.450000000000003,27.344448,proxy,25.1,146.0,24.5,130.0,27.344448
2025-08-11T10:00,37.87,138.94,78.6,27.95625,15.534111,proxy,25.5,83.0,0.0,83.0,15.534111
2025-08-11T11:00,37.87,138.94,251.0,34.74375,48.243455000000004,proxy,26.9,254.0,91.3,174.0,48.243455000000004
2025-08-11T12:00,37.87,138.94,415.7,40.790625,77.88866975,proxy,27.8,418.0,152.4,278.0,77.88866975
2025-08-11T13:00,37.87,138.94,501.0,44.25625,92.482095,proxy,28.6,504.0,187.0,334.0,92.482095
2025-08-11T14:00,37.87,138.94,499.5,44.509375,92.10405375,proxy,28.9,493.0,305.1,234.0,92.10405375
2025-08-11T15:00,37.87,138.94,442.6,42.83125,82.20631100000001,proxy,29.0,442.0,334.5,194.0,82.20631100000001
2025-08-11T16:00,37.87,138.94,366.2,40.24375,68.774191,proxy,28.8,377.0,373.5,155.0,68.774191
2025-08-11T17:00,37.87,138.94,233.9,35.309375,44.85090975,proxy,28.0,258.0,325.6,122.0,44.85090975
2025-08-11T18:00,37.87,138.94,78.4,29.849999999999998,15.375808000000001,proxy,27.4,97.0,143.3,65.0,15.375808000000001
2025-08-12T08:00,37.87,138.94,32.2,25.106250000000003,6.4372630000000015,proxy,24.1,34.0,0.0,34.0,6.4372630000000015
2025-08-12T09:00,37.87,138.94,49.2,25.5375,9.818844000000002,proxy,24.0,52.0,0.0,52.0,9.818844000000002
2025-08-12T10:00,37.87,138.94,104.2,27.25625,20.651919000000003,proxy,24.0,110.0,1.3,109.0,20.651919000000003
2025-08-12T11:00,37.87,138.94,130.3,28.271875,25.71893975,proxy,24.2,136.0,13.7,124.0,25.71893975
2025-08-12T12:00,37.87,138.94,147.3,29.103125,28.976487750000008,proxy,24.5,155.0,4.4,151.0,28.976487750000008
2025-08-12T13:00,37.87,138.94,99.4,27.90625,19.648895000000003,proxy,24.8,105.0,0.0,105.0,19.648895000000003
2025-08-12T14:00,37.87,138.94,146.7,29.484375,28.813713749999998,proxy,24.9,154.0,8.3,147.0,28.813713749999998
2025-08-12T15:00,37.87,138.94,109.8,28.03125,21.693735,proxy,24.6,116.0,0.0,116.0,21.693735
2025-08-12T16:00,37.87,138.94,54.9,26.315625,10.922217750000002,proxy,24.6,58.0,0.0,58.0,10.922217750000002
2025-08-12T17:00,37.87,138.94,35.0,26.09375,6.969374999999999,proxy,25.0,37.0,0.0,37.0,6.969374999999999
2025-08-13T07:00,37.87,138.94,116.1,28.228125000000002,22.920171749999998,proxy,24.6,137.0,202.7,78.0,22.920171749999998
2025-08-13T08:00,37.87,138.94,308.0,35.525,59.00664,proxy,25.9,328.0,407.9,132.0,59.00664
2025-08-13T09:00,37.87,138.94,487.3,42.328125,90.70480375000001,proxy,27.1,491.0,470.8,186.0,90.70480375000001
2025-08-13T10:00,37.87,138.94,628.6,47.64375,114.33291100000001,proxy,28.0,618.0,477.2,245.0,114.33291100000001
2025-08-13T11:00,37.87,138.94,758.2,52.29375,135.08470300000002,proxy,28.6,729.0,560.4,240.0,135.08470300000002
2025-08-13T12:00,37.87,138.94,768.2,53.10625,136.36702300000002,proxy,29.1,732.0,552.1,227.0,136.36702300000002
2025-08-13T13:00,37.87,138.94,956.2,59.681250000000006,164.71023100000002,proxy,29.8,893.0,833.2,139.0,164.71023100000002
2025-08-13T14:00,37.87,138.94,834.0,55.7625,146.27526,proxy,29.7,791.0,758.2,151.0,146.27526
2025-08-13T15:00,37.87,138.94,697.2,51.087500000000006,124.88943600000002,proxy,29.3,679.0,705.1,160.0,124.88943600000002
2025-08-13T16:00,37.87,138.94,497.3,44.140625,91.84509375,proxy,28.6,506.0,620.3,141.0,91.84509375
2025-08-13T17:00,37.87,138.94,273.9,36.359375,52.29093375,proxy,27.8,302.0,440.3,121.0,52.29093375
2025-08-13T18:00,37.87,138.94,92.9,29.703125,18.230463750000002,proxy,26.8,110.0,124.9,83.0,18.230463750000002
2025-08-14T06:00,37.87,138.94,25.7,24.303125,5.15432775,proxy,23.5,40.0,113.6,27.0,5.15432775
2025-08-14T07:00,37.87,138.94,127.6,29.087500000000002,25.102748000000002,proxy,25.1,144.0,135.1,105.0,25.102748000000002
2025-08-14T08:00,37.87,138.94,276.4,35.1375,53.038396000000006,proxy,26.5,293.0,259.2,169.0,53.038396000000006
2025-08-14T09:00,37.87,138.94,397.0,40.30625,74.538735,proxy,27.9,404.0,289.5,217.0,74.538735
2025-08-14T10:00,37.87,138.94,488.6,44.06875,90.26640700000002,proxy,28.8,481.0,354.0,205.0,90.26640700000002
2025-08-14T11:00,37.87,138.94,525.7,45.828125,96.38052375000001,proxy,29.4,508.0,360.6,194.0,96.38052375000001
2025-08-14T12:00,37.87,138.94,572.3,47.684375,104.07418575,proxy,29.8,547.0,392.3,189.0,104.07418575
2025-08-14T13:00,37.87,138.94,538.8,47.037499999999994,98.260956,proxy,30.2,525.0,309.1,246.0,98.260956
2025-08-14T14:00,37.87,138.94,414.3,43.546875,76.71282375000001,proxy,30.6,407.0,253.1,194.0,76.71282375000001
2025-08-14T15:00,37.87,138.94,486.2,46.59375,88.840895,proxy,31.4,476.0,447.3,148.0,88.840895
2025-08-14T16:00,37.87,138.94,473.2,46.1875,86.61926,proxy,31.4,479.0,618.4,117.0,86.61926
2025-08-14T17:00,37.87,138.94,252.4,38.7875,47.696028000000005,proxy,30.9,278.0,429.2,103.0,47.696028000000005
2025-08-14T18:00,37.87,138.94,86.6,32.00625,16.834607000000002,proxy,29.3,122.0,329.3,52.0,16.834607000000002
2025-08-15T07:00,37.87,138.94,118.0,29.8875,23.138620000000003,proxy,26.2,140.0,234.1,73.0,23.138620000000003
2025-08-15T08:00,37.87,138.94,135.2,31.025,26.388336,proxy,26.8,143.0,119.7,86.0,26.388336
2025-08-15T09:00,37.87,138.94,249.4,35.49375,47.786287,proxy,27.7,255.0,150.7,158.0,47.786287
2025-08-15T10:00,37.87,138.94,320.9,38.128125,60.80974774999999,proxy,28.1,323.0,156.9,201.0,60.80974774999999
2025-08-15T11:00,37.87,138.94,444.1,41.578125,82.93012375,proxy,27.7,436.0,247.5,221.0,82.93012375
2025-08-15T12:00,37.87,138.94,609.7,47.653125,110.89071175000001,proxy,28.6,585.0,395.3,225.0,110.89071175000001
2025-08-15T13:00,37.87,138.94,592.5,47.215625,107.96979375,proxy,28.7,577.0,335.4,275.0,107.96979375
2025-08-15T14:00,37.87,138.94,544.2,45.806250000000006,99.78179100000001,proxy,28.8,535.0,321.8,265.0,99.78179100000001
2025-08-15T15:00,37.87,138.94,467.9,43.421875,86.68432374999999,proxy,28.8,464.0,350.4,208.0,86.68432374999999
2025-08-15T16:00,37.87,138.94,370.6,40.28125,69.589415,proxy,28.7,377.0,401.9,143.0,69.589415
2025-08-15T17:00,37.87,138.94,188.0,34.175,36.22008,proxy,28.3,205.0,264.6,98.0,36.22008
2025-08-15T18:00,37.87,138.94,66.3,29.471874999999997,13.02281175,proxy,27.4,86.0,177.1,49.0,13.02281175
2025-08-16T06:00,37.87,138.94,23.8,24.24375,4.774399000000001,proxy,23.5,36.0,98.2,25.0,4.774399000000001
2025-08-16T07:00,37.87,138.94,136.8,28.875,26.935920000000003,proxy,24.6,161.0,260.7,87.0,26.935920000000003
2025-08-16T08:00,37.87,138.94,332.1,36.278125,63.42362775,proxy,25.9,350.0,476.8,124.0,63.42362775
2025-08-16T09:00,37.87,138.94,567.8,45.24375,104.364479,proxy,27.5,560.0,676.3,126.0,104.364479
2025-08-16T10:00,37.87,138.94,731.2,51.45,130.767808,proxy,28.6,696.0,728.4,131.0,130.767808
2025-08-16T11:00,37.87,138.94,822.2,55.19375,144.57975900000002,proxy,29.5,771.0,713.1,153.0,144.57975900000002
2025-08-16T12:00,37.87,138.94,852.6,56.64375,148.936431,proxy,30.0,795.0,693.5,165.0,148.936431
2025-08-16T13:00,37.87,138.94,864.2,57.90625,150.08993500000003,proxy,30.9,807.0,712.6,167.0,150.08993500000003
2025-08-16T14:00,37.87,138.94,795.6,55.8625,139.476636,proxy,31.0,750.0,714.9,152.0,139.476636
2025-08-16T15:00,37.87,138.94,650.3,51.421875,116.31428375,proxy,31.1,625.0,695.3,119.0,116.31428375
2025-08-16T16:00,37.87,138.94,503.8,46.54375,92.07700700000001,proxy,30.8,506.0,678.6,113.0,92.07700700000001
2025-08-16T17:00,37.87,138.94,268.7,38.296875,50.88170375000001,proxy,29.9,295.0,511.4,90.0,50.88170375000001
2025-08-16T18:00,37.87,138.94,82.2,31.368750000000002,16.021191,proxy,28.8,110.0,263.3,56.0,16.021191
2025-08-17T06:00,37.87,138.94,22.9,24.615624999999998,4.58704175,proxy,23.9,41.0,153.4,24.0,4.58704175
2025-08-17T07:00,37.87,138.94,153.4,30.49375,30.005807000000004,proxy,25.7,183.0,348.2,85.0,30.005807000000004
2025-08-17T08:00,37.87,138.94,351.5,38.384375,66.53631374999999,proxy,27.4,369.0,525.7,121.0,66.53631374999999
2025-08-17T09:00,37.87,138.94,537.2,45.8875,98.46338800000001,proxy,29.1,532.0,575.3,164.0,98.46338800000001
2025-08-17T10:00,37.87,138.94,694.3,52.096875,123.80931174999999,proxy,30.4,663.0,654.0,157.0,123.80931174999999
2025-08-17T11:00,37.87,138.94,750.3,54.446875,132.38480775,proxy,31.0,708.0,606.1,184.0,132.38480775
2025-08-17T12:00,37.87,138.94,735.2,54.175,129.880432,proxy,31.2,694.0,533.0,211.0,129.880432
2025-08-17T13:00,37.87,138.94,840.3,58.059375,145.83616575,proxy,31.8,786.0,672.1,184.0,145.83616575
2025-08-17T14:00,37.87,138.94,734.7,54.859375,129.38985375000001,proxy,31.9,693.0,642.8,157.0,129.38985375000001
2025-08-17T15:00,37.87,138.94,673.8,52.95625,119.690463,proxy,31.9,647.0,706.5,135.0,119.690463
2025-08-17T16:00,37.87,138.94,385.5,43.246875,71.47266375000001,proxy,31.2,389.0,444.6,133.0,71.47266375000001
2025-08-17T17:00,37.87,138.94,231.1,38.021875,43.812515749999996,proxy,30.8,251.0,354.9,110.0,43.812515749999996
2025-08-17T18:00,37.87,138.94,84.2,32.73125,16.319223,proxy,30.1,106.0,198.8,66.0,16.319223
2025-08-18T07:00,37.87,138.94,90.1,28.715625,17.75217775,proxy,25.9,102.0,118.3,69.0,17.75217775
2025-08-18T08:00,37.87,138.94,152.1,31.553125,29.62261575,proxy,26.8,160.0,98.0,114.0,29.62261575
2025-08-18T09:00,37.87,138.94,404.3,40.834375,75.73852975000001,proxy,28.2,406.0,326.2,198.0,75.73852975000001
2025-08-18T10:00,37.87,138.94,576.1,47.603125000000006,104.80267175000002,proxy,29.6,560.0,439.4,221.0,104.80267175000002
2025-08-18T11:00,37.87,138.94,722.7,53.284375,128.18710575000003,proxy,30.7,680.0,585.5,175.0,128.18710575000003
2025-08-18T12:00,37.87,138.94,869.1,58.559375,150.48683775,proxy,31.4,815.0,652.7,225.0,150.48683775
2025-08-18T13:00,37.87,138.94,803.5,56.909375,140.18865375000001,proxy,31.8,755.0,609.0,211.0,140.18865375000001
2025-08-18T14:00,37.87,138.94,717.9,54.334374999999994,126.73268175000001,proxy,31.9,681.0,586.0,194.0,126.73268175000001
2025-08-18T15:00,37.87,138.94,501.1,47.159375,91.33674975000001,proxy,31.5,490.0,417.1,189.0,91.33674975000001
2025-08-18T16:00,37.87,138.94,480.0,46.6,87.7056,proxy,31.6,479.0,644.6,110.0,87.7056
2025-08-18T17:00,37.87,138.94,278.0,39.6875,52.3335,proxy,31.0,303.0,546.3,88.0,52.3335
2025-08-18T18:00,37.87,138.94,87.7,32.240625,17.031997750000002,proxy,29.5,121.0,339.8,54.0,17.031997750000002
2025-08-19T06:00,37.87,138.94,21.0,25.75625,4.187295,proxy,25.1,39.0,156.9,22.0,4.187295
2025-08-19T07:00,37.87,138.94,153.4,30.693749999999998,29.981263000000002,proxy,25.9,183.0,383.2,77.0,29.981263000000002
2025-08-19T08:00,37.87,138.94,353.7,38.753125,66.84841574999999,proxy,27.7,368.0,547.8,112.0,66.84841574999999
2025-08-19T09:00,37.87,138.94,511.4,45.18125,94.023447,proxy,29.2,503.0,550.8,153.0,94.023447
2025-08-19T10:00,37.87,138.94,736.6,53.618750000000006,130.45554300000003,proxy,30.6,697.0,713.5,148.0,130.45554300000003
2025-08-19T11:00,37.87,138.94,771.7,55.615625,135.43913775000001,proxy,31.5,724.0,626.6,185.0,135.43913775000001
2025-08-19T12:00,37.87,138.94,749.2,54.9125,131.911644,proxy,31.5,696.0,593.4,161.0,131.911644
2025-08-19T13:00,37.87,138.94,760.6,55.56875,133.519527,proxy,31.8,713.0,577.0,199.0,133.519527
2025-08-19T14:00,37.87,138.94,639.0,51.66875,114.166935,proxy,31.7,608.0,497.4,196.0,114.166935
2025-08-19T15:00,37.87,138.94,621.9,51.234375,111.32787375,proxy,31.8,594.0,649.9,127.0,111.32787375
2025-08-19T16:00,37.87,138.94,423.2,44.125,78.16504,proxy,30.9,423.0,522.0,126.0,78.16504
2025-08-19T17:00,37.87,138.94,184.7,36.371875,35.259691749999995,proxy,30.6,199.0,264.3,96.0,35.259691749999995
2025-08-19T18:00,37.87,138.94,56.7,31.771875,11.032827750000001,proxy,30.0,75.0,186.4,39.0,11.032827750000001
2025-08-20T07:00,37.87,138.94,143.5,30.784375,28.03595375,proxy,26.3,171.0,375.7,68.0,28.03595375
2025-08-20T08:00,37.87,138.94,333.8,37.93125,63.306839000000004,proxy,27.5,346.0,496.7,115.0,63.306839000000004
2025-08-20T09:00,37.87,138.94,519.6,45.5375,95.38297200000002,proxy,29.3,508.0,579.6,141.0,95.38297200000002
2025-08-20T10:00,37.87,138.94,622.6,50.75625,111.691327,proxy,31.3,596.0,529.1,190.0,111.691327
2025-08-20T11:00,37.87,138.94,692.2,53.13125,122.86203900000002,proxy,31.5,652.0,533.8,194.0,122.86203900000002
2025-08-20T12:00,37.87,138.94,640.9,52.028125,114.32213975,proxy,32.0,613.0,391.4,261.0,114.32213975
2025-08-20T13:00,37.87,138.94,833.8,58.856249999999996,144.176527,proxy,32.8,777.0,649.7,200.0,144.176527
2025-08-20T14:00,37.87,138.94,685.6,53.125,121.694,proxy,31.7,642.0,598.5,148.0,121.694
2025-08-20T15:00,37.87,138.94,449.7,46.353125,82.25799975,proxy,32.3,441.0,342.5,196.0,82.25799975
2025-08-20T16:00,37.87,138.94,466.1,47.165625000000006,84.95488175000001,proxy,32.6,463.0,603.1,122.0,84.95488175000001
2025-08-20T17:00,37.87,138.94,250.6,38.83125,47.347111000000005,proxy,31.0,270.0,435.4,102.0,47.347111000000005
2025-08-20T18:00,37.87,138.94,65.9,31.359375,12.844733750000001,proxy,29.3,88.0,232.9,44.0,12.844733750000001
2025-08-21T07:00,37.87,138.94,34.5,27.478125,6.83160375,proxy,26.4,37.0,11.0,34.0,6.83160375
2025-08-21T08:00,37.87,138.94,135.4,31.93125,26.329207,proxy,27.7,141.0,123.2,84.0,26.329207
2025-08-21T09:00,37.87,138.94,163.7,33.515625,31.624793750000002,proxy,28.4,168.0,66.6,126.0,31.624793750000002
2025-08-21T10:00,37.87,138.94,317.3,38.915625,59.92765775000001,proxy,29.0,319.0,135.9,215.0,59.92765775000001
2025-08-21T11:00,37.87,138.94,456.3,43.859375,84.37557375,proxy,29.6,438.0,291.0,189.0,84.37557375
2025-08-21T12:00,37.87,138.94,541.8,47.43125,98.63739899999999,proxy,30.5,531.0,248.7,308.0,98.63739899999999
2025-08-21T13:00,37.87,138.94,552.2,48.056250000000006,100.25467100000002,proxy,30.8,541.0,260.9,310.0,100.25467100000002
2025-08-21T14:00,37.87,138.94,496.2,46.80625,90.583791,proxy,31.3,485.0,279.7,255.0,90.583791
2025-08-21T15:00,37.87,138.94,419.7,44.115625,77.52173775,proxy,31.0,416.0,268.2,225.0,77.52173775
2025-08-21T16:00,37.87,138.94,353.1,41.634375000000006,65.92112175,proxy,30.6,352.0,409.4,122.0,65.92112175
2025-08-21T17:00,37.87,138.94,173.9,35.634375,33.30054575,proxy,30.2,186.0,233.0,97.0,33.30054575
2025-08-21T18:00,37.87,138.94,61.8,30.831249999999997,12.071703,proxy,28.9,74.0,113.7,53.0,12.071703
2025-08-22T07:00,37.87,138.94,145.6,30.25,28.50848,proxy,25.7,170.0,352.9,75.0,28.50848
2025-08-22T08:00,37.87,138.94,330.3,37.721875,62.69837175000001,proxy,27.4,339.0,514.8,102.0,62.69837175000001
2025-08-22T09:00,37.87,138.94,553.3,46.190625,101.28018175,proxy,28.9,535.0,644.1,130.0,101.28018175
2025-08-22T10:00,37.87,138.94,699.2,52.35,124.54150399999999,proxy,30.5,661.0,631.8,179.0,124.54150399999999
2025-08-22T11:00,37.87,138.94,818.0,57.2625,142.48742000000001,proxy,31.7,767.0,628.1,231.0,142.48742000000001
2025-08-22T12:00,37.87,138.94,888.7,59.971875000000004,152.87639575,proxy,32.2,826.0,665.3,231.0,152.87639575
2025-08-22T13:00,37.87,138.94,845.9,59.134375000000006,146.08058575,proxy,32.7,786.0,650.3,212.0,146.08058575
2025-08-22T14:00,37.87,138.94,774.7,57.009375,135.10186975000002,proxy,32.8,730.0,617.5,224.0,135.10186975000002
2025-08-22T15:00,37.87,138.94,609.2,51.6375,108.85794800000001,proxy,32.6,591.0,500.9,236.0,108.85794800000001
2025-08-22T16:00,37.87,138.94,457.9,46.909375,83.55415775,proxy,32.6,456.0,514.3,169.0,83.55415775
2025-08-22T17:00,37.87,138.94,255.6,40.1875,48.01446000000001,proxy,32.2,273.0,410.2,118.0,48.01446000000001
2025-08-22T18:00,37.87,138.94,78.7,33.159375,15.226285750000002,proxy,30.7,102.0,255.1,56.0,15.226285750000002
2025-08-23T07:00,37.87,138.94,150.0,31.5875,29.209500000000002,proxy,26.9,173.0,341.3,82.0,29.209500000000002
2025-08-23T08:00,37.87,138.94,340.0,39.325,64.1036,proxy,28.7,348.0,497.8,120.0,64.1036
2025-08-23T09:00,37.87,138.94,547.5,47.909375,99.46569375,proxy,30.8,528.0,630.5,133.0,99.46569375
2025-08-23T10:00,37.87,138.94,713.7,55.103125,125.55231975000001,proxy,32.8,667.0,690.3,142.0,125.55231975000001
2025-08-23T11:00,37.87,138.94,800.9,58.228125000000006,138.89007575,proxy,33.2,736.0,698.0,142.0,138.89007575
2025-08-23T12:00,37.87,138.94,871.0,60.71875,149.31117500000002,proxy,33.5,797.0,713.2,161.0,149.31117500000002
2025-08-23T13:00,37.87,138.94,840.8,59.875,144.70168,proxy,33.6,773.0,684.2,171.0,144.70168
2025-08-23T14:00,37.87,138.94,758.2,57.29375,132.051903,proxy,33.6,703.0,671.3,155.0,132.051903
2025-08-23T15:00,37.87,138.94,561.0,50.83125,100.60693500000001,proxy,33.3,533.0,553.0,143.0,100.60693500000001
2025-08-23T16:00,37.87,138.94,426.6,46.33125,78.04007100000001,proxy,33.0,420.0,543.0,119.0,78.04007100000001
2025-08-23T17:00,37.87,138.94,213.4,38.868750000000006,40.312327,proxy,32.2,227.0,337.1,101.0,40.312327
2025-08-23T18:00,37.87,138.94,75.2,33.05,14.555712000000002,proxy,30.7,99.0,272.9,51.0,14.555712000000002
2025-08-24T07:00,37.87,138.94,152.6,32.46875,29.608215,proxy,27.7,178.0,424.0,66.0,29.608215
2025-08-24T08:00,37.87,138.94,315.9,38.871875,59.674299749999996,proxy,29.0,321.0,496.0,95.0,59.674299749999996
2025-08-24T09:00,37.87,138.94,565.2,48.1625,102.56684400000002,proxy,30.5,541.0,674.4,120.0,102.56684400000002
2025-08-24T10:00,37.87,138.94,737.3,55.040625,129.74083775000003,proxy,32.0,686.0,718.8,141.0,129.74083775000003
2025-08-24T11:00,37.87,138.94,765.3,56.315625,133.88732174999998,proxy,32.4,712.0,599.8,203.0,133.88732174999998
2025-08-24T12:00,37.87,138.94,891.0,61.04375,152.508015,proxy,33.2,813.0,729.9,164.0,152.508015
2025-08-24T13:00,37.87,138.94,891.7,61.065625000000004,152.61222575000002,proxy,33.2,812.0,758.3,147.0,152.61222575000002
2025-08-24T14:00,37.87,138.94,775.8,57.34375,135.086175,proxy,33.1,713.0,715.8,131.0,135.086175
2025-08-24T15:00,37.87,138.94,631.0,52.41875,112.35901500000001,proxy,32.7,596.0,638.4,148.0,112.35901500000001
2025-08-24T16:00,37.87,138.94,469.3,46.965624999999996,85.61322575000001,proxy,32.3,459.0,621.3,117.0,85.61322575000001
2025-08-24T17:00,37.87,138.94,207.5,38.084375,39.32799375,proxy,31.6,220.0,376.1,81.0,39.32799375
2025-08-24T18:00,37.87,138.94,72.7,32.371875,14.111251750000001,proxy,30.1,97.0,291.7,47.0,14.111251750000001
2025-08-25T07:00,37.87,138.94,139.1,31.646875,27.08033575,proxy,27.3,160.0,359.3,66.0,27.08033575
2025-08-25T08:00,37.87,138.94,356.6,40.04375,67.02831900000001,proxy,28.9,360.0,580.2,97.0,67.02831900000001
2025-08-25T09:00,37.87,138.94,548.2,47.73125,99.670983,proxy,30.6,522.0,662.5,110.0,99.670983
2025-08-25T10:00,37.87,138.94,708.4,54.037499999999994,125.22386800000001,proxy,31.9,657.0,690.6,135.0,125.22386800000001
2025-08-25T11:00,37.87,138.94,843.4,58.85625,145.836511,proxy,32.5,771.0,731.6,152.0,145.836511
2025-08-25T12:00,37.87,138.94,845.3,59.415625,145.78677775,proxy,33.0,772.0,676.9,172.0,145.78677775
2025-08-25T13:00,37.87,138.94,811.3,58.753125,140.35287175,proxy,33.4,743.0,654.4,171.0,140.35287175
2025-08-25T14:00,37.87,138.94,802.8,58.4875,139.052988,proxy,33.4,739.0,718.7,157.0,139.052988
2025-08-25T15:00,37.87,138.94,548.9,50.153125,98.73475975,proxy,33.0,525.0,484.2,187.0,98.73475975
2025-08-25T16:00,37.87,138.94,424.4,45.462500000000006,77.932572,proxy,32.2,413.0,572.7,100.0,77.932572
2025-08-25T17:00,37.87,138.94,237.8,38.83125,44.928743000000004,proxy,31.4,251.0,476.3,77.0,44.928743000000004
2025-08-25T18:00,37.87,138.94,65.7,31.953125,12.774543750000001,proxy,29.9,85.0,233.7,46.0,12.774543750000001
2025-08-26T07:00,37.87,138.94,144.8,32.325,28.111472000000006,proxy,27.8,166.0,389.9,65.0,28.111472000000006
2025-08-26T08:00,37.87,138.94,328.9,39.478125,61.97051575,proxy,29.2,331.0,514.6,99.0,61.97051575
2025-08-26T09:00,37.87,138.94,541.2,48.1125,98.23321200000001,proxy,31.2,515.0,634.4,122.0,98.23321200000001
2025-08-26T10:00,37.87,138.94,726.0,55.1875,127.6671,proxy,32.5,670.0,715.3,131.0,127.6671
2025-08-26T11:00,37.87,138.94,841.4,59.39375,145.128879,proxy,33.1,767.0,729.0,152.0,145.128879
2025-08-26T12:00,37.87,138.94,813.6,58.724999999999994,140.76907200000002,proxy,33.3,740.0,657.5,159.0,140.76907200000002
2025-08-26T13:00,37.87,138.94,729.6,56.3,127.65081600000002,proxy,33.5,669.0,574.0,169.0,127.65081600000002
2025-08-26T14:00,37.87,138.94,695.3,53.728125,123.08026775,proxy,32.0,646.0,572.8,184.0,123.08026775
2025-08-26T15:00,37.87,138.94,477.1,46.909375,87.05762975000002,proxy,32.0,454.0,430.5,155.0,87.05762975000002
2025-08-26T16:00,37.87,138.94,283.0,39.34375,53.352575,proxy,30.5,279.0,309.7,111.0,53.352575
2025-08-26T17:00,37.87,138.94,210.2,36.26875,40.145047,proxy,29.7,221.0,346.3,96.0,40.145047
2025-08-26T18:00,37.87,138.94,54.4,30.8,10.627584,proxy,29.1,67.0,147.9,43.0,10.627584
2025-08-27T07:00,37.87,138.94,102.8,31.0125,20.065532,proxy,27.8,115.0,210.5,61.0,20.065532
2025-08-27T08:00,37.87,138.94,262.9,36.815625,50.09493775,proxy,28.6,267.0,305.5,130.0,50.09493775
2025-08-27T09:00,37.87,138.94,334.7,40.159375,62.880925749999996,proxy,29.7,327.0,286.8,150.0,62.880925749999996
2025-08-27T10:00,37.87,138.94,300.9,37.803124999999994,57.09803175,proxy,28.4,298.0,143.8,190.0,57.09803175
2025-08-27T11:00,37.87,138.94,185.5,33.496875,35.83906375,proxy,27.7,195.0,5.9,190.0,35.83906375
2025-08-27T12:00,37.87,138.94,172.6,33.09375,33.402415000000005,proxy,27.7,182.0,2.3,180.0,33.402415000000005
2025-08-27T13:00,37.87,138.94,338.0,37.8625,64.12198000000001,proxy,27.3,339.0,100.2,252.0,64.12198000000001
2025-08-27T14:00,37.87,138.94,319.7,37.090625,60.84770175,proxy,27.1,316.0,138.2,205.0,60.84770175
2025-08-27T15:00,37.87,138.94,284.8,36.5,54.33984,proxy,27.6,278.0,192.5,145.0,54.33984
2025-08-27T16:00,37.87,138.94,187.5,34.059375,36.141093749999996,proxy,28.2,187.0,165.3,98.0,36.141093749999996
2025-08-27T17:00,37.87,138.94,126.1,32.340624999999996,24.47947775,proxy,28.4,132.0,213.1,56.0,24.47947775
2025-08-27T18:00,37.87,138.94,43.9,28.971875,8.64050775,proxy,27.6,57.0,171.2,30.0,8.64050775
2025-08-28T07:00,37.87,138.94,123.2,27.75,24.36896,proxy,23.9,135.0,181.2,89.0,24.36896
2025-08-28T08:00,37.87,138.94,286.4,34.65,55.068992,proxy,25.7,289.0,354.3,131.0,55.068992
2025-08-28T09:00,37.87,138.94,531.4,44.006249999999994,98.200063,proxy,27.4,503.0,608.4,129.0,98.200063
2025-08-28T10:00,37.87,138.94,700.1,50.278125,125.86222775,proxy,28.4,648.0,645.2,165.0,125.86222775
2025-08-28T11:00,37.87,138.94,891.2,57.150000000000006,155.318336,proxy,29.3,807.0,775.3,157.0,155.318336
2025-08-28T12:00,37.87,138.94,881.4,57.04375,153.68531099999998,proxy,29.5,807.0,660.5,227.0,153.68531099999998
2025-08-28T13:00,37.87,138.94,889.8,57.90625,154.53601500000002,proxy,30.1,812.0,698.3,208.0,154.53601500000002
2025-08-28T14:00,37.87,138.94,840.2,56.556250000000006,146.82915100000002,proxy,30.3,766.0,757.8,160.0,146.82915100000002
2025-08-28T15:00,37.87,138.94,671.0,50.96875,120.25997500000001,proxy,30.0,621.0,722.0,125.0,120.25997500000001
2025-08-28T16:00,37.87,138.94,496.9,45.128125,91.37866774999999,proxy,29.6,476.0,699.9,102.0,91.37866774999999
2025-08-28T17:00,37.87,138.94,264.5,36.765625,50.410393750000004,proxy,28.5,275.0,542.3,84.0,50.410393750000004
2025-08-28T18:00,37.87,138.94,68.4,28.9375,13.464540000000001,proxy,26.8,85.0,215.7,52.0,13.464540000000001
2025-08-29T07:00,37.87,138.94,56.7,26.571875000000002,11.268699750000001,proxy,24.8,60.0,4.0,59.0,11.268699750000001
2025-08-29T08:00,37.87,138.94,67.2,27.8,13.289472000000002,proxy,25.7,71.0,0.0,71.0,13.289472000000002
2025-08-29T09:00,37.87,138.94,190.1,32.940625,36.81238975,proxy,27.0,195.0,58.8,159.0,36.81238975
2025-08-29T10:00,37.87,138.94,469.7,43.078125,87.14696375,proxy,28.4,462.0,235.9,286.0,87.14696375
2025-08-29T11:00,37.87,138.94,728.8,52.175,129.915888,proxy,29.4,689.0,458.3,306.0,129.915888
2025-08-29T12:00,37.87,138.94,659.5,50.409375,118.49401375,proxy,29.8,623.0,386.2,285.0,118.49401375
2025-08-29T13:00,37.87,138.94,696.2,52.25625,124.059359,proxy,30.5,664.0,384.1,333.0,124.059359
2025-08-29T14:00,37.87,138.94,617.4,49.99375,111.135087,proxy,30.7,593.0,363.0,304.0,111.135087
2025-08-29T15:00,37.87,138.94,534.9,47.415625,97.38790575,proxy,30.7,517.0,386.4,253.0,97.38790575
2025-08-29T16:00,37.87,138.94,377.0,42.28125,70.18797500000001,proxy,30.5,373.0,348.9,188.0,70.18797500000001
2025-08-29T17:00,37.87,138.94,116.3,33.734375,22.44735375,proxy,30.1,122.0,77.6,95.0,22.44735375
2025-08-29T18:00,37.87,138.94,58.3,30.621875,11.39779575,proxy,28.8,67.0,94.4,53.0,11.39779575
2025-08-30T07:00,37.87,138.94,134.2,31.09375,26.185775,proxy,26.9,149.0,353.9,61.0,26.185775
2025-08-30T08:00,37.87,138.94,332.1,38.478125000000006,62.83913175,proxy,28.1,328.0,507.9,104.0,62.83913175
2025-08-30T09:00,37.87,138.94,413.4,42.21875,76.985415,proxy,29.3,391.0,446.1,119.0,76.985415
2025-08-30T10:00,37.87,138.94,568.5,47.765625,103.34619375,proxy,30.0,524.0,515.1,141.0,103.34619375
2025-08-30T11:00,37.87,138.94,593.4,48.54375,107.50331100000001,proxy,30.0,544.0,461.0,160.0,107.50331100000001
2025-08-30T12:00,37.87,138.94,642.3,50.571875,115.32014775,proxy,30.5,592.0,446.0,203.0,115.32014775
2025-08-30T13:00,37.87,138.94,575.9,47.996875,104.58487975000001,proxy,30.0,535.0,387.9,202.0,104.58487975000001
2025-08-30T14:00,37.87,138.94,582.2,48.79375,105.35782300000001,proxy,30.6,541.0,445.3,188.0,105.35782300000001
2025-08-30T15:00,37.87,138.94,448.9,44.928124999999994,82.62341175,proxy,30.9,420.0,425.5,131.0,82.62341175
2025-08-30T16:00,37.87,138.94,348.4,41.3875,65.11247599999999,proxy,30.5,340.0,372.7,144.0,65.11247599999999
2025-08-30T17:00,37.87,138.94,161.3,34.840625,30.990165750000006,proxy,29.8,167.0,256.4,79.0,30.990165750000006
2025-08-30T18:00,37.87,138.94,46.8,30.2625,9.162972,proxy,28.8,60.0,195.2,32.0,9.162972
2025-08-31T07:00,37.87,138.94,129.1,30.234375,25.27939375,proxy,26.2,142.0,329.2,61.0,25.27939375
2025-08-31T08:00,37.87,138.94,346.2,38.91875,65.38506299999999,proxy,28.1,339.0,554.2,96.0,65.38506299999999
2025-08-31T09:00,37.87,138.94,537.9,46.309375,98.41014975,proxy,29.5,502.0,625.8,122.0,98.41014975
2025-08-31T10:00,37.87,138.94,720.9,53.328125,127.84260375,proxy,30.8,656.0,695.1,141.0,127.84260375
2025-08-31T11:00,37.87,138.94,780.6,55.79375,136.889919,proxy,31.4,702.0,669.7,146.0,136.889919
2025-08-31T12:00,37.87,138.94,854.7,58.809375,147.82250175000001,proxy,32.1,762.0,714.4,141.0,147.82250175000001
2025-08-31T13:00,37.87,138.94,854.0,59.0875,147.51142000000002,proxy,32.4,762.0,728.4,139.0,147.51142000000002
2025-08-31T14:00,37.87,138.94,756.5,56.140625,132.45369375,proxy,32.5,686.0,669.1,158.0,132.45369375
2025-08-31T15:00,37.87,138.94,495.9,47.796875,90.13602375,proxy,32.3,456.0,521.2,104.0,90.13602375
2025-08-31T16:00,37.87,138.94,422.3,45.396875,77.56911975,proxy,32.2,401.0,578.9,99.0,77.56911975
2025-08-31T17:00,37.87,138.94,241.2,38.7375,45.589212,proxy,31.2,247.0,490.2,81.0,45.589212
2025-08-31T18:00,37.87,138.94,61.0,31.50625,11.882495000000002,proxy,29.6,80.0,305.4,37.0,11.882495000000002
2025-09-01T07:00,37.87,138.94,147.0,31.59375,28.624575,proxy,27.0,161.0,410.8,61.0,28.624575
2025-09-01T08:00,37.87,138.94,357.9,39.984375,67.28967375,proxy,28.8,348.0,582.7,94.0,67.28967375
2025-09-01T09:00,37.87,138.94,568.3,48.659375,102.90350175,proxy,30.9,527.0,671.4,121.0,102.90350175
2025-09-01T10:00,37.87,138.94,754.4,56.175,132.06526399999998,proxy,32.6,681.0,747.7,129.0,132.06526399999998
2025-09-01T11:00,37.87,138.94,863.1,60.471875,148.12737975000002,proxy,33.5,771.0,755.3,146.0,148.12737975000002
2025-09-01T12:00,37.87,138.94,884.9,61.453125,151.17410375,proxy,33.8,790.0,722.6,164.0,151.17410375
2025-09-01T13:00,37.87,138.94,852.7,60.946875,146.01847975,proxy,34.3,762.0,710.2,157.0,146.01847975
2025-09-01T14:00,37.87,138.94,747.6,57.462500000000006,130.104828,proxy,34.1,678.0,649.3,168.0,130.104828
2025-09-01T15:00,37.87,138.94,617.6,53.2,109.586944,proxy,33.9,570.0,619.6,154.0,109.586944
2025-09-01T16:00,37.87,138.94,439.4,47.03125,80.13557499999999,proxy,33.3,419.0,560.5,129.0,80.13557499999999
2025-09-01T17:00,37.87,138.94,218.0,38.7125,41.208540000000006,proxy,31.9,223.0,392.1,92.0,41.208540000000006
2025-09-01T18:00,37.87,138.94,53.4,31.568749999999998,10.399382999999998,proxy,29.9,64.0,158.9,42.0,10.399382999999998
2025-09-02T07:00,37.87,138.94,145.4,32.24375,28.237407,proxy,27.7,158.0,415.3,58.0,28.237407
2025-09-02T08:00,37.87,138.94,360.6,40.76875,67.571031,proxy,29.5,348.0,600.0,88.0,67.571031
2025-09-02T09:00,37.87,138.94,585.7,49.703125,105.56510375000002,proxy,31.4,538.0,717.4,106.0,105.56510375000002
2025-09-02T10:00,37.87,138.94,750.7,56.559375,131.18670175000003,proxy,33.1,674.0,751.8,121.0,131.18670175000003
2025-09-02T11:00,37.87,138.94,856.4,60.462500000000006,146.98393199999998,proxy,33.7,759.0,768.8,125.0,146.98393199999998
2025-09-02T12:00,37.87,138.94,881.0,61.43125,150.523255,proxy,33.9,776.0,760.0,120.0,150.523255
2025-09-02T13:00,37.87,138.94,902.7,62.609375,153.38001375000002,proxy,34.4,796.0,794.3,122.0,153.38001375000002
2025-09-02T14:00,37.87,138.94,618.0,53.2125,109.65174,proxy,33.9,566.0,496.3,178.0,109.65174
2025-09-02T15:00,37.87,138.94,483.3,48.203125,87.68874375000001,proxy,33.1,446.0,475.0,129.0,87.68874375000001
2025-09-02T16:00,37.87,138.94,377.5,43.296875,69.97434375,proxy,31.5,364.0,417.1,150.0,69.97434375
2025-09-02T17:00,37.87,138.94,153.9,34.809375,29.57226975,proxy,30.0,158.0,215.5,87.0,29.57226975
2025-09-02T18:00,37.87,138.94,32.5,29.815625,6.37479375,proxy,28.8,36.0,36.7,31.0,6.37479375
2025-09-03T07:00,37.87,138.94,26.3,25.121875,5.257435750000001,proxy,24.3,28.0,25.2,22.0,5.257435750000001
2025-09-03T08:00,37.87,138.94,119.7,28.240625,23.629677750000003,proxy,24.5,117.0,162.5,47.0,23.629677750000003
2025-09-03T09:00,37.87,138.94,414.6,38.95625,78.29099100000002,proxy,26.0,399.0,336.9,197.0,78.29099100000002
2025-09-03T10:00,37.87,138.94,554.4,44.625,102.17591999999999,proxy,27.3,514.0,443.4,189.0,102.17591999999999
2025-09-03T11:00,37.87,138.94,724.4,50.537499999999994,130.080508,proxy,27.9,664.0,525.7,232.0,130.080508
2025-09-03T12:00,37.87,138.94,683.8,50.068749999999994,123.04639099999999,proxy,28.7,622.0,486.0,204.0,123.04639099999999
2025-09-03T13:00,37.87,138.94,744.4,52.3625,132.585084,proxy,29.1,668.0,588.0,171.0,132.585084
2025-09-03T14:00,37.87,138.94,737.6,52.55,131.26329600000003,proxy,29.5,665.0,641.3,166.0,131.26329600000003
2025-09-03T15:00,37.87,138.94,609.9,48.559375,110.48490975,proxy,29.5,554.0,651.3,122.0,110.48490975
2025-09-03T16:00,37.87,138.94,356.8,40.15,67.035584,proxy,29.0,345.0,371.5,156.0,67.035584
2025-09-03T17:00,37.87,138.94,226.2,35.26875,43.381767,proxy,28.2,229.0,418.7,93.0,43.381767
2025-09-03T18:00,37.87,138.94,58.8,28.4375,11.5983,proxy,26.6,74.0,291.6,35.0,11.5983
2025-09-04T07:00,37.87,138.94,123.8,27.768749999999997,24.485783,proxy,23.9,132.0,301.6,61.0,24.485783
2025-09-04T08:00,37.87,138.94,279.5,34.034375,53.87991375000001,proxy,25.3,270.0,411.1,94.0,53.87991375000001
2025-09-04T09:00,37.87,138.94,526.7,43.959375,97.35127775000002,proxy,27.5,487.0,583.0,139.0,97.35127775000002
2025-09-04T10:00,37.87,138.94,735.6,52.1875,131.1207,proxy,29.2,656.0,734.1,120.0,131.1207
2025-09-04T11:00,37.87,138.94,820.1,55.928125,143.72867575,proxy,30.3,723.0,731.5,124.0,143.72867575
2025-09-04T12:00,37.87,138.94,895.3,59.278125,154.50863575,proxy,31.3,784.0,771.4,123.0,154.50863575
2025-09-04T13:00,37.87,138.94,928.5,61.115625,158.87331375,proxy,32.1,813.0,820.9,122.0,158.87331375
2025-09-04T14:00,37.87,138.94,806.1,56.790625000000006,140.71886175,proxy,31.6,713.0,765.9,120.0,140.71886175
2025-09-04T15:00,37.87,138.94,595.6,49.6125,107.392636,proxy,31.0,544.0,602.2,147.0,107.392636
2025-09-04T16:00,37.87,138.94,370.4,40.875,69.37592,proxy,29.3,354.0,420.4,142.0,69.37592
2025-09-04T17:00,37.87,138.94,187.5,34.359375,36.09609375,proxy,28.5,190.0,306.1,92.0,36.09609375
2025-09-04T18:00,37.87,138.94,52.2,29.03125,10.271655000000003,proxy,27.4,62.0,182.7,38.0,10.271655000000003
2025-09-05T07:00,37.87,138.94,29.3,26.315624999999997,5.829161750000001,proxy,25.4,31.0,0.0,31.0,5.829161750000001
2025-09-05T08:00,37.87,138.94,50.2,27.06875,9.956919000000001,proxy,25.5,53.0,0.0,53.0,9.956919000000001
2025-09-05T09:00,37.87,138.94,93.5,28.821875,18.414123749999998,proxy,25.9,98.0,6.7,94.0,18.414123749999998
2025-09-05T10:00,37.87,138.94,81.4,28.54375,16.049231,proxy,26.0,86.0,0.0,86.0,16.049231
2025-09-05T11:00,37.87,138.94,103.2,29.625,20.25816,proxy,26.4,109.0,0.0,109.0,20.25816
2025-09-05T12:00,37.87,138.94,208.0,33.3,40.21888,proxy,26.8,217.0,12.9,206.0,40.21888
2025-09-05T13:00,37.87,138.94,333.8,38.03125,63.28013500000001,proxy,27.6,344.0,41.8,309.0,63.28013500000001
2025-09-05T14:00,37.87,138.94,344.1,39.053125,64.95145575000001,proxy,28.3,354.0,51.9,314.0,64.95145575000001
2025-09-05T15:00,37.87,138.94,267.2,36.75,50.92831999999999,proxy,28.4,275.0,50.4,242.0,50.92831999999999
2025-09-05T16:00,37.87,138.94,392.4,40.2625,73.688796,proxy,28.0,368.0,508.1,114.0,73.688796
2025-09-05T17:00,37.87,138.94,191.4,33.28125,37.011975,proxy,27.3,191.0,383.6,70.0,37.011975
2025-09-05T18:00,37.87,138.94,45.8,28.131249999999998,9.045271,proxy,26.7,55.0,193.8,30.0,9.045271
2025-09-06T07:00,37.87,138.94,116.0,27.625,22.956400000000002,proxy,24.0,122.0,208.7,74.0,22.956400000000002
2025-09-06T08:00,37.87,138.94,283.6,34.5625,54.55046000000001,proxy,25.7,277.0,331.1,137.0,54.55046000000001
2025-09-06T09:00,37.87,138.94,487.1,42.421875,90.63104375000002,proxy,27.2,455.0,473.3,175.0,90.63104375000002
2025-09-06T10:00,37.87,138.94,738.2,50.96875,132.303895,proxy,27.9,661.0,692.8,159.0,132.303895
2025-09-06T11:00,37.87,138.94,858.3,55.021874999999994,151.04577975,proxy,28.2,759.0,729.5,166.0,151.04577975
2025-09-06T12:00,37.87,138.94,911.3,57.078125,158.87376375,proxy,28.6,803.0,739.6,174.0,158.87376375
2025-09-06T13:00,37.87,138.94,932.4,58.1375,161.76207600000004,proxy,29.0,819.0,788.4,161.0,161.76207600000004
2025-09-06T14:00,37.87,138.94,839.6,55.337500000000006,147.542908,proxy,29.1,740.0,786.6,137.0,147.542908
2025-09-06T15:00,37.87,138.94,694.4,50.7,124.60313599999999,proxy,29.0,620.0,771.3,118.0,124.60313599999999
2025-09-06T16:00,37.87,138.94,477.1,43.609375,88.31717375000001,proxy,28.7,440.0,678.4,104.0,88.31717375000001
2025-09-06T17:00,37.87,138.94,248.1,35.553125,47.52541575000001,proxy,27.8,245.0,537.6,78.0,47.52541575000001
2025-09-06T18:00,37.87,138.94,54.5,28.203125,10.76034375,proxy,26.5,66.0,276.6,31.0,10.76034375
2025-09-07T07:00,37.87,138.94,154.0,27.5125,30.490460000000002,proxy,22.7,160.0,453.1,57.0,30.490460000000002
2025-09-07T08:00,37.87,138.94,354.9,35.390625,68.02989375000001,proxy,24.3,334.0,571.2,94.0,68.02989375000001
2025-09-07T09:00,37.87,138.94,550.8,44.412499999999994,101.606076,proxy,27.2,502.0,618.2,138.0,101.606076
2025-09-07T10:00,37.87,138.94,716.4,51.9875,127.812924,proxy,29.6,639.0,673.4,153.0,127.812924
2025-09-07T11:00,37.87,138.94,824.6,56.868750000000006,143.896823,proxy,31.1,725.0,710.0,150.0,143.896823
2025-09-07T12:00,37.87,138.94,799.0,56.16875,139.876935,proxy,31.2,714.0,593.8,211.0,139.876935
2025-09-07T13:00,37.87,138.94,812.6,56.09375,142.306575,proxy,30.7,723.0,634.2,196.0,142.306575
2025-09-07T14:00,37.87,138.94,714.7,52.334375,127.31129775000002,proxy,30.0,645.0,579.6,203.0,127.31129775000002
2025-09-07T15:00,37.87,138.94,384.3,40.309375,72.15328575000001,proxy,28.3,364.0,280.0,183.0,72.15328575000001
2025-09-07T16:00,37.87,138.94,208.4,35.0125,40.010716,proxy,28.5,204.0,167.1,122.0,40.010716
2025-09-07T17:00,37.87,138.94,46.4,29.849999999999998,9.099968,proxy,28.4,49.0,0.0,49.0,9.099968
2025-09-08T07:00,37.87,138.94,23.7,26.040625000000002,4.720269750000001,proxy,25.3,25.0,0.0,25.0,4.720269750000001
2025-09-08T08:00,37.87,138.94,69.4,27.26875,13.754039000000002,proxy,25.1,73.0,4.8,71.0,13.754039000000002
2025-09-08T09:00,37.87,138.94,132.8,29.15,26.119104000000004,proxy,25.0,139.0,10.2,133.0,26.119104000000004
2025-09-08T10:00,37.87,138.94,184.3,31.059375000000003,35.96660575000001,proxy,25.3,192.0,15.3,181.0,35.96660575000001
2025-09-08T11:00,37.87,138.94,197.6,31.575,38.480624000000006,proxy,25.4,200.0,42.1,166.0,38.480624000000006
2025-09-08T12:00,37.87,138.94,218.3,33.221875,42.224131750000005,proxy,26.4,222.0,39.1,189.0,42.224131750000005
2025-09-08T13:00,37.87,138.94,344.7,37.671875,65.44560375,proxy,26.9,327.0,171.6,185.0,65.44560375
2025-09-08T14:00,37.87,138.94,380.3,39.584375,71.62284975,proxy,27.7,368.0,175.3,235.0,71.62284975
2025-09-08T15:00,37.87,138.94,318.1,38.440625,60.19962975000001,proxy,28.5,307.0,190.0,185.0,60.19962975000001
2025-09-08T16:00,37.87,138.94,319.4,38.78125,60.358615,proxy,28.8,306.0,314.8,153.0,60.358615
2025-09-08T17:00,37.87,138.94,193.3,34.140625,37.24649375,proxy,28.1,193.0,302.5,102.0,37.24649375
2025-09-08T18:00,37.87,138.94,39.6,28.0375,7.823772000000001,proxy,26.8,44.0,90.5,33.0,7.823772000000001
2025-09-09T07:00,37.87,138.94,69.9,27.784375,13.824297750000001,proxy,25.6,72.0,139.7,41.0,13.824297750000001
2025-09-09T08:00,37.87,138.94,242.6,34.68125,46.641063,proxy,27.1,230.0,335.1,91.0,46.641063
2025-09-09T09:00,37.87,138.94,510.1,44.540625000000006,94.04586175,proxy,28.6,464.0,550.3,143.0,94.04586175
2025-09-09T10:00,37.87,138.94,595.3,48.303124999999994,107.96211975000001,proxy,29.7,535.0,516.8,165.0,107.96211975000001
2025-09-09T11:00,37.87,138.94,657.2,50.837500000000006,117.85567600000002,proxy,30.3,587.0,505.3,181.0,117.85567600000002
2025-09-09T12:00,37.87,138.94,797.8,55.53125,140.073735,proxy,30.6,707.0,602.2,201.0,140.073735
2025-09-09T13:00,37.87,138.94,819.2,55.900000000000006,143.58937600000002,proxy,30.3,720.0,661.8,175.0,143.58937600000002
2025-09-09T14:00,37.87,138.94,596.8,48.55,108.11628800000001,proxy,29.9,535.0,487.8,167.0,108.11628800000001
2025-09-09T15:00,37.87,138.94,512.8,45.625,94.0988,proxy,29.6,467.0,479.9,161.0,94.0988
2025-09-09T16:00,37.87,138.94,436.8,42.45,81.26227200000001,proxy,28.8,400.0,598.5,112.0,81.26227200000001
2025-09-09T17:00,37.87,138.94,161.2,33.2375,31.177692,proxy,28.2,162.0,209.6,100.0,31.177692
2025-09-09T18:00,37.87,138.94,33.4,29.24375,6.566607,proxy,28.2,36.0,33.6,32.0,6.566607
2025-09-10T07:00,37.87,138.94,68.8,26.45,13.680192,proxy,24.3,71.0,105.0,48.0,13.680192
2025-09-10T08:00,37.87,138.94,281.4,34.193749999999994,54.210303,proxy,25.4,268.0,356.8,121.0,54.210303
2025-09-10T09:00,37.87,138.94,527.6,43.2875,97.801212,proxy,26.8,478.0,568.5,148.0,97.801212
2025-09-10T10:00,37.87,138.94,535.7,44.440625,98.80852575000002,proxy,27.7,481.0,458.7,154.0,98.80852575000002
2025-09-10T11:00,37.87,138.94,648.8,48.875,117.36791999999998,proxy,28.6,583.0,474.8,203.0,117.36791999999998
2025-09-10T12:00,37.87,138.94,807.9,54.446875,142.54789575,proxy,29.2,707.0,640.6,171.0,142.54789575
2025-09-10T13:00,37.87,138.94,695.7,51.440625,124.42420575000001,proxy,29.7,632.0,462.4,253.0,124.42420575000001
2025-09-10T14:00,37.87,138.94,527.8,46.193749999999994,96.611151,proxy,29.7,494.0,319.9,254.0,96.611151
2025-09-10T15:00,37.87,138.94,416.8,41.825,77.74987200000001,proxy,28.8,392.0,304.8,199.0,77.74987200000001
2025-09-10T16:00,37.87,138.94,221.1,34.209375,42.59104575,proxy,27.3,223.0,100.8,175.0,42.59104575
2025-09-10T17:00,37.87,138.94,106.9,29.640625,20.98313375,proxy,26.3,111.0,44.7,98.0,20.98313375
2025-09-10T18:00,37.87,138.94,24.6,25.868750000000002,4.902903000000001,proxy,25.1,26.0,0.0,26.0,4.902903000000001
2025-09-11T07:00,37.87,138.94,38.5,24.403125,7.71838375,proxy,23.2,40.0,32.4,33.0,7.71838375
2025-09-11T08:00,37.87,138.94,112.2,27.50625,22.215039,proxy,24.0,115.0,41.5,98.0,22.215039
2025-09-11T09:00,37.87,138.94,116.4,28.7375,22.931964,proxy,25.1,119.0,27.7,103.0,22.931964
2025-09-11T10:00,37.87,138.94,170.8,31.637500000000003,33.253052000000004,proxy,26.3,172.0,45.1,140.0,33.253052000000004
2025-09-11T11:00,37.87,138.94,322.8,37.5875,61.309404,proxy,27.5,313.0,128.0,211.0,61.309404
2025-09-11T12:00,37.87,138.94,518.2,44.79375,95.43430300000001,proxy,28.6,501.0,200.4,334.0,95.43430300000001
2025-09-11T13:00,37.87,138.94,502.7,44.309375,92.77454175,proxy,28.6,491.0,177.8,346.0,92.77454175
2025-09-11T14:00,37.87,138.94,470.9,43.115624999999994,87.35548175000001,proxy,28.4,445.0,260.1,251.0,87.35548175000001
2025-09-11T15:00,37.87,138.94,382.6,40.65625,71.727935,proxy,28.7,370.0,211.6,237.0,71.727935
2025-09-11T16:00,37.87,138.94,294.3,37.696875,55.87064775000001,proxy,28.5,285.0,239.6,172.0,55.87064775000001
2025-09-11T17:00,37.87,138.94,152.2,32.45625,29.532127,proxy,27.7,153.0,171.6,104.0,29.532127
2025-09-11T18:00,37.87,138.94,32.4,27.1125,6.425244000000001,proxy,26.1,35.0,61.5,28.0,6.425244000000001
2025-09-12T07:00,37.87,138.94,137.0,28.08125,27.062295000000002,proxy,23.8,136.0,374.6,56.0,27.062295000000002
2025-09-12T08:00,37.87,138.94,376.2,37.55625,71.461071,proxy,25.8,342.0,622.4,89.0,71.461071
2025-09-12T09:00,37.87,138.94,585.0,45.78125,107.274375,proxy,27.5,517.0,689.1,121.0,107.274375
2025-09-12T10:00,37.87,138.94,781.7,52.728125000000006,138.99993975000004,proxy,28.3,681.0,754.1,148.0,138.99993975000004
2025-09-12T11:00,37.87,138.94,805.4,54.46875,142.09269500000002,proxy,29.3,701.0,674.1,166.0,142.09269500000002
2025-09-12T12:00,37.87,138.94,749.0,53.40625,132.778975,proxy,30.0,681.0,468.9,292.0,132.778975
2025-09-12T13:00,37.87,138.94,632.9,50.178124999999994,113.83181175,proxy,30.4,582.0,378.2,275.0,113.83181175
2025-09-12T14:00,37.87,138.94,484.0,45.425,88.89144000000002,proxy,30.3,457.0,265.6,260.0,88.89144000000002
2025-09-12T15:00,37.87,138.94,366.9,40.965625,68.69376974999999,proxy,29.5,360.0,168.3,255.0,68.69376974999999
2025-09-12T16:00,37.87,138.94,224.0,35.3,42.954240000000006,proxy,28.3,225.0,105.0,176.0,42.954240000000006
2025-09-12T17:00,37.87,138.94,87.1,30.121875,17.063107749999997,proxy,27.4,91.0,21.4,85.0,17.063107749999997
2025-09-13T07:00,37.87,138.94,37.3,25.765625,7.43715375,proxy,24.6,39.0,14.2,36.0,7.43715375
2025-09-13T08:00,37.87,138.94,185.2,31.487499999999997,36.078812,proxy,25.7,181.0,158.6,117.0,36.078812
2025-09-13T09:00,37.87,138.94,145.2,30.737499999999997,28.373531999999997,proxy,26.2,150.0,22.7,137.0,28.373531999999997
2025-09-13T10:00,37.87,138.94,203.7,33.165625,39.40932975,proxy,26.8,213.0,11.4,205.0,39.40932975
2025-09-13T11:00,37.87,138.94,192.9,33.028125,37.341099750000005,proxy,27.0,203.0,3.8,200.0,37.341099750000005
2025-09-13T12:00,37.87,138.94,193.0,33.03125,37.359975000000006,proxy,27.0,201.0,12.1,191.0,37.359975000000006
2025-09-13T13:00,37.87,138.94,322.0,37.9625,61.060860000000005,proxy,27.9,327.0,56.9,281.0,61.060860000000005
2025-09-13T14:00,37.87,138.94,137.2,31.987499999999997,26.673052,proxy,27.7,145.0,0.0,145.0,26.673052
2025-09-13T15:00,37.87,138.94,89.4,30.693749999999998,17.472783000000003,proxy,27.9,92.0,14.5,83.0,17.472783000000003
2025-09-13T16:00,37.87,138.94,116.9,32.053125,22.720391750000005,proxy,28.4,122.0,13.0,116.0,22.720391750000005
2025-09-13T17:00,37.87,138.94,118.4,32.0,23.01696,proxy,28.3,121.0,79.9,99.0,23.01696
2025-09-13T18:00,37.87,138.94,20.8,28.15,4.107584,proxy,27.5,22.0,9.2,21.0,4.107584
2025-09-14T07:00,37.87,138.94,58.1,26.515625,11.549553750000001,proxy,24.7,58.0,110.6,35.0,11.549553750000001
2025-09-14T08:00,37.87,138.94,188.8,30.799999999999997,36.883968,proxy,24.9,181.0,192.1,104.0,36.883968
2025-09-14T09:00,37.87,138.94,410.7,38.234375,77.79171375,proxy,25.4,375.0,383.3,157.0,77.79171375
2025-09-14T10:00,37.87,138.94,538.9,42.940625,100.04543775,proxy,26.1,481.0,444.0,170.0,100.04543775
2025-09-14T11:00,37.87,138.94,691.9,48.221875,125.52622774999999,proxy,26.6,598.0,580.8,141.0,125.52622774999999
2025-09-14T12:00,37.87,138.94,769.4,50.54375,138.157311,proxy,26.5,675.0,570.5,206.0,138.157311
2025-09-14T13:00,37.87,138.94,718.2,48.743750000000006,129.997791,proxy,26.3,625.0,568.6,168.0,129.997791
2025-09-14T14:00,37.87,138.94,654.2,46.94375,119.355519,proxy,26.5,579.0,532.2,189.0,119.355519
2025-09-14T15:00,37.87,138.94,468.7,41.046875,87.72306375000001,proxy,26.4,422.0,429.6,158.0,87.72306375000001
2025-09-14T16:00,37.87,138.94,357.5,37.371875,67.96164375,proxy,26.2,324.0,459.9,114.0,67.96164375
2025-09-14T17:00,37.87,138.94,162.1,30.565625,31.698249750000002,proxy,25.5,156.0,285.2,79.0,31.698249750000002
2025-09-14T18:00,37.87,138.94,27.2,25.35,5.432384000000001,proxy,24.5,29.0,103.9,18.0,5.432384000000001
2025-09-15T07:00,37.87,138.94,112.1,27.503125,22.195519750000003,proxy,24.0,109.0,277.9,52.0,22.195519750000003
2025-09-15T08:00,37.87,138.94,306.3,35.071875,58.791987750000004,proxy,25.5,275.0,487.5,81.0,58.791987750000004
2025-09-15T09:00,37.87,138.94,471.0,41.61875,87.938055,proxy,26.9,419.0,500.2,136.0,87.938055
2025-09-15T10:00,37.87,138.94,595.9,46.921875,108.72940375,proxy,28.3,519.0,546.4,138.0,108.72940375
2025-09-15T11:00,37.87,138.94,774.1,53.590625,137.11439775000002,proxy,29.4,671.0,631.8,176.0,137.11439775000002
2025-09-15T12:00,37.87,138.94,681.5,51.196875,122.01746375,proxy,29.9,600.0,490.0,199.0,122.01746375
2025-09-15T13:00,37.87,138.94,752.5,53.715625,133.21319375000002,proxy,30.2,660.0,566.6,207.0,133.21319375000002
2025-09-15T14:00,37.87,138.94,574.7,48.059375,104.33822175000002,proxy,30.1,515.0,431.1,201.0,104.33822175000002
2025-09-15T15:00,37.87,138.94,459.8,44.26875,84.872183,proxy,29.9,417.0,396.9,175.0,84.872183
2025-09-15T16:00,37.87,138.94,316.1,39.678125,59.50819575,proxy,29.8,289.0,376.5,119.0,59.50819575
2025-09-15T17:00,37.87,138.94,179.1,34.696875,34.43063175,proxy,29.1,171.0,324.8,85.0,34.43063175
2025-09-15T18:00,37.87,138.94,33.4,29.14375,6.569279,proxy,28.1,35.0,164.7,18.0,6.569279
2025-09-16T07:00,37.87,138.94,114.0,28.2625,22.50246,proxy,24.7,110.0,276.9,54.0,22.50246
2025-09-16T08:00,37.87,138.94,258.8,34.2875,49.837116,proxy,26.2,241.0,313.9,117.0,49.837116
2025-09-16T09:00,37.87,138.94,472.4,42.5625,87.84278,proxy,27.8,424.0,467.3,161.0,87.84278
2025-09-16T10:00,37.87,138.94,670.8,50.0625,120.71046,proxy,29.1,586.0,596.5,172.0,120.71046
2025-09-16T11:00,37.87,138.94,780.5,54.390625,137.74849375000002,proxy,30.0,669.0,660.3,154.0,137.74849375000002
2025-09-16T12:00,37.87,138.94,828.7,56.096875,145.12401575,proxy,30.2,715.0,647.0,188.0,145.12401575
2025-09-16T13:00,37.87,138.94,922.3,59.621875,158.91459575000002,proxy,30.8,777.0,817.2,127.0,158.91459575000002
2025-09-16T14:00,37.87,138.94,806.8,56.0125,141.34329200000002,proxy,30.8,688.0,758.4,139.0,141.34329200000002
2025-09-16T15:00,37.87,138.94,585.2,48.7875,105.90364400000001,proxy,30.5,512.0,603.4,147.0,105.90364400000001
2025-09-16T16:00,37.87,138.94,396.0,42.375,73.6956,proxy,30.0,354.0,526.3,119.0,73.6956
2025-09-16T17:00,37.87,138.94,201.1,34.984375,38.61371375,proxy,28.7,187.0,431.6,75.0,38.61371375
2025-09-16T18:00,37.87,138.94,30.9,27.365624999999998,6.121521749999999,proxy,26.4,32.0,119.4,20.0,6.121521749999999
2025-09-17T07:00,37.87,138.94,91.9,30.071875,18.00711575,proxy,27.2,88.0,220.7,44.0,18.00711575
2025-09-17T08:00,37.87,138.94,213.2,34.3625,41.043132,proxy,27.7,195.0,283.1,84.0,41.043132
2025-09-17T09:00,37.87,138.94,294.1,37.790625000000006,55.81062175000001,proxy,28.6,272.0,235.8,140.0,55.81062175000001
2025-09-17T10:00,37.87,138.94,301.5,38.221875,57.110883750000006,proxy,28.8,291.0,131.7,200.0,57.110883750000006
2025-09-17T11:00,37.87,138.94,506.9,45.740624999999994,92.96926175,proxy,29.9,454.0,341.3,189.0,92.96926175
2025-09-17T12:00,37.87,138.94,417.4,41.943749999999994,77.82214300000001,proxy,28.9,383.0,230.7,196.0,77.82214300000001
2025-09-17T13:00,37.87,138.94,333.8,39.43125,62.906279000000005,proxy,29.0,310.0,174.4,172.0,62.906279000000005
2025-09-17T14:00,37.87,138.94,268.9,36.803124999999994,51.24091175,proxy,28.4,260.0,109.8,181.0,51.24091175
2025-09-17T15:00,37.87,138.94,260.2,36.03125,49.743735,proxy,27.9,251.0,133.3,171.0,49.743735
2025-09-17T16:00,37.87,138.94,218.5,35.128125,41.929603750000005,proxy,28.3,209.0,174.4,132.0,41.929603750000005
2025-09-17T17:00,37.87,138.94,89.2,30.7875,17.427004,proxy,28.0,87.0,118.0,57.0,17.427004
2025-09-18T08:00,37.87,138.94,30.3,25.946875,6.037047750000001,proxy,25.0,32.0,0.0,32.0,6.037047750000001
2025-09-18T09:00,37.87,138.94,89.9,27.409375,17.80671775,proxy,24.6,95.0,0.0,95.0,17.80671775
2025-09-18T10:00,37.87,138.94,122.1,27.515625,24.17427375,proxy,23.7,129.0,0.0,129.0,24.17427375
2025-09-18T11:00,37.87,138.94,78.6,25.056250000000002,15.716463,proxy,22.6,83.0,0.0,83.0,15.716463
2025-09-18T12:00,37.87,138.94,219.5,29.759375,43.064253750000006,proxy,22.9,224.0,31.0,199.0,43.064253750000006
2025-09-18T13:00,37.87,138.94,158.4,28.25,31.26816,proxy,23.3,162.0,21.6,145.0,31.26816
2025-09-18T14:00,37.87,138.94,175.4,29.08125,34.507319,proxy,23.6,171.0,64.4,125.0,34.507319
2025-09-18T15:00,37.87,138.94,174.3,29.146875,34.281759750000006,proxy,23.7,171.0,72.2,128.0,34.281759750000006
2025-09-18T16:00,37.87,138.94,93.2,26.512500000000003,18.527228,proxy,23.6,97.0,11.5,92.0,18.527228
2025-09-18T17:00,37.87,138.94,39.7,24.440625,7.95776575,proxy,23.2,42.0,0.0,42.0,7.95776575
2025-09-19T07:00,37.87,138.94,128.2,23.80625,25.762431,proxy,19.8,119.0,340.9,53.0,25.762431
2025-09-19T08:00,37.87,138.94,347.3,32.753125,67.30587175000001,proxy,21.9,310.0,499.8,117.0,67.30587175000001
2025-09-19T09:00,37.87,138.94,539.0,40.04375,101.31313500000002,proxy,23.2,465.0,610.7,127.0,101.31313500000002
2025-09-19T10:00,37.87,138.94,710.2,46.39375,129.88492700000003,proxy,24.2,613.0,635.9,178.0,129.88492700000003
2025-09-19T11:00,37.87,138.94,833.9,50.959374999999994,149.46198175,proxy,24.9,713.0,683.9,187.0,149.46198175
2025-09-19T12:00,37.87,138.94,872.4,52.5625,155.24358000000004,proxy,25.3,750.0,666.5,215.0,155.24358000000004
2025-09-19T13:00,37.87,138.94,830.3,51.546875,148.42650375,proxy,25.6,726.0,603.1,254.0,148.42650375
2025-09-19T14:00,37.87,138.94,713.0,48.18125,129.377415,proxy,25.9,630.0,546.3,242.0,129.377415
2025-09-19T15:00,37.87,138.94,513.8,41.65625,95.913615,proxy,25.6,463.0,432.0,208.0,95.913615
2025-09-19T16:00,37.87,138.94,223.6,31.8875,43.487964,proxy,24.9,219.0,132.2,162.0,43.487964
2025-09-19T17:00,37.87,138.94,142.3,28.146875,28.101759750000006,proxy,23.7,136.0,213.4,84.0,28.101759750000006
2025-09-19T18:00,37.87,138.94,26.1,23.415625000000002,5.25308175,proxy,22.6,26.0,97.3,17.0,5.25308175
2025-09-20T07:00,37.87,138.94,47.6,23.087500000000002,9.592828,proxy,21.6,50.0,5.2,49.0,9.592828
2025-09-20T08:00,37.87,138.94,89.3,25.590625,17.817805749999998,proxy,22.8,94.0,2.6,93.0,17.817805749999998
2025-09-20T09:00,37.87,138.94,77.9,26.234375,15.50307375,proxy,23.8,82.0,1.8,81.0,15.50307375
2025-09-20T10:00,37.87,138.94,280.1,33.653125,54.081007750000005,proxy,24.9,276.0,91.1,214.0,54.081007750000005
2025-09-20T11:00,37.87,138.94,411.7,39.265625,77.64147375,proxy,26.4,395.0,160.7,272.0,77.64147375
2025-09-20T12:00,37.87,138.94,400.3,39.109375,75.54161375,proxy,26.6,387.0,137.7,277.0,75.54161375
2025-09-20T13:00,37.87,138.94,293.1,36.259375000000006,55.97990175,proxy,27.1,297.0,50.1,258.0,55.97990175
2025-09-20T14:00,37.87,138.94,196.3,33.834375,37.87264975,proxy,27.7,199.0,36.9,173.0,37.87264975
2025-09-20T15:00,37.87,138.94,201.0,34.08125,38.739735,proxy,27.8,206.0,34.2,186.0,38.739735
2025-09-20T16:00,37.87,138.94,200.0,33.55,38.632,proxy,27.3,200.0,84.5,164.0,38.632
2025-09-20T17:00,37.87,138.94,51.1,28.096875,10.093399750000001,proxy,26.5,54.0,0.0,54.0,10.093399750000001
2025-09-21T07:00,37.87,138.94,69.2,24.6625,13.858684000000002,proxy,22.5,66.0,127.8,42.0,13.858684000000002
2025-09-21T08:00,37.87,138.94,181.1,28.459375,35.718805749999994,proxy,22.8,164.0,226.3,78.0,35.718805749999994
2025-09-21T09:00,37.87,138.94,209.0,29.73125,41.00893500000001,proxy,23.2,198.0,128.0,128.0,41.00893500000001
2025-09-21T10:00,37.87,138.94,303.7,32.490625,58.920077750000004,proxy,23.0,285.0,160.9,176.0,58.920077750000004
2025-09-21T11:00,37.87,138.94,442.2,37.31875,84.082119,proxy,23.5,402.0,258.6,205.0,84.082119
2025-09-21T12:00,37.87,138.94,661.1,44.159375,122.08698975,proxy,23.5,572.0,479.4,191.0,122.08698975
2025-09-21T13:00,37.87,138.94,567.7,41.540625000000006,106.02790975000002,proxy,23.8,490.0,427.7,159.0,106.02790975000002
2025-09-21T14:00,37.87,138.94,554.1,40.715625,103.85357775,proxy,23.4,477.0,468.0,149.0,103.85357775
2025-09-21T15:00,37.87,138.94,462.6,37.75625,87.79916700000001,proxy,23.3,407.0,428.9,158.0,87.79916700000001
2025-09-21T16:00,37.87,138.94,229.0,30.05625,44.873695000000005,proxy,22.9,205.0,270.8,91.0,44.873695000000005
2025-09-21T17:00,37.87,138.94,150.7,27.209375,29.87363775,proxy,22.5,134.0,347.5,53.0,29.87363775
2025-09-22T07:00,37.87,138.94,108.5,21.190625,22.030653750000003,proxy,17.8,99.0,265.2,50.0,22.030653750000003
2025-09-22T08:00,37.87,138.94,317.8,29.231250000000003,62.484247,proxy,19.3,275.0,488.0,91.0,62.484247
2025-09-22T09:00,37.87,138.94,548.7,38.246875,103.92515175000001,proxy,21.1,465.0,632.5,121.0,103.92515175000001
2025-09-22T10:00,37.87,138.94,745.3,46.190625,136.42530175000002,proxy,22.9,622.0,731.7,129.0,136.42530175000002
2025-09-22T11:00,37.87,138.94,649.2,43.9875,119.97865200000001,proxy,23.7,566.0,469.7,210.0,119.97865200000001
2025-09-22T12:00,37.87,138.94,792.2,48.95625,143.25748700000003,proxy,24.2,681.0,584.3,219.0,143.25748700000003
2025-09-22T13:00,37.87,138.94,731.0,47.44375,133.074895,proxy,24.6,638.0,517.1,240.0,133.074895
2025-09-22T14:00,37.87,138.94,482.3,39.771875,90.76041975000001,proxy,24.7,453.0,241.3,285.0,90.76041975000001
2025-09-22T15:00,37.87,138.94,353.5,35.446875,67.74562375000001,proxy,24.4,348.0,132.0,272.0,67.74562375000001
2025-09-22T16:00,37.87,138.94,281.8,32.80625,54.60015900000001,proxy,24.0,267.0,221.3,175.0,54.60015900000001
2025-09-22T17:00,37.87,138.94,170.5,28.128125,33.67332375,proxy,22.8,156.0,320.4,83.0,33.67332375
2025-09-23T07:00,37.87,138.94,130.9,22.790625,26.411365750000005,proxy,18.7,117.0,341.1,55.0,26.411365750000005
2025-09-23T08:00,37.87,138.94,354.1,31.465625,68.98841775000001,proxy,20.4,303.0,556.2,95.0,68.98841775000001
2025-09-23T09:00,37.87,138.94,565.4,39.86875,106.354567,proxy,22.2,477.0,651.2,125.0,106.354567
2025-09-23T10:00,37.87,138.94,761.5,47.096875,138.83858375000003,proxy,23.3,632.0,751.9,128.0,138.83858375000003
2025-09-23T11:00,37.87,138.94,824.2,49.95625,148.384847,proxy,24.2,697.0,672.3,190.0,148.384847
2025-09-23T12:00,37.87,138.94,863.9,52.096875,154.05280775,proxy,25.1,730.0,676.4,198.0,154.05280775
2025-09-23T13:00,37.87,138.94,814.5,51.353125,145.72830375,proxy,25.9,683.0,675.6,166.0,145.72830375
2025-09-23T14:00,37.87,138.94,712.7,48.771875,128.98622775,proxy,26.5,595.0,665.1,135.0,128.98622775
2025-09-23T15:00,37.87,138.94,564.8,44.349999999999994,104.21689599999999,proxy,26.7,475.0,620.3,121.0,104.21689599999999
2025-09-23T16:00,37.87,138.94,310.5,35.703125,59.44134375,proxy,26.0,271.0,401.7,106.0,59.44134375
2025-09-23T17:00,37.87,138.94,133.7,28.878124999999997,26.32519575,proxy,24.7,117.0,310.0,48.0,26.32519575
2025-09-24T07:00,37.87,138.94,144.6,23.118750000000002,29.137623,proxy,18.6,124.0,436.3,46.0,29.137623
2025-09-24T08:00,37.87,138.94,373.4,32.16875,72.538551,proxy,20.5,312.0,628.3,79.0,72.538551
2025-09-24T09:00,37.87,138.94,608.2,41.806250000000006,113.46275100000001,proxy,22.8,500.0,757.5,93.0,113.46275100000001
2025-09-24T10:00,37.87,138.94,778.3,49.021874999999994,140.70301975,proxy,24.7,637.0,796.4,106.0,140.70301975
2025-09-24T11:00,37.87,138.94,919.0,54.61875,162.02429500000002,proxy,25.9,748.0,851.6,109.0,162.02429500000002
2025-09-24T12:00,37.87,138.94,968.3,57.359375,168.59313375,proxy,27.1,786.0,867.8,107.0,168.59313375
2025-09-24T13:00,37.87,138.94,934.3,56.896874999999994,163.01899975,proxy,27.7,760.0,854.3,110.0,163.01899975
2025-09-24T14:00,37.87,138.94,819.4,53.80625,144.996927,proxy,28.2,669.0,818.1,107.0,144.996927
2025-09-24T15:00,37.87,138.94,643.3,48.503125,116.56435175,proxy,28.4,528.0,761.8,97.0,116.56435175
2025-09-24T16:00,37.87,138.94,421.1,40.959375,78.84360575000001,proxy,27.8,349.0,663.2,80.0,78.84360575000001
2025-09-24T17:00,37.87,138.94,184.9,31.678124999999998,35.992171750000004,proxy,25.9,157.0,473.8,54.0,35.992171750000004
2025-09-25T07:00,37.87,138.94,43.7,22.365625,8.83209775,proxy,21.0,43.0,45.5,35.0,8.83209775
2025-09-25T08:00,37.87,138.94,96.7,24.121875000000003,19.407931750000003,proxy,21.1,100.0,16.3,94.0,19.407931750000003
2025-09-25T09:00,37.87,138.94,159.5,26.884375,31.659553750000004,proxy,21.9,157.0,59.9,125.0,31.659553750000004
2025-09-25T10:00,37.87,138.94,115.5,26.009375,23.006733750000002,proxy,22.4,121.0,4.5,118.0,23.006733750000002
2025-09-25T11:00,37.87,138.94,397.2,35.4125,76.131324,proxy,23.0,370.0,187.5,230.0,76.131324
2025-09-25T12:00,37.87,138.94,550.8,41.0125,103.10425199999999,proxy,23.8,490.0,332.8,231.0,103.10425199999999
2025-09-25T13:00,37.87,138.94,639.8,43.99375,118.238239,proxy,24.0,558.0,438.9,226.0,118.238239
2025-09-25T14:00,37.87,138.94,612.9,42.553124999999994,113.97335174999999,proxy,23.4,521.0,520.4,166.0,113.97335174999999
2025-09-25T15:00,37.87,138.94,324.4,33.4375,62.6903,proxy,23.3,292.0,251.4,151.0,62.6903
2025-09-25T16:00,37.87,138.94,156.4,28.787499999999998,30.806108000000002,proxy,23.9,148.0,117.3,101.0,30.806108000000002
2025-09-26T07:00,37.87,138.94,68.6,24.94375,13.723086999999998,proxy,22.8,59.0,185.3,27.0,13.723086999999998
2025-09-26T08:00,37.87,138.94,201.5,29.696875,39.54286375000001,proxy,23.4,178.0,252.4,86.0,39.54286375000001
2025-09-26T09:00,37.87,138.94,427.7,37.565625,81.24054575000001,proxy,24.2,378.0,378.8,177.0,81.24054575000001
2025-09-26T10:00,37.87,138.94,612.9,44.253125,113.13980775,proxy,25.1,525.0,512.5,187.0,113.13980775
2025-09-26T11:00,37.87,138.94,769.4,49.54375,138.772831,proxy,25.5,640.0,645.0,161.0,138.772831
2025-09-26T12:00,37.87,138.94,913.7,54.653125,161.06475175,proxy,26.1,750.0,771.2,153.0,161.06475175
2025-09-26T13:00,37.87,138.94,815.0,52.06875,145.351175,proxy,26.6,667.0,714.2,130.0,145.351175
2025-09-26T14:00,37.87,138.94,775.0,50.91875,138.930375,proxy,26.7,639.0,730.7,144.0,138.930375
2025-09-26T15:00,37.87,138.94,579.7,44.715625,106.79668175,proxy,26.6,484.0,627.9,135.0,106.79668175
2025-09-26T16:00,37.87,138.94,359.6,37.4375,68.34198,proxy,26.2,299.0,538.7,86.0,68.34198
2025-09-26T17:00,37.87,138.94,182.0,30.0875,35.659259999999996,proxy,24.4,151.0,478.4,52.0,35.659259999999996
2025-09-27T07:00,37.87,138.94,97.4,23.74375,19.577887000000004,proxy,20.7,89.0,182.7,58.0,19.577887000000004
2025-09-27T08:00,37.87,138.94,258.2,29.96875,50.613655,proxy,21.9,225.0,337.6,103.0,50.613655
2025-09-27T09:00,37.87,138.94,482.9,38.890625,91.21377375,proxy,23.8,403.0,540.6,118.0,91.21377375
2025-09-27T10:00,37.87,138.94,610.7,43.784375,112.96270575000001,proxy,24.7,508.0,565.6,137.0,112.96270575000001
2025-09-27T11:00,37.87,138.94,680.0,46.25,124.44,proxy,25.0,584.0,495.5,218.0,124.44
2025-09-27T12:00,37.87,138.94,609.3,44.340625,112.43260575,proxy,25.3,533.0,392.3,231.0,112.43260575
2025-09-27T13:00,37.87,138.94,823.5,51.334375,147.35091375000002,proxy,25.6,683.0,681.1,174.0,147.35091375000002
2025-09-27T14:00,37.87,138.94,523.5,41.759375,97.68117375,proxy,25.4,455.0,394.0,190.0,97.68117375
2025-09-27T15:00,37.87,138.94,528.8,41.825,98.64235199999999,proxy,25.3,451.0,519.2,165.0,98.64235199999999
2025-09-27T16:00,37.87,138.94,351.0,35.56875,67.232295,proxy,24.6,296.0,489.5,105.0,67.232295
2025-09-27T17:00,37.87,138.94,125.4,26.91875,24.887511000000003,proxy,23.0,110.0,252.9,59.0,24.887511000000003
2025-09-28T07:00,37.87,138.94,114.1,20.465625,23.233897749999997,proxy,16.9,99.0,270.1,54.0,23.233897749999997
2025-09-28T08:00,37.87,138.94,353.1,29.834375,69.25438575,proxy,18.8,292.0,558.5,92.0,69.25438575
2025-09-28T09:00,37.87,138.94,618.5,40.128125,116.21460375000001,proxy,20.8,496.0,780.9,87.0,116.21460375000001
2025-09-28T10:00,37.87,138.94,756.1,46.828125,138.01660375,proxy,23.2,610.0,768.2,109.0,138.01660375
2025-09-28T11:00,37.87,138.94,826.9,50.840625,148.28590975,proxy,25.0,673.0,730.9,136.0,148.28590975
2025-09-28T12:00,37.87,138.94,938.7,55.734375,164.65971375,proxy,26.4,761.0,808.5,142.0,164.65971375
2025-09-28T13:00,37.87,138.94,915.6,55.8125,160.55046000000002,proxy,27.2,739.0,822.6,128.0,160.55046000000002
2025-09-28T14:00,37.87,138.94,766.3,51.346875,137.10831174999998,proxy,27.4,627.0,724.8,143.0,137.10831174999998
2025-09-28T15:00,37.87,138.94,567.8,45.04375,104.455327,proxy,27.3,465.0,641.3,115.0,104.455327
2025-09-28T16:00,37.87,138.94,399.1,38.971875,75.35905975000001,proxy,26.5,327.0,607.9,93.0,75.35905975000001
2025-09-28T17:00,37.87,138.94,166.9,30.115624999999998,32.69696175000001,proxy,24.9,137.0,427.8,53.0,32.69696175000001
2025-09-29T08:00,37.87,138.94,72.3,25.959374999999998,14.404509750000003,proxy,23.7,76.0,2.8,75.0,14.404509750000003
2025-09-29T09:00,37.87,138.94,112.4,27.912499999999998,22.218108000000004,proxy,24.4,118.0,3.8,116.0,22.218108000000004
2025-09-29T10:00,37.87,138.94,324.2,34.93125,62.264231,proxy,24.8,298.0,178.9,182.0,62.264231
2025-09-29T11:00,37.87,138.94,253.5,33.021875,49.07316375,proxy,25.1,245.0,82.1,185.0,49.07316375
2025-09-29T12:00,37.87,138.94,498.3,40.171875,93.61188375,proxy,24.6,442.0,292.9,219.0,93.61188375
2025-09-29T13:00,37.87,138.94,262.3,32.196875,50.94980775000001,proxy,24.0,249.0,100.3,175.0,50.94980775000001
2025-09-29T14:00,37.87,138.94,451.0,37.49375,85.692255,proxy,23.4,390.0,339.4,165.0,85.692255
2025-09-29T15:00,37.87,138.94,260.8,31.75,50.75168,proxy,23.6,235.0,190.5,132.0,50.75168
2025-09-29T16:00,37.87,138.94,145.0,27.43125,28.717975,proxy,22.9,134.0,121.2,88.0,28.717975
2025-09-29T17:00,37.87,138.94,33.1,22.734375,6.67999375,proxy,21.7,33.0,20.9,29.0,6.67999375
2025-09-30T07:00,37.87,138.94,62.4,20.349999999999998,12.712128,proxy,18.4,54.0,137.1,32.0,12.712128
2025-09-30T08:00,37.87,138.94,220.9,26.503125,43.91436775000001,proxy,19.6,188.0,298.6,83.0,43.91436775000001
2025-09-30T09:00,37.87,138.94,383.4,33.28125,74.13997499999999,proxy,21.3,326.0,379.3,130.0,74.13997499999999
2025-09-30T10:00,37.87,138.94,574.4,41.05,107.50470399999999,proxy,23.1,482.0,494.8,163.0,107.50470399999999
2025-09-30T11:00,37.87,138.94,759.6,48.0375,137.92057200000002,proxy,24.3,614.0,671.7,126.0,137.92057200000002
2025-09-30T12:00,37.87,138.94,780.0,49.475,140.7276,proxy,25.1,640.0,631.6,162.0,140.7276
2025-09-30T13:00,37.87,138.94,796.9,50.503125,143.12124775,proxy,25.6,644.0,698.1,132.0,143.12124775
2025-09-30T14:00,37.87,138.94,661.9,46.484375,121.00359375,proxy,25.8,536.0,633.8,119.0,121.00359375
2025-09-30T15:00,37.87,138.94,525.7,42.228125000000006,97.89453975,proxy,25.8,432.0,571.5,126.0,97.89453975
2025-09-30T16:00,37.87,138.94,377.0,36.68125,71.876935,proxy,24.9,304.0,584.9,85.0,71.876935
2025-09-30T17:00,37.87,138.94,147.3,27.803125,29.129679750000005,proxy,23.2,120.0,366.2,52.0,29.129679750000005
2025-10-01T07:00,37.87,138.94,84.2,22.03125,17.039975000000002,proxy,19.4,70.0,209.8,37.0,17.039975000000002
2025-10-01T08:00,37.87,138.94,218.9,26.840625,43.45766975,proxy,20.0,192.0,252.6,104.0,43.45766975
2025-10-01T09:00,37.87,138.94,369.3,32.640625,71.60265375,proxy,21.1,325.0,307.8,167.0,71.60265375
2025-10-01T10:00,37.87,138.94,499.5,37.409375,94.94121375,proxy,21.8,428.0,390.1,178.0,94.94121375
2025-10-01T11:00,37.87,138.94,609.4,41.34375,113.912095,proxy,22.3,522.0,429.1,212.0,113.912095
2025-10-01T12:00,37.87,138.94,653.0,42.80625,121.29801499999999,proxy,22.4,540.0,509.0,157.0,121.29801499999999
2025-10-01T13:00,37.87,138.94,568.7,39.771875,107.01938775,proxy,22.0,492.0,380.1,215.0,107.01938775
2025-10-01T14:00,37.87,138.94,261.5,30.371875,51.176203750000006,proxy,22.2,232.0,170.0,121.0,51.176203750000006
2025-10-01T15:00,37.87,138.94,93.4,25.01875,18.678599000000002,proxy,22.1,97.0,7.5,93.0,18.678599000000002
2025-10-01T16:00,37.87,138.94,213.3,28.065624999999997,42.13688175000001,proxy,21.4,192.0,203.2,117.0,42.13688175000001
2025-10-01T17:00,37.87,138.94,87.1,23.821875000000002,17.502091749999995,proxy,21.1,77.0,149.7,50.0,17.502091749999995
2025-10-02T07:00,37.87,138.94,38.7,18.809375000000003,7.931661750000002,proxy,17.6,36.0,51.9,28.0,7.931661750000002
2025-10-02T08:00,37.87,138.94,136.8,22.775,27.603504,proxy,18.5,127.0,110.1,89.0,27.603504
2025-10-02T09:00,37.87,138.94,256.2,28.00625,50.623839000000004,proxy,20.0,239.0,147.2,164.0,50.623839000000004
2025-10-02T10:00,37.87,138.94,361.6,33.0,70.00576000000001,proxy,21.7,337.0,174.3,226.0,70.00576000000001
2025-10-02T11:00,37.87,138.94,596.9,41.953125,111.28454374999998,proxy,23.3,496.0,469.2,159.0,111.28454374999998
2025-10-02T12:00,37.87,138.94,706.1,46.165625000000006,129.26396175,proxy,24.1,577.0,568.2,152.0,129.26396175
2025-10-02T13:00,37.87,138.94,718.5,46.953125,131.08134375000003,proxy,24.5,588.0,591.2,160.0,131.08134375000003
2025-10-02T14:00,37.87,138.94,584.7,43.071875000000006,108.48669975,proxy,24.8,482.0,515.5,148.0,108.48669975
2025-10-02T15:00,37.87,138.94,406.4,37.099999999999994,77.346048,proxy,24.4,337.0,417.0,118.0,77.346048
2025-10-02T16:00,37.87,138.94,293.1,33.059375,56.73023775,proxy,23.9,235.0,448.0,72.0,56.73023775
2025-10-02T17:00,37.87,138.94,114.3,25.671875,22.79856375,proxy,22.1,92.0,280.0,43.0,22.79856375
2025-10-03T07:00,37.87,138.94,107.4,20.35625,21.878991000000003,proxy,17.0,89.0,251.6,51.0,21.878991000000003
2025-10-03T08:00,37.87,138.94,260.7,26.346874999999997,51.85909575,proxy,18.2,227.0,298.6,125.0,51.85909575
2025-10-03T09:00,37.87,138.94,491.0,35.54375,94.05841500000001,proxy,20.2,413.0,484.1,168.0,94.05841500000001
2025-10-03T10:00,37.87,138.94,642.0,42.1625,119.58534,proxy,22.1,538.0,535.4,199.0,119.58534
2025-10-03T11:00,37.87,138.94,893.1,52.109375,159.25089375000002,proxy,24.2,712.0,798.2,142.0,159.25089375000002
2025-10-03T12:00,37.87,138.94,992.8,56.625,173.44216,proxy,25.6,774.0,914.7,94.0,173.44216
2025-10-03T13:00,37.87,138.94,942.6,55.556250000000006,165.47814300000002,proxy,26.1,737.0,885.7,100.0,165.47814300000002
2025-10-03T14:00,37.87,138.94,767.8,49.89375,138.269263,proxy,25.9,605.0,774.6,107.0,138.269263
2025-10-03T15:00,37.87,138.94,617.0,44.78125,113.635975,proxy,25.5,488.0,730.9,108.0,113.635975
2025-10-03T16:00,37.87,138.94,360.0,35.65,68.9328,proxy,24.4,290.0,532.8,99.0,68.9328
2025-10-03T17:00,37.87,138.94,96.0,25.6,19.153920000000003,proxy,22.6,84.0,165.0,56.0,19.153920000000003
2025-10-04T07:00,37.87,138.94,96.2,22.40625,19.439615000000003,proxy,19.4,75.0,263.8,36.0,19.439615000000003
2025-10-04T08:00,37.87,138.94,285.4,29.91875,55.956951,proxy,21.0,230.0,431.6,84.0,55.956951
2025-10-04T09:00,37.87,138.94,347.5,33.359375,67.17609374999999,proxy,22.5,286.0,366.2,102.0,67.17609374999999
2025-10-04T10:00,37.87,138.94,434.9,37.890625,82.49509375000001,proxy,24.3,384.0,284.5,205.0,82.49509375000001
2025-10-04T11:00,37.87,138.94,477.3,40.715625,89.45914575,proxy,25.8,427.0,263.4,240.0,89.45914575
2025-10-04T12:00,37.87,138.94,693.4,48.66875,125.550471,proxy,27.0,570.0,535.9,174.0,125.550471
2025-10-04T13:00,37.87,138.94,704.5,49.715625,126.97027374999999,proxy,27.7,570.0,590.7,148.0,126.97027374999999
2025-10-04T14:00,37.87,138.94,538.2,44.31875,99.32211900000001,proxy,27.5,456.0,418.5,189.0,99.32211900000001
2025-10-04T15:00,37.87,138.94,435.7,40.815625,81.62730575,proxy,27.2,354.0,468.2,113.0,81.62730575
2025-10-04T16:00,37.87,138.94,168.0,30.85,32.81376,proxy,25.6,139.0,223.7,60.0,32.81376
2025-10-04T17:00,37.87,138.94,36.2,25.931250000000002,7.213031000000001,proxy,24.8,35.0,30.4,30.0,7.213031000000001
2025-10-05T07:00,37.87,138.94,23.7,21.840625000000003,4.799901750000001,proxy,21.1,25.0,0.0,25.0,4.799901750000001
2025-10-05T08:00,37.87,138.94,91.4,24.65625,18.305135,proxy,21.8,89.0,44.8,74.0,18.305135
2025-10-05T09:00,37.87,138.94,201.1,29.284375,39.53072975,proxy,23.0,199.0,60.1,169.0,39.53072975
2025-10-05T10:00,37.87,138.94,456.6,38.868750000000006,86.254023,proxy,24.6,394.0,329.5,188.0,86.254023
2025-10-05T11:00,37.87,138.94,473.3,40.190625,88.90822175000001,proxy,25.4,401.0,334.5,165.0,88.90822175000001
2025-10-05T12:00,37.87,138.94,266.3,33.321875,51.48710775000001,proxy,25.0,253.0,92.6,185.0,51.48710775000001
2025-10-05T13:00,37.87,138.94,367.2,36.375,70.09848,proxy,24.9,333.0,184.6,202.0,70.09848
2025-10-05T14:00,37.87,138.94,79.5,26.684375,15.792873750000002,proxy,24.2,84.0,0.0,84.0,15.792873750000002
2025-10-05T15:00,37.87,138.94,74.8,26.1375,14.891932000000002,proxy,23.8,79.0,0.0,79.0,14.891932000000002
2025-10-05T16:00,37.87,138.94,67.2,25.6,13.407744000000001,proxy,23.5,69.0,11.5,65.0,13.407744000000001
2025-10-05T17:00,37.87,138.94,22.7,23.909375,4.559805750000001,proxy,23.2,24.0,0.0,24.0,4.559805750000001
2025-10-06T07:00,37.87,138.94,22.0,21.9875,4.4530199999999995,proxy,21.3,21.0,21.2,18.0,4.4530199999999995
2025-10-06T08:00,37.87,138.94,109.3,25.315624999999997,21.83240175,proxy,21.9,91.0,141.8,44.0,21.83240175
2025-10-06T09:00,37.87,138.94,304.6,32.31875,59.13656700000001,proxy,22.8,255.0,292.9,110.0,59.13656700000001
2025-10-06T10:00,37.87,138.94,670.0,44.7375,123.42070000000001,proxy,23.8,533.0,643.8,133.0,123.42070000000001
2025-10-06T11:00,37.87,138.94,812.7,49.496875,146.61311175000003,proxy,24.1,638.0,737.2,121.0,146.61311175000003
2025-10-06T12:00,37.87,138.94,784.1,48.403125,142.13968775000004,proxy,23.9,630.0,641.3,162.0,142.13968775000004
2025-10-06T13:00,37.87,138.94,793.3,48.690625,143.62498175,proxy,23.9,643.0,648.5,186.0,143.62498175
2025-10-06T14:00,37.87,138.94,620.4,43.0875,115.102812,proxy,23.7,512.0,522.4,184.0,115.102812
2025-10-06T15:00,37.87,138.94,359.3,34.628125,69.09249175000001,proxy,23.4,322.0,247.8,197.0,69.09249175000001
2025-10-06T16:00,37.87,138.94,210.3,29.171875,41.358123750000004,proxy,22.6,189.0,186.8,125.0,41.358123750000004
2025-10-06T17:00,37.87,138.94,114.3,24.971874999999997,22.862571749999997,proxy,21.4,89.0,279.5,46.0,22.862571749999997
2025-10-07T07:00,37.87,138.94,64.1,21.403125,13.00444775,proxy,19.4,59.0,78.6,48.0,13.00444775
2025-10-07T08:00,37.87,138.94,328.3,31.159374999999997,64.04230175000001,proxy,20.9,259.0,500.0,95.0,64.04230175000001
2025-10-07T09:00,37.87,138.94,503.2,37.725,95.51742399999999,proxy,22.0,395.0,590.2,105.0,95.51742399999999
2025-10-07T10:00,37.87,138.94,731.4,46.15625,133.901055,proxy,23.3,576.0,716.1,134.0,133.901055
2025-10-07T11:00,37.87,138.94,879.2,52.075,156.79652800000002,proxy,24.6,679.0,826.4,103.0,156.79652800000002
2025-10-07T12:00,37.87,138.94,844.8,51.8,150.84748800000003,proxy,25.4,663.0,735.0,130.0,150.84748800000003
2025-10-07T13:00,37.87,138.94,877.6,53.325,155.633584,proxy,25.9,682.0,807.3,117.0,155.633584
2025-10-07T14:00,37.87,138.94,733.1,48.709375,132.71492575,proxy,25.8,571.0,733.8,114.0,132.71492575
2025-10-07T15:00,37.87,138.94,516.9,41.053124999999994,96.74171175,proxy,24.9,408.0,587.0,115.0,96.74171175
2025-10-07T16:00,37.87,138.94,321.1,33.834375,61.950625750000015,proxy,23.8,250.0,494.9,83.0,61.950625750000015
2025-10-07T17:00,37.87,138.94,89.4,25.59375,17.837535000000003,proxy,22.8,67.0,235.5,32.0,17.837535000000003
2025-10-08T07:00,37.87,138.94,43.6,21.2625,8.850364,proxy,19.9,36.0,86.9,24.0,8.850364
2025-10-08T08:00,37.87,138.94,94.7,23.059375000000003,19.087021749999998,proxy,20.1,89.0,61.6,69.0,19.087021749999998
2025-10-08T09:00,37.87,138.94,189.6,26.825,37.643184000000005,proxy,20.9,170.0,129.2,107.0,37.643184000000005
2025-10-08T10:00,37.87,138.94,207.5,27.784375,41.03779375,proxy,21.3,212.0,26.1,196.0,41.03779375
2025-10-08T11:00,37.87,138.94,451.8,35.81875,86.44967100000002,proxy,21.7,391.0,283.0,195.0,86.44967100000002
2025-10-08T12:00,37.87,138.94,576.8,40.325,108.288432,proxy,22.3,473.0,433.0,161.0,108.288432
2025-10-08T13:00,37.87,138.94,403.4,35.60625,77.25715100000001,proxy,23.0,361.0,212.9,213.0,77.25715100000001
2025-10-08T14:00,37.87,138.94,274.1,31.465625,53.402217750000005,proxy,22.9,247.0,152.2,153.0,53.402217750000005
2025-10-08T15:00,37.87,138.94,231.8,29.94375,45.443231000000004,proxy,22.7,204.0,172.1,119.0,45.443231000000004
2025-10-08T16:00,37.87,138.94,162.1,27.365625,32.11322575,proxy,22.3,131.0,219.7,58.0,32.11322575
2025-10-08T17:00,37.87,138.94,71.4,24.23125,14.323911,proxy,22.0,53.0,188.2,26.0,14.323911
2025-10-09T07:00,37.87,138.94,88.2,20.65625,17.946495,proxy,17.9,67.0,219.9,37.0,17.946495
2025-10-09T08:00,37.87,138.94,284.6,28.09375,56.21561500000001,proxy,19.2,228.0,398.7,100.0,56.21561500000001
2025-10-09T09:00,37.87,138.94,480.3,35.409375,92.06030175000001,proxy,20.4,388.0,502.2,145.0,92.06030175000001
2025-10-09T10:00,37.87,138.94,557.1,38.309375,105.48827775000001,proxy,20.9,465.0,439.9,197.0,105.48827775000001
2025-10-09T11:00,37.87,138.94,740.1,44.428125,136.51699575,proxy,21.3,601.0,586.9,197.0,136.51699575
2025-10-09T12:00,37.87,138.94,800.3,46.509375,146.28883775,proxy,21.5,647.0,624.3,200.0,146.28883775
2025-10-09T13:00,37.87,138.94,747.1,44.946875000000006,137.49815175,proxy,21.6,602.0,605.6,184.0,137.49815175
2025-10-09T14:00,37.87,138.94,767.4,45.58125,140.84475899999998,proxy,21.6,592.0,773.6,118.0,140.84475899999998
2025-10-09T15:00,37.87,138.94,428.2,34.48125,82.392103,proxy,21.1,354.0,409.1,154.0,82.392103
2025-10-09T16:00,37.87,138.94,235.8,27.768749999999997,46.63770300000001,proxy,20.4,198.0,275.2,108.0,46.63770300000001
2025-10-09T17:00,37.87,138.94,77.4,22.01875,15.664599,proxy,19.6,59.0,186.2,33.0,15.664599
2025-10-10T07:00,37.87,138.94,103.7,18.240625,21.300757750000002,proxy,15.0,73.0,297.0,33.0,21.300757750000002
2025-10-10T08:00,37.87,138.94,254.1,24.540625000000002,50.91338175,proxy,16.6,199.0,374.8,80.0,50.91338175
2025-10-10T09:00,37.87,138.94,508.8,34.7,97.811712,proxy,18.8,395.0,591.5,111.0,97.811712
2025-10-10T10:00,37.87,138.94,708.6,43.04375,131.491359,proxy,20.9,553.0,689.1,136.0,131.491359
2025-10-10T11:00,37.87,138.94,741.1,44.759375000000006,136.50506175,proxy,21.6,586.0,633.0,153.0,136.50506175
2025-10-10T12:00,37.87,138.94,679.2,43.425,125.828592,proxy,22.2,553.0,513.1,188.0,125.828592
2025-10-10T13:00,37.87,138.94,359.9,33.046875,69.66314375,proxy,21.8,332.0,154.7,226.0,69.66314375
2025-10-10T14:00,37.87,138.94,180.9,27.053124999999998,35.88287175,proxy,21.4,186.0,18.1,175.0,35.88287175
2025-10-10T15:00,37.87,138.94,62.5,23.053125,12.59734375,proxy,21.1,66.0,0.0,66.0,12.59734375
2025-10-10T16:00,37.87,138.94,46.4,21.849999999999998,9.396927999999999,proxy,20.4,49.0,0.0,49.0,9.396927999999999
2025-10-11T08:00,37.87,138.94,24.6,18.368750000000002,5.050503,proxy,17.6,26.0,0.0,26.0,5.050503
2025-10-11T09:00,37.87,138.94,65.8,19.956249999999997,13.425503,proxy,17.9,68.0,6.3,65.0,13.425503
2025-10-11T10:00,37.87,138.94,126.7,22.159375,25.627925750000003,proxy,18.2,131.0,10.0,125.0,25.627925750000003
2025-10-11T11:00,37.87,138.94,111.5,21.784375,22.58683375,proxy,18.3,116.0,5.9,112.0,22.58683375
2025-10-11T12:00,37.87,138.94,98.9,21.490624999999998,20.05766175,proxy,18.4,104.0,1.4,103.0,20.05766175
2025-10-11T13:00,37.87,138.94,95.8,21.393749999999997,19.436383,proxy,18.4,98.0,10.3,91.0,19.436383
2025-10-11T14:00,37.87,138.94,71.9,20.346875,14.64764775,proxy,18.1,76.0,0.0,76.0,14.64764775
2025-10-11T15:00,37.87,138.94,52.1,19.628125,10.643899750000003,proxy,18.0,55.0,0.0,55.0,10.643899750000003
2025-10-11T16:00,37.87,138.94,68.2,19.931250000000002,13.916551000000002,proxy,17.8,60.0,63.1,40.0,13.916551000000002
2025-10-12T07:00,37.87,138.94,42.5,19.628125,8.68264375,proxy,18.3,32.0,99.1,19.0,8.68264375
2025-10-12T08:00,37.87,138.94,78.9,22.065625,15.96521775,proxy,19.6,76.0,38.7,64.0,15.96521775
2025-10-12T09:00,37.87,138.94,112.2,24.606250000000003,22.475343,proxy,21.1,117.0,6.3,114.0,22.475343
2025-10-12T10:00,37.87,138.94,146.8,26.887500000000003,29.138332000000002,proxy,22.3,141.0,48.6,112.0,29.138332000000002
2025-10-12T11:00,37.87,138.94,436.8,37.55,82.974528,proxy,23.9,370.0,288.8,175.0,82.974528
2025-10-12T12:00,37.87,138.94,538.6,41.53125,100.59701500000001,proxy,24.7,444.0,383.1,175.0,100.59701500000001
2025-10-12T13:00,37.87,138.94,276.1,32.728125000000006,53.513011750000004,proxy,24.1,256.0,112.5,180.0,53.513011750000004
2025-10-12T14:00,37.87,138.94,418.1,37.865625,79.31670575000001,proxy,24.8,362.0,274.3,198.0,79.31670575000001
2025-10-12T15:00,37.87,138.94,179.7,30.215625000000003,35.19020175,proxy,24.6,160.0,120.3,103.0,35.19020175
2025-10-12T16:00,37.87,138.94,178.0,29.7625,34.921820000000004,proxy,24.2,144.0,227.6,73.0,34.921820000000004
2025-10-12T17:00,37.87,138.94,58.8,25.037499999999998,11.758236,proxy,23.2,44.0,136.5,26.0,11.758236
2025-10-13T08:00,37.87,138.94,20.8,20.349999999999998,4.237376,proxy,19.7,22.0,0.0,22.0,4.237376
2025-10-13T09:00,37.87,138.94,120.1,24.253125,24.091759749999998,proxy,20.5,113.0,55.5,87.0,24.091759749999998
2025-10-13T10:00,37.87,138.94,237.7,28.728125,46.83105975,proxy,21.3,220.0,106.3,157.0,46.83105975
2025-10-13T11:00,37.87,138.94,335.4,32.48125,65.072631,proxy,22.0,292.0,195.3,161.0,65.072631
2025-10-13T12:00,37.87,138.94,315.1,32.046875,61.243623750000005,proxy,22.2,281.0,157.7,171.0,61.243623750000005
2025-10-13T13:00,37.87,138.94,420.2,35.43125,80.53343100000001,proxy,22.3,349.0,296.6,150.0,80.53343100000001
2025-10-13T14:00,37.87,138.94,503.1,37.821875000000006,95.45945175,proxy,22.1,394.0,468.8,116.0,95.45945175
2025-10-13T15:00,37.87,138.94,445.8,35.53125,85.40413500000001,proxy,21.6,343.0,509.8,104.0,85.40413500000001
2025-10-13T16:00,37.87,138.94,225.1,28.134375000000002,44.45556175,proxy,21.1,179.0,299.7,87.0,44.45556175
2025-10-13T17:00,37.87,138.94,75.0,22.44375,15.153374999999999,proxy,20.1,54.0,185.6,30.0,15.153374999999999
2025-10-14T08:00,37.87,138.94,47.9,19.096875,9.80620775,proxy,17.6,50.0,3.3,49.0,9.80620775
2025-10-14T09:00,37.87,138.94,78.1,20.840625,15.87987775,proxy,18.4,82.0,2.2,81.0,15.87987775
2025-10-14T10:00,37.87,138.94,120.7,22.971875,24.33583575,proxy,19.2,123.0,15.3,114.0,24.33583575
2025-10-14T11:00,37.87,138.94,94.5,22.353125,19.100103750000002,proxy,19.4,97.0,9.0,91.0,19.100103750000002
2025-10-14T12:00,37.87,138.94,71.9,21.446875,14.584375750000001,proxy,19.2,76.0,0.0,76.0,14.584375750000001
2025-10-14T13:00,37.87,138.94,104.6,22.368750000000002,21.140183,proxy,19.1,110.0,1.5,109.0,21.140183
2025-10-14T14:00,37.87,138.94,112.6,22.31875,22.761527,proxy,18.8,116.0,10.2,110.0,22.761527
2025-10-14T15:00,37.87,138.94,45.4,19.51875,9.279079,proxy,18.1,48.0,0.0,48.0,9.279079
2025-10-14T16:00,37.87,138.94,34.1,18.565625,6.99552975,proxy,17.5,36.0,0.0,36.0,6.99552975
2025-10-15T07:00,37.87,138.94,105.8,18.80625,21.684239,proxy,15.5,69.0,302.0,31.0,21.684239
2025-10-15T08:00,37.87,138.94,340.7,27.846874999999997,67.36405575,proxy,17.2,244.0,577.2,71.0,67.36405575
2025-10-15T09:00,37.87,138.94,591.2,37.175,112.48171200000002,proxy,18.7,432.0,752.7,85.0,112.48171200000002
2025-10-15T10:00,37.87,138.94,738.7,43.484375,136.81647375,proxy,20.4,559.0,742.4,125.0,136.81647375
2025-10-15T11:00,37.87,138.94,903.3,49.928124999999994,162.64593975,proxy,21.7,674.0,862.3,103.0,162.64593975
2025-10-15T12:00,37.87,138.94,965.0,53.05625,171.340575,proxy,22.9,717.0,905.0,94.0,171.340575
2025-10-15T13:00,37.87,138.94,937.5,52.896875,166.57734375,proxy,23.6,694.0,911.6,91.0,166.57734375
2025-10-15T14:00,37.87,138.94,802.6,49.08125,145.05791100000002,proxy,24.0,591.0,860.7,89.0,145.05791100000002
2025-10-15T15:00,37.87,138.94,612.6,42.94375,113.726127,proxy,23.8,444.0,793.0,80.0,113.726127
2025-10-15T16:00,37.87,138.94,360.4,33.7625,69.553596,proxy,22.5,254.0,629.1,67.0,69.553596
2025-10-15T17:00,37.87,138.94,112.8,24.525,22.602864000000004,proxy,21.0,71.0,337.8,29.0,22.602864000000004
2025-10-16T07:00,37.87,138.94,36.9,18.853125,7.5614557499999995,proxy,17.7,32.0,48.4,26.0,7.5614557499999995
2025-10-16T08:00,37.87,138.94,104.0,22.05,21.045440000000003,proxy,18.8,94.0,77.7,71.0,21.045440000000003
2025-10-16T09:00,37.87,138.94,106.0,22.0125,21.45334,proxy,18.7,108.0,15.3,101.0,21.45334
2025-10-16T10:00,37.87,138.94,65.3,20.540625,13.29295775,proxy,18.5,69.0,0.0,69.0,13.29295775
2025-10-16T11:00,37.87,138.94,69.1,20.359375,14.076533750000001,proxy,18.2,73.0,0.0,73.0,14.076533750000001
2025-10-16T12:00,37.87,138.94,57.7,19.703125,11.78450375,proxy,17.9,61.0,0.0,61.0,11.78450375
2025-10-16T13:00,37.87,138.94,45.4,19.41875,9.282710999999999,proxy,18.0,48.0,0.0,48.0,9.282710999999999
2025-10-16T14:00,37.87,138.94,35.0,19.19375,7.162575,proxy,18.1,37.0,0.0,37.0,7.162575
2025-10-17T07:00,37.87,138.94,72.7,20.271875,14.814987749999998,proxy,18.0,50.0,180.0,28.0,14.814987749999998
2025-10-17T08:00,37.87,138.94,276.0,28.225,54.48792,proxy,19.6,206.0,413.7,85.0,54.48792
2025-10-17T09:00,37.87,138.94,500.6,36.84375,95.37681500000001,proxy,21.2,377.0,580.4,114.0,95.37681500000001
2025-10-17T10:00,37.87,138.94,557.8,39.43125,105.120199,proxy,22.0,447.0,468.5,177.0,105.120199
2025-10-17T11:00,37.87,138.94,772.4,46.537499999999994,141.17154800000003,proxy,22.4,592.0,678.0,149.0,141.17154800000003
2025-10-17T12:00,37.87,138.94,693.8,44.381249999999994,128.002631,proxy,22.7,562.0,503.6,220.0,128.002631
2025-10-17T13:00,37.87,138.94,712.4,45.2625,130.93199599999997,proxy,23.0,553.0,604.4,159.0,130.93199599999997
2025-10-17T14:00,37.87,138.94,551.6,39.7375,103.81663600000002,proxy,22.5,434.0,490.0,153.0,103.81663600000002
2025-10-17T15:00,37.87,138.94,347.2,33.45,67.092928,proxy,22.6,279.0,336.1,128.0,67.092928
2025-10-17T16:00,37.87,138.94,209.6,28.150000000000002,41.391808,proxy,21.6,164.0,278.2,84.0,41.391808
2025-10-17T17:00,37.87,138.94,93.0,22.70625,18.770655,proxy,19.8,57.0,276.4,24.0,18.770655
2025-10-18T07:00,37.87,138.94,84.6,18.743750000000002,17.343422999999998,proxy,16.1,54.0,232.6,26.0,17.343422999999998
2025-10-18T08:00,37.87,138.94,221.4,24.71875,44.329815,proxy,17.8,178.0,266.6,101.0,44.329815
2025-10-18T09:00,37.87,138.94,165.4,24.16875,33.189991000000006,proxy,19.0,173.0,6.7,170.0,33.189991000000006
2025-10-18T10:00,37.87,138.94,256.0,28.2,50.54464,proxy,20.2,241.0,96.1,186.0,50.54464
2025-10-18T11:00,37.87,138.94,501.8,37.98125,95.14880700000002,proxy,22.3,447.0,249.7,285.0,95.14880700000002
2025-10-18T12:00,37.87,138.94,275.9,31.321875,53.78463575,proxy,22.7,258.0,97.9,192.0,53.78463575
2025-10-18T13:00,37.87,138.94,183.5,28.734375,36.15179375,proxy,23.0,179.0,44.8,150.0,36.15179375
2025-10-18T14:00,37.87,138.94,175.1,28.471875,34.53365975,proxy,23.0,171.0,45.7,145.0,34.53365975
2025-10-18T15:00,37.87,138.94,132.9,27.153125,26.35107975,proxy,23.0,138.0,9.0,134.0,26.35107975
2025-10-18T16:00,37.87,138.94,37.8,22.98125,7.621047,proxy,21.8,34.0,28.3,26.0,7.621047
2025-10-19T07:00,37.87,138.94,47.7,18.590625000000003,9.784581750000001,proxy,17.1,32.0,118.1,18.0,9.784581750000001
2025-10-19T08:00,37.87,138.94,202.5,23.528125,40.73844375,proxy,17.2,158.0,263.1,83.0,40.73844375
2025-10-19T09:00,37.87,138.94,350.6,28.056250000000002,69.262783,proxy,17.1,281.0,334.7,132.0,69.262783
2025-10-19T10:00,37.87,138.94,422.6,30.306250000000002,82.72606300000001,proxy,17.1,355.0,295.9,187.0,82.72606300000001
2025-10-19T11:00,37.87,138.94,402.7,29.584375,79.06309775000001,proxy,17.0,377.0,144.3,284.0,79.06309775000001
2025-10-19T12:00,37.87,138.94,276.3,25.434375000000003,55.16398575,proxy,16.8,275.0,49.3,242.0,55.16398575
2025-10-19T13:00,37.87,138.94,261.6,25.175,52.283376000000004,proxy,17.0,256.0,60.7,217.0,52.283376000000004
2025-10-19T14:00,37.87,138.94,262.8,25.012500000000003,52.557372,proxy,16.8,247.0,99.3,191.0,52.557372
2025-10-19T15:00,37.87,138.94,177.2,22.137500000000003,35.845788,proxy,16.6,180.0,27.3,168.0,35.845788
2025-10-19T16:00,37.87,138.94,97.3,19.340625,19.900525750000003,proxy,16.3,102.0,3.6,101.0,19.900525750000003
2025-10-19T17:00,37.87,138.94,36.4,16.6375,7.523516,proxy,15.5,33.0,34.9,29.0,7.523516
2025-10-20T07:00,37.87,138.94,34.6,16.28125,7.161335000000001,proxy,15.2,27.0,60.0,20.0,7.161335000000001
2025-10-20T08:00,37.87,138.94,131.2,20.200000000000003,26.743807999999994,proxy,16.1,108.0,142.2,68.0,26.743807999999994
2025-10-20T09:00,37.87,138.94,218.6,24.13125,43.87192699999999,proxy,17.3,185.0,170.0,110.0,43.87192699999999
2025-10-20T10:00,37.87,138.94,334.2,28.94375,65.785599,proxy,18.5,285.0,218.3,162.0,65.785599
2025-10-20T11:00,37.87,138.94,302.7,28.359375,59.72649375,proxy,18.9,269.0,150.0,173.0,59.72649375
2025-10-20T12:00,37.87,138.94,434.1,31.965625,84.40097775000001,proxy,18.4,372.0,249.6,206.0,84.40097775000001
2025-10-20T13:00,37.87,138.94,345.7,27.503124999999997,68.44773575,proxy,16.7,300.0,192.9,177.0,68.44773575
2025-10-20T14:00,37.87,138.94,233.1,22.484375,47.08911375000001,proxy,15.2,219.0,87.7,170.0,47.08911375000001
2025-10-20T15:00,37.87,138.94,194.1,20.765625,39.47751375,proxy,14.7,155.0,186.3,74.0,39.47751375
2025-10-20T16:00,37.87,138.94,35.0,15.09375,7.277375,proxy,14.0,37.0,0.0,37.0,7.277375
2025-10-21T07:00,37.87,138.94,46.0,14.6375,9.58134,proxy,13.2,33.0,95.8,22.0,9.58134
2025-10-21T08:00,37.87,138.94,151.3,18.528125000000003,31.043355750000007,proxy,13.8,126.0,154.9,83.0,31.043355750000007
2025-10-21T09:00,37.87,138.94,261.5,22.571875,52.807963750000006,proxy,14.4,222.0,199.0,135.0,52.807963750000006
2025-10-21T10:00,37.87,138.94,425.0,27.98125,83.98637500000001,proxy,14.7,337.0,355.8,138.0,83.98637500000001
2025-10-21T11:00,37.87,138.94,397.8,27.53125,78.754455,proxy,15.1,335.0,250.2,176.0,78.754455
2025-10-21T12:00,37.87,138.94,469.8,30.28125,91.97509500000001,proxy,15.6,401.0,272.5,221.0,91.97509500000001
2025-10-21T13:00,37.87,138.94,504.1,31.753125,98.09659975000001,proxy,16.0,418.0,336.6,205.0,98.09659975000001
2025-10-21T14:00,37.87,138.94,477.0,30.70625,93.22249500000001,proxy,15.8,393.0,353.7,197.0,93.22249500000001
2025-10-21T15:00,37.87,138.94,270.6,24.25625,54.281007,proxy,15.8,236.0,183.8,157.0,54.281007
2025-10-21T16:00,37.87,138.94,152.4,19.9625,31.094172000000007,proxy,15.2,132.0,134.1,96.0,31.094172000000007
2025-10-21T17:00,37.87,138.94,50.9,15.990625,10.54686175,proxy,14.4,36.0,109.4,24.0,10.54686175
2025-10-22T07:00,37.87,138.94,20.8,12.35,4.370496,proxy,11.7,22.0,0.0,22.0,4.370496
2025-10-22T08:00,37.87,138.94,113.5,16.046875,23.512943750000005,proxy,12.5,111.0,40.2,100.0,23.512943750000005
2025-10-22T09:00,37.87,138.94,211.1,19.896875,43.08181575,proxy,13.3,202.0,76.2,169.0,43.08181575
2025-10-22T10:00,37.87,138.94,305.3,23.740625,61.36758975,proxy,14.2,290.0,102.7,233.0,61.36758975
2025-10-22T11:00,37.87,138.94,407.1,27.621875000000003,80.56610775000001,proxy,14.9,374.0,163.3,271.0,80.56610775000001
2025-10-22T12:00,37.87,138.94,426.1,28.615625,83.98750575000001,proxy,15.3,390.0,170.8,278.0,83.98750575000001
2025-10-22T13:00,37.87,138.94,416.0,28.4,82.06848000000001,proxy,15.4,392.0,138.5,305.0,82.06848000000001
2025-10-22T14:00,37.87,138.94,245.1,22.859375,49.43973375,proxy,15.2,248.0,34.6,229.0,49.43973375
2025-10-22T15:00,37.87,138.94,160.6,19.91875,32.772839,proxy,14.9,162.0,28.2,150.0,32.772839
2025-10-22T16:00,37.87,138.94,78.2,16.743750000000002,16.156511000000002,proxy,14.3,81.0,7.6,79.0,16.156511000000002
2025-10-22T17:00,37.87,138.94,20.8,14.35,4.337216,proxy,13.7,22.0,0.0,22.0,4.337216
2025-10-23T07:00,37.87,138.94,65.4,13.243749999999999,13.695087000000003,proxy,11.2,37.0,189.1,16.0,13.695087000000003
2025-10-23T08:00,37.87,138.94,218.2,18.71875,44.73645500000001,proxy,11.9,155.0,336.9,64.0,44.73645500000001
2025-10-23T09:00,37.87,138.94,434.3,27.271875,86.07065975,proxy,13.7,322.0,491.7,111.0,86.07065975
2025-10-23T10:00,37.87,138.94,657.1,35.834375,125.72458575000002,proxy,15.3,488.0,644.7,133.0,125.72458575000002
2025-10-23T11:00,37.87,138.94,824.5,42.165625,153.57755375000002,proxy,16.4,607.0,763.1,129.0,153.57755375000002
2025-10-23T12:00,37.87,138.94,825.9,42.709374999999994,153.47906175,proxy,16.9,611.0,737.2,131.0,153.47906175
2025-10-23T13:00,37.87,138.94,739.4,40.60625,138.64859099999998,proxy,17.5,554.0,657.9,144.0,138.64859099999998
2025-10-23T14:00,37.87,138.94,665.5,38.296875,126.02074375000001,proxy,17.5,489.0,672.2,123.0,126.02074375000001
2025-10-23T15:00,37.87,138.94,464.9,31.528125,90.55205975000001,proxy,17.0,340.0,547.2,110.0,90.55205975000001
2025-10-23T16:00,37.87,138.94,326.5,26.003125,65.03798375,proxy,15.8,215.0,586.3,63.0,65.03798375
2025-10-23T17:00,37.87,138.94,81.7,17.053125,16.859407750000003,proxy,14.5,46.0,238.1,21.0,16.859407750000003
2025-10-24T07:00,37.87,138.94,84.4,11.7375,17.775484000000002,proxy,9.1,48.0,238.2,22.0,17.775484000000002
2025-10-24T08:00,37.87,138.94,306.1,19.965625000000003,62.45281775,proxy,10.4,205.0,521.9,66.0,62.45281775
2025-10-24T09:00,37.87,138.94,487.0,27.81875,96.301815,proxy,12.6,348.0,592.8,96.0,96.301815
2025-10-24T10:00,37.87,138.94,713.5,37.196875,135.73802375000002,proxy,14.9,513.0,746.8,105.0,135.73802375000002
2025-10-24T11:00,37.87,138.94,799.4,41.381249999999994,149.403863,proxy,16.4,580.0,759.0,108.0,149.403863
2025-10-24T12:00,37.87,138.94,849.3,44.140625,156.85509375,proxy,17.6,621.0,773.5,121.0,156.85509375
2025-10-24T13:00,37.87,138.94,805.7,43.378125,149.29419575000003,proxy,18.2,592.0,745.5,131.0,149.29419575000003
2025-10-24T14:00,37.87,138.94,689.8,39.756249999999994,129.816911,proxy,18.2,501.0,709.7,118.0,129.816911
2025-10-24T15:00,37.87,138.94,458.4,32.025,89.103792,proxy,17.7,328.0,560.6,95.0,89.103792
2025-10-24T16:00,37.87,138.94,160.3,21.509375,32.50763775000001,proxy,16.5,128.0,184.5,81.0,32.50763775000001
2025-10-24T17:00,37.87,138.94,48.1,16.503125,9.946959750000001,proxy,15.0,29.0,126.6,16.0,9.946959750000001
2025-10-25T07:00,37.87,138.94,70.9,12.115625000000001,14.910801750000001,proxy,9.9,42.0,186.5,22.0,14.910801750000001
2025-10-25T08:00,37.87,138.94,306.8,21.387500000000003,62.24665200000001,proxy,11.8,207.0,510.4,73.0,62.24665200000001
2025-10-25T09:00,37.87,138.94,437.9,27.184375,86.81476975,proxy,13.5,330.0,467.9,133.0,86.81476975
2025-10-25T10:00,37.87,138.94,537.7,31.803125,104.61356775000003,proxy,15.0,429.0,428.0,197.0,104.61356775000003
2025-10-25T11:00,37.87,138.94,725.2,39.2625,136.76546800000003,proxy,16.6,553.0,607.4,178.0,136.76546800000003
2025-10-25T12:00,37.87,138.94,583.4,35.83125,111.62483900000001,proxy,17.6,483.0,370.8,245.0,111.62483900000001
2025-10-25T13:00,37.87,138.94,509.6,34.325,98.11838400000002,proxy,18.4,434.0,298.2,251.0,98.11838400000002
2025-10-25T14:00,37.87,138.94,347.2,29.549999999999997,68.176192,proxy,18.7,301.0,203.8,192.0,68.176192
2025-10-25T15:00,37.87,138.94,207.7,24.990625,41.541557749999996,proxy,18.5,190.0,104.6,147.0,41.541557749999996
2025-10-25T16:00,37.87,138.94,87.3,20.628124999999997,17.76533175,proxy,17.9,85.0,32.0,77.0,17.76533175
2025-10-25T17:00,37.87,138.94,25.8,17.60625,5.312607,proxy,16.8,22.0,29.9,19.0,5.312607
2025-10-26T08:00,37.87,138.94,49.7,16.653125,10.27187175,proxy,15.1,48.0,19.3,43.0,10.27187175
2025-10-26T09:00,37.87,138.94,74.8,17.7375,15.394588,proxy,15.4,79.0,0.0,79.0,15.394588
2025-10-26T10:00,37.87,138.94,128.1,19.603125,26.173071750000002,proxy,15.6,125.0,31.6,108.0,26.173071750000002
2025-10-26T11:00,37.87,138.94,280.0,24.95,56.0112,proxy,16.2,241.0,155.0,146.0,56.0112
2025-10-26T12:00,37.87,138.94,226.0,23.3625,45.49606000000001,proxy,16.3,211.0,76.9,162.0,45.49606000000001
2025-10-26T13:00,37.87,138.94,203.3,22.953125,40.99290375,proxy,16.6,194.0,59.1,158.0,40.99290375
2025-10-26T14:00,37.87,138.94,96.9,19.428124999999998,19.811931750000003,proxy,16.4,95.0,22.6,83.0,19.811931750000003
2025-10-26T15:00,37.87,138.94,54.5,17.903125,11.209423750000001,proxy,16.2,52.0,19.7,44.0,11.209423750000001
2025-10-26T16:00,37.87,138.94,95.3,19.478125,19.48098775,proxy,16.5,82.0,81.4,62.0,19.48098775
2025-10-27T08:00,37.87,138.94,132.9,21.153125,26.988999750000005,proxy,17.0,99.0,176.5,54.0,26.988999750000005
2025-10-27T09:00,37.87,138.94,226.8,24.7875,45.398556000000006,proxy,17.7,176.0,220.4,85.0,45.398556000000006
2025-10-27T10:00,37.87,138.94,490.3,33.621875,94.67815575,proxy,18.3,377.0,427.4,149.0,94.67815575
2025-10-27T11:00,37.87,138.94,684.9,38.903125,129.36219974999997,proxy,17.5,502.0,623.0,123.0,129.36219974999997
2025-10-27T12:00,37.87,138.94,674.6,38.08125,127.86031100000002,proxy,17.0,502.0,578.6,136.0,127.86031100000002
2025-10-27T13:00,37.87,138.94,498.6,32.38125,96.77576700000002,proxy,16.8,380.0,413.7,130.0,96.77576700000002
2025-10-27T14:00,37.87,138.94,282.8,24.8375,56.59676400000001,proxy,16.0,247.0,157.9,164.0,56.59676400000001
2025-10-27T15:00,37.87,138.94,179.6,21.1125,36.478556,proxy,15.5,157.0,114.5,111.0,36.478556
2025-10-27T16:00,37.87,138.94,91.5,17.459375,18.851973750000003,proxy,14.6,66.0,132.6,34.0,18.851973750000003
2025-10-27T17:00,37.87,138.94,29.6,15.625,6.142000000000001,proxy,14.7,18.0,73.0,11.0,6.142000000000001
2025-10-28T07:00,37.87,138.94,35.5,12.809375,7.446213750000001,proxy,11.7,21.0,88.6,12.0,7.446213750000001
2025-10-28T08:00,37.87,138.94,192.9,17.928125,39.67133175000001,proxy,11.9,132.0,302.6,56.0,39.67133175000001
2025-10-28T09:00,37.87,138.94,208.6,18.61875,42.784903,proxy,12.1,167.0,183.4,92.0,42.784903
2025-10-28T10:00,37.87,138.94,437.5,25.671875,87.26484375,proxy,12.0,341.0,364.7,148.0,87.26484375
2025-10-28T11:00,37.87,138.94,363.2,24.049999999999997,72.916032,proxy,12.7,293.0,253.3,140.0,72.916032
2025-10-28T12:00,37.87,138.94,447.6,26.887500000000003,88.84412400000001,proxy,12.9,348.0,340.8,134.0,88.84412400000001
2025-10-28T13:00,37.87,138.94,606.1,31.740625,117.95160575000001,proxy,12.8,454.0,521.9,141.0,117.95160575000001
2025-10-28T14:00,37.87,138.94,279.1,21.021875,56.70823575000001,proxy,12.3,234.0,184.2,138.0,56.70823575000001
2025-10-28T15:00,37.87,138.94,218.0,19.8125,44.50470000000001,proxy,13.0,181.0,171.1,113.0,44.50470000000001
2025-10-28T16:00,37.87,138.94,143.3,17.478125,29.522307750000007,proxy,13.0,106.0,194.0,60.0,29.522307750000007
2025-10-28T17:00,37.87,138.94,34.8,13.9875,7.266588,proxy,12.9,21.0,85.3,13.0,7.266588
2025-10-29T07:00,37.87,138.94,60.0,12.875,12.582,proxy,11.0,33.0,160.5,17.0,12.582
2025-10-29T08:00,37.87,138.94,178.9,16.790625,36.95492575,proxy,11.2,124.0,270.8,57.0,36.95492575
2025-10-29T09:00,37.87,138.94,314.2,21.61875,63.689911,proxy,11.8,234.0,333.5,99.0,63.689911
2025-10-29T10:00,37.87,138.94,466.0,27.1625,92.39382,proxy,12.6,361.0,392.4,155.0,92.39382
2025-10-29T11:00,37.87,138.94,572.6,31.59375,111.49953500000001,proxy,13.7,436.0,468.7,155.0,111.49953500000001
2025-10-29T12:00,37.87,138.94,431.8,27.59375,85.46401500000002,proxy,14.1,358.0,266.3,192.0,85.46401500000002
2025-10-29T13:00,37.87,138.94,440.0,28.35,86.8208,proxy,14.6,352.0,314.2,165.0,86.8208
2025-10-29T14:00,37.87,138.94,421.4,27.96875,83.27917500000001,proxy,14.8,321.0,373.6,128.0,83.27917500000001
2025-10-29T15:00,37.87,138.94,227.6,21.5125,46.155004,proxy,14.4,188.0,180.7,117.0,46.155004
2025-10-29T16:00,37.87,138.94,165.4,18.76875,33.90451900000001,proxy,13.6,124.0,214.7,74.0,33.90451900000001
2025-10-29T17:00,37.87,138.94,51.8,12.918750000000001,10.860646999999998,proxy,11.3,28.0,141.8,15.0,10.860646999999998
2025-10-30T07:00,37.87,138.94,79.8,8.89375,16.988223,proxy,6.4,41.0,225.0,19.0,16.988223
2025-10-30T08:00,37.87,138.94,335.3,18.178125,68.88989975,proxy,7.7,207.0,607.5,59.0,68.88989975
2025-10-30T09:00,37.87,138.94,582.3,27.896874999999998,115.11051975,proxy,9.7,387.0,771.0,78.0,115.11051975
2025-10-30T10:00,37.87,138.94,766.9,36.265625,146.46831375,proxy,12.3,528.0,837.4,92.0,146.46831375
2025-10-30T11:00,37.87,138.94,882.8,42.287499999999994,164.35087600000003,proxy,14.7,617.0,870.5,99.0,164.35087600000003
2025-10-30T12:00,37.87,138.94,919.1,45.121875,169.02478775,proxy,16.4,645.0,878.9,101.0,169.02478775
2025-10-30T13:00,37.87,138.94,872.4,44.662499999999994,160.75714800000003,proxy,17.4,609.0,865.1,98.0,160.75714800000003
2025-10-30T14:00,37.87,138.94,744.4,41.3625,139.135804,proxy,18.1,512.0,820.1,92.0,139.135804
2025-10-30T15:00,37.87,138.94,547.7,35.015625,105.15155375000002,proxy,17.9,364.0,733.2,79.0,105.15155375000002
2025-10-30T16:00,37.87,138.94,304.3,25.609375,60.71165375000001,proxy,16.1,187.0,563.9,58.0,60.71165375000001
2025-10-30T17:00,37.87,138.94,61.6,16.825,12.722864,proxy,14.9,31.0,178.6,15.0,12.722864
2025-10-31T08:00,37.87,138.94,84.3,12.834375,17.68044975,proxy,10.2,87.0,8.3,85.0,17.68044975
2025-10-31T09:00,37.87,138.94,171.3,16.753125,35.39015175,proxy,11.4,169.0,40.3,153.0,35.39015175
2025-10-31T10:00,37.87,138.94,202.5,18.728125,41.516043749999994,proxy,12.4,210.0,11.6,204.0,41.516043749999994
2025-10-31T11:00,37.87,138.94,217.6,20.4,44.320768,proxy,13.6,225.0,13.5,217.0,44.320768
2025-10-31T12:00,37.87,138.94,236.3,22.184375000000003,47.792265750000006,proxy,14.8,243.0,17.9,232.0,47.792265750000006
2025-10-31T13:00,37.87,138.94,212.8,22.15,43.045184000000006,proxy,15.5,218.0,18.8,207.0,43.045184000000006
2025-10-31T14:00,37.87,138.94,130.9,19.590625,26.746469750000003,proxy,15.5,137.0,3.9,135.0,26.746469750000003
2025-10-31T15:00,37.87,138.94,91.8,18.16875,18.861687,proxy,15.3,97.0,0.0,97.0,18.861687
2025-10-31T16:00,37.87,138.94,74.0,17.1125,15.26694,proxy,14.8,76.0,8.9,74.0,15.26694
