timestamp,latitude,longitude,irradiance_wm2,module_temp_c,power_w,power_source,ambient_temp_c,ghi_wm2,dni_wm2,dhi_wm2,power_proxy_w
2025-10-22T07:00,37.8689,138.9383,20.8,12.35,4.370496,proxy,11.7,22.0,0.0,22.0,4.370496
2025-10-22T08:00,37.8689,138.9383,113.5,16.046875,23.512943750000005,proxy,12.5,111.0,40.2,100.0,23.512943750000005
2025-10-22T09:00,37.8689,138.9383,211.1,19.896875,43.08181575,proxy,13.3,202.0,76.2,169.0,43.08181575
2025-10-22T10:00,37.8689,138.9383,305.3,23.740625,61.36758975,proxy,14.2,290.0,102.7,233.0,61.36758975
2025-10-22T11:00,37.8689,138.9383,407.1,27.621875000000003,80.56610775000001,proxy,14.9,374.0,163.3,271.0,80.56610775000001
2025-10-22T12:00,37.8689,138.9383,426.1,28.615625,83.98750575000001,proxy,15.3,390.0,170.8,278.0,83.98750575000001
2025-10-22T13:00,37.8689,138.9383,416.0,28.4,82.06848000000001,proxy,15.4,392.0,138.5,305.0,82.06848000000001
2025-10-22T14:00,37.8689,138.9383,245.1,22.859375,49.43973375,proxy,15.2,248.0,34.6,229.0,49.43973375
2025-10-22T15:00,37.8689,138.9383,160.6,19.91875,32.772839,proxy,14.9,162.0,28.2,150.0,32.772839
2025-10-22T16:00,37.8689,138.9383,78.2,16.743750000000002,16.156511000000002,proxy,14.3,81.0,7.6,79.0,16.156511000000002
2025-10-22T17:00,37.8689,138.9383,20.8,14.35,4.337216,proxy,13.7,22.0,0.0,22.0,4.337216
2025-10-23T07:00,37.8689,138.9383,65.4,13.243749999999999,13.695087000000003,proxy,11.2,37.0,189.1,16.0,13.695087000000003
2025-10-23T08:00,37.8689,138.9383,218.2,18.71875,44.73645500000001,proxy,11.9,155.0,336.9,64.0,44.73645500000001
2025-10-23T09:00,37.8689,138.9383,434.3,27.271875,86.07065975,proxy,13.7,322.0,491.7,111.0,86.07065975
2025-10-23T10:00,37.8689,138.9383,657.1,35.834375,125.72458575000002,proxy,15.3,488.0,644.7,133.0,125.72458575000002
2025-10-23T11:00,37.8689,138.9383,824.5,42.165625,153.57755375000002,proxy,16.4,607.0,763.1,129.0,153.57755375000002
2025-10-23T12:00,37.8689,138.9383,825.9,42.709374999999994,153.47906175,proxy,16.9,611.0,737.2,131.0,153.47906175
2025-10-23T13:00,37.8689,138.9383,739.4,40.60625,138.64859099999998,proxy,17.5,554.0,657.9,144.0,138.64859099999998
2025-10-23T14:00,37.8689,138.9383,665.5,38.296875,126.02074375000001,proxy,17.5,489.0,672.2,123.0,126.02074375000001
2025-10-23T15:00,37.8689,138.9383,464.9,31.528125,90.55205975000001,proxy,17.0,340.0,547.2,110.0,90.55205975000001
2025-10-23T16:00,37.8689,138.9383,326.5,26.003125,65.03798375,proxy,15.8,215.0,586.3,63.0,65.03798375
2025-10-23T17:00,37.8689,138.9383,81.7,17.053125,16.859407750000003,proxy,14.5,46.0,238.1,21.0,16.859407750000003
2025-10-24T07:00,37.8689,138.9383,84.4,11.7375,17.775484000000002,proxy,9.1,48.0,238.2,22.0,17.775484000000002
2025-10-24T08:00,37.8689,138.9383,306.1,19.965625000000003,62.45281775,proxy,10.4,205.0,521.9,66.0,62.45281775
2025-10-24T09:00,37.8689,138.9383,487.0,27.81875,96.301815,proxy,12.6,348.0,592.8,96.0,96.301815
2025-10-24T10:00,37.8689,138.9383,713.5,37.196875,135.73802375000002,proxy,14.9,513.0,746.8,105.0,135.73802375000002
2025-10-24T11:00,37.8689,138.9383,799.4,41.381249999999994,149.403863,proxy,16.4,580.0,759.0,108.0,149.403863
2025-10-24T12:00,37.8689,138.9383,849.3,44.140625,156.85509375,proxy,17.6,621.0,773.5,121.0,156.85509375
2025-10-24T13:00,37.8689,138.9383,805.7,43.378125,149.29419575000003,proxy,18.2,592.0,745.5,131.0,149.29419575000003
2025-10-24T14:00,37.8689,138.9383,689.8,39.756249999999994,129.816911,proxy,18.2,501.0,709.7,118.0,129.816911
2025-10-24T15:00,37.8689,138.9383,458.4,32.025,89.103792,proxy,17.7,328.0,560.6,95.0,89.103792
2025-10-24T16:00,37.8689,138.9383,160.3,21.509375,32.50763775000001,proxy,16.5,128.0,184.5,81.0,32.50763775000001
2025-10-24T17:00,37.8689,138.9383,48.1,16.503125,9.946959750000001,proxy,15.0,29.0,126.6,16.0,9.946959750000001
2025-10-25T07:00,37.8689,138.9383,70.9,12.115625000000001,14.910801750000001,proxy,9.9,42.0,186.5,22.0,14.910801750000001
2025-10-25T08:00,37.8689,138.9383,306.8,21.387500000000003,62.24665200000001,proxy,11.8,207.0,510.4,73.0,62.24665200000001
2025-10-25T09:00,37.8689,138.9383,437.9,27.184375,86.81476975,proxy,13.5,330.0,467.9,133.0,86.81476975
2025-10-25T10:00,37.8689,138.9383,537.7,31.803125,104.61356775000003,proxy,15.0,429.0,428.0,197.0,104.61356775000003
2025-10-25T11:00,37.8689,138.9383,725.2,39.2625,136.76546800000003,proxy,16.6,553.0,607.4,178.0,136.76546800000003
2025-10-25T12:00,37.8689,138.9383,583.4,35.83125,111.62483900000001,proxy,17.6,483.0,370.8,245.0,111.62483900000001
2025-10-25T13:00,37.8689,138.9383,509.6,34.325,98.11838400000002,proxy,18.4,434.0,298.2,251.0,98.11838400000002
2025-10-25T14:00,37.8689,138.9383,347.2,29.549999999999997,68.176192,proxy,18.7,301.0,203.8,192.0,68.176192
2025-10-25T15:00,37.8689,138.9383,207.7,24.990625,41.541557749999996,proxy,18.5,190.0,104.6,147.0,41.541557749999996
2025-10-25T16:00,37.8689,138.9383,87.3,20.628124999999997,17.76533175,proxy,17.9,85.0,32.0,77.0,17.76533175
2025-10-25T17:00,37.8689,138.9383,25.8,17.60625,5.312607,proxy,16.8,22.0,29.9,19.0,5.312607
2025-10-26T08:00,37.8689,138.9383,49.7,16.653125,10.27187175,proxy,15.1,48.0,19.3,43.0,10.27187175
2025-10-26T09:00,37.8689,138.9383,74.8,17.7375,15.394588,proxy,15.4,79.0,0.0,79.0,15.394588
2025-10-26T10:00,37.8689,138.9383,128.1,19.603125,26.173071750000002,proxy,15.6,125.0,31.6,108.0,26.173071750000002
2025-10-26T11:00,37.8689,138.9383,280.0,24.95,56.0112,proxy,16.2,241.0,155.0,146.0,56.0112
2025-10-26T12:00,37.8689,138.9383,226.0,23.3625,45.49606000000001,proxy,16.3,211.0,76.9,162.0,45.49606000000001
2025-10-26T13:00,37.8689,138.9383,203.3,22.953125,40.99290375,proxy,16.6,194.0,59.1,158.0,40.99290375
2025-10-26T14:00,37.8689,138.9383,96.9,19.428124999999998,19.811931750000003,proxy,16.4,95.0,22.6,83.0,19.811931750000003
2025-10-26T15:00,37.8689,138.9383,54.5,17.903125,11.209423750000001,proxy,16.2,52.0,19.7,44.0,11.209423750000001
2025-10-26T16:00,37.8689,138.9383,95.3,19.478125,19.48098775,proxy,16.5,82.0,81.4,62.0,19.48098775
2025-10-27T08:00,37.8689,138.9383,132.9,21.153125,26.988999750000005,proxy,17.0,99.0,176.5,54.0,26.988999750000005
2025-10-27T09:00,37.8689,138.9383,226.8,24.7875,45.398556000000006,proxy,17.7,176.0,220.4,85.0,45.398556000000006
2025-10-27T10:00,37.8689,138.9383,490.3,33.621875,94.67815575,proxy,18.3,377.0,427.4,149.0,94.67815575
2025-10-27T11:00,37.8689,138.9383,684.9,38.903125,129.36219974999997,proxy,17.5,502.0,623.0,123.0,129.36219974999997
2025-10-27T12:00,37.8689,138.9383,674.6,38.08125,127.86031100000002,proxy,17.0,502.0,578.6,136.0,127.86031100000002
2025-10-27T13:00,37.8689,138.9383,498.6,32.38125,96.77576700000002,proxy,16.8,380.0,413.7,130.0,96.77576700000002
2025-10-27T14:00,37.8689,138.9383,282.8,24.8375,56.59676400000001,proxy,16.0,247.0,157.9,164.0,56.59676400000001
2025-10-27T15:00,37.8689,138.9383,179.6,21.1125,36.478556,proxy,15.5,157.0,114.5,111.0,36.478556
2025-10-27T16:00,37.8689,138.9383,91.5,17.459375,18.851973750000003,proxy,14.6,66.0,132.6,34.0,18.851973750000003
2025-10-27T17:00,37.8689,138.9383,29.6,15.625,6.142000000000001,proxy,14.7,18.0,73.0,11.0,6.142000000000001
2025-10-28T07:00,37.8689,138.9383,35.5,12.809375,7.446213750000001,proxy,11.7,21.0,88.6,12.0,7.446213750000001
2025-10-28T08:00,37.8689,138.9383,192.9,17.928125,39.67133175000001,proxy,11.9,132.0,302.6,56.0,39.67133175000001
2025-10-28T09:00,37.8689,138.9383,208.6,18.61875,42.784903,proxy,12.1,167.0,183.4,92.0,42.784903
2025-10-28T10:00,37.8689,138.9383,437.5,25.671875,87.26484375,proxy,12.0,341.0,364.7,148.0,87.26484375
2025-10-28T11:00,37.8689,138.9383,363.2,24.049999999999997,72.916032,proxy,12.7,293.0,253.3,140.0,72.916032
2025-10-28T12:00,37.8689,138.9383,447.6,26.887500000000003,88.84412400000001,proxy,12.9,348.0,340.8,134.0,88.84412400000001
2025-10-28T13:00,37.8689,138.9383,606.1,31.740625,117.95160575000001,proxy,12.8,454.0,521.9,141.0,117.95160575000001
2025-10-28T14:00,37.8689,138.9383,279.1,21.021875,56.70823575000001,proxy,12.3,234.0,184.2,138.0,56.70823575000001
2025-10-28T15:00,37.8689,138.9383,218.0,19.8125,44.50470000000001,proxy,13.0,181.0,171.1,113.0,44.50470000000001
2025-10-28T16:00,37.8689,138.9383,143.3,17.478125,29.522307750000007,proxy,13.0,106.0,194.0,60.0,29.522307750000007
2025-10-28T17:00,37.8689,138.9383,34.8,13.9875,7.266588,proxy,12.9,21.0,85.3,13.0,7.266588
2025-10-29T07:00,37.8689,138.9383,60.0,12.875,12.582,proxy,11.0,33.0,160.5,17.0,12.582
2025-10-29T08:00,37.8689,138.9383,178.9,16.790625,36.95492575,proxy,11.2,124.0,270.8,57.0,36.95492575
2025-10-29T09:00,37.8689,138.9383,314.2,21.61875,63.689911,proxy,11.8,234.0,333.5,99.0,63.689911
2025-10-29T10:00,37.8689,138.9383,466.0,27.1625,92.39382,proxy,12.6,361.0,392.4,155.0,92.39382
2025-10-29T11:00,37.8689,138.9383,572.6,31.59375,111.49953500000001,proxy,13.7,436.0,468.7,155.0,111.49953500000001
2025-10-29T12:00,37.8689,138.9383,431.8,27.59375,85.46401500000002,proxy,14.1,358.0,266.3,192.0,85.46401500000002
2025-10-29T13:00,37.8689,138.9383,440.0,28.35,86.8208,proxy,14.6,352.0,314.2,165.0,86.8208
2025-10-29T14:00,37.8689,138.9383,421.4,27.96875,83.27917500000001,proxy,14.8,321.0,373.6,128.0,83.27917500000001
2025-10-29T15:00,37.8689,138.9383,227.6,21.5125,46.155004,proxy,14.4,188.0,180.7,117.0,46.155004
2025-10-29T16:00,37.8689,138.9383,165.4,18.76875,33.90451900000001,proxy,13.6,124.0,214.7,74.0,33.90451900000001
2025-10-29T17:00,37.8689,138.9383,51.8,12.918750000000001,10.860646999999998,proxy,11.3,28.0,141.8,15.0,10.860646999999998
2025-10-30T07:00,37.8689,138.9383,79.8,8.89375,16.988223,proxy,6.4,41.0,225.0,19.0,16.988223
2025-10-30T08:00,37.8689,138.9383,335.3,18.178125,68.88989975,proxy,7.7,207.0,607.5,59.0,68.88989975
2025-10-30T09:00,37.8689,138.9383,582.3,27.896874999999998,115.11051975,proxy,9.7,387.0,771.0,78.0,115.11051975
2025-10-30T10:00,37.8689,138.9383,766.9,36.265625,146.46831375,proxy,12.3,528.0,837.4,92.0,146.46831375
2025-10-30T11:00,37.8689,138.9383,882.8,42.287499999999994,164.35087600000003,proxy,14.7,617.0,870.5,99.0,164.35087600000003
2025-10-30T12:00,37.8689,138.9383,919.1,45.121875,169.02478775,proxy,16.4,645.0,878.9,101.0,169.02478775
2025-10-30T13:00,37.8689,138.9383,872.4,44.662499999999994,160.75714800000003,proxy,17.4,609.0,865.1,98.0,160.75714800000003
2025-10-30T14:00,37.8689,138.9383,744.4,41.3625,139.135804,proxy,18.1,512.0,820.1,92.0,139.135804
2025-10-30T15:00,37.8689,138.9383,547.7,35.015625,105.15155375000002,proxy,17.9,364.0,733.2,79.0,105.15155375000002
2025-10-30T16:00,37.8689,138.9383,304.3,25.609375,60.71165375000001,proxy,16.1,187.0,563.9,58.0,60.71165375000001
2025-10-30T17:00,37.8689,138.9383,61.6,16.825,12.722864,proxy,14.9,31.0,178.6,15.0,12.722864
2025-10-31T08:00,37.8689,138.9383,84.3,12.834375,17.68044975,proxy,10.2,87.0,8.3,85.0,17.68044975
2025-10-31T09:00,37.8689,138.9383,171.3,16.753125,35.39015175,proxy,11.4,169.0,40.3,153.0,35.39015175
2025-10-31T10:00,37.8689,138.9383,202.5,18.728125,41.516043749999994,proxy,12.4,210.0,11.6,204.0,41.516043749999994
2025-10-31T11:00,37.8689,138.9383,217.6,20.4,44.320768,proxy,13.6,225.0,13.5,217.0,44.320768
2025-10-31T12:00,37.8689,138.9383,236.3,22.184375000000003,47.792265750000006,proxy,14.8,243.0,17.9,232.0,47.792265750000006
2025-10-31T13:00,37.8689,138.9383,212.8,22.15,43.045184000000006,proxy,15.5,218.0,18.8,207.0,43.045184000000006
2025-10-31T14:00,37.8689,138.9383,130.9,19.590625,26.746469750000003,proxy,15.5,137.0,3.9,135.0,26.746469750000003
2025-10-31T15:00,37.8689,138.9383,91.8,18.16875,18.861687,proxy,15.3,97.0,0.0,97.0,18.861687
2025-10-31T16:00,37.8689,138.9383,74.0,17.1125,15.26694,proxy,14.8,76.0,8.9,74.0,15.26694
2025-11-01T08:00,37.8689,138.9383,21.9,16.384375,4.53094575,proxy,15.7,19.0,16.9,15.0,4.53094575
2025-11-01T09:00,37.8689,138.9383,211.7,22.815624999999997,42.70994575,proxy,16.2,167.0,188.4,93.0,42.70994575
2025-11-01T10:00,37.8689,138.9383,168.5,21.965625,34.10903375,proxy,16.7,162.0,46.9,138.0,34.10903375
2025-11-01T11:00,37.8689,138.9383,302.4,26.55,60.105024,proxy,17.1,250.0,189.3,139.0,60.105024
2025-11-01T12:00,37.8689,138.9383,409.8,30.40625,80.18761500000001,proxy,17.6,334.0,263.9,173.0,80.18761500000001
2025-11-01T13:00,37.8689,138.9383,526.1,33.940625,101.45706975000002,proxy,17.5,405.0,412.5,165.0,101.45706975000002
2025-11-01T14:00,37.8689,138.9383,437.6,31.075,85.39326400000002,proxy,17.4,331.0,387.3,136.0,85.39326400000002
2025-11-01T15:00,37.8689,138.9383,357.5,27.671875,70.73584375,proxy,16.5,255.0,412.8,98.0,70.73584375
2025-11-01T16:00,37.8689,138.9383,100.1,18.528125,20.53826775,proxy,15.4,87.0,77.0,70.0,20.53826775
2025-11-02T07:00,37.8689,138.9383,25.7,14.403125,5.357871750000001,proxy,13.6,14.0,65.1,8.0,5.357871750000001
2025-11-02T08:00,37.8689,138.9383,77.5,16.121875,16.05044375,proxy,13.7,54.0,111.9,28.0,16.05044375
2025-11-02T09:00,37.8689,138.9383,224.1,21.803125,45.39313575,proxy,14.8,176.0,200.6,98.0,45.39313575
2025-11-02T10:00,37.8689,138.9383,480.0,31.1,93.6576,proxy,16.1,355.0,442.8,130.0,93.6576
2025-11-02T11:00,37.8689,138.9383,680.0,38.15,128.84640000000002,proxy,16.9,494.0,608.1,140.0,128.84640000000002
2025-11-02T12:00,37.8689,138.9383,637.4,37.01875,121.351399,proxy,17.1,471.0,536.5,146.0,121.351399
2025-11-02T13:00,37.8689,138.9383,739.0,40.59375,138.58097500000002,proxy,17.5,521.0,706.4,113.0,138.58097500000002
2025-11-02T14:00,37.8689,138.9383,485.5,33.271875,93.88720375,proxy,18.1,364.0,436.6,146.0,93.88720375
2025-11-02T15:00,37.8689,138.9383,381.1,28.109375,75.27201375000001,proxy,16.2,261.0,473.0,83.0,75.27201375000001
2025-11-02T16:00,37.8689,138.9383,180.5,19.940625,36.83057375,proxy,14.3,115.0,308.7,48.0,36.83057375
2025-11-02T17:00,37.8689,138.9383,29.7,14.628124999999999,6.18643575,proxy,13.7,17.0,71.7,11.0,6.18643575
2025-11-03T07:00,37.8689,138.9383,26.5,12.028125,5.575003750000001,proxy,11.2,19.0,44.3,15.0,5.575003750000001
2025-11-03T08:00,37.8689,138.9383,145.4,15.64375,30.168319000000004,proxy,11.1,114.0,157.5,78.0,30.168319000000004
2025-11-03T09:00,37.8689,138.9383,188.9,17.103125,38.97337575,proxy,11.2,156.0,142.9,101.0,38.97337575
2025-11-03T10:00,37.8689,138.9383,352.0,22.5,71.10400000000001,proxy,11.5,293.0,228.2,178.0,71.10400000000001
2025-11-03T11:00,37.8689,138.9383,391.5,23.834375,78.66507375000002,proxy,11.6,336.0,209.4,215.0,78.66507375000002
2025-11-03T12:00,37.8689,138.9383,224.9,19.228125,46.01847575,proxy,12.2,220.0,46.5,192.0,46.01847575
2025-11-03T13:00,37.8689,138.9383,404.5,25.140625,80.85449375,proxy,12.5,319.0,293.0,151.0,80.85449375
2025-11-03T14:00,37.8689,138.9383,367.8,22.69375,74.238591,proxy,11.2,295.0,272.6,160.0,74.238591
2025-11-03T15:00,37.8689,138.9383,184.2,17.456249999999997,37.951647,proxy,11.7,155.0,131.6,106.0,37.951647
2025-11-03T16:00,37.8689,138.9383,79.4,13.881250000000001,16.586263000000002,proxy,11.4,63.0,84.4,45.0,16.586263000000002
2025-11-04T07:00,37.8689,138.9383,49.0,9.03125,10.425975,proxy,7.5,26.0,124.5,15.0,10.425975
2025-11-04T08:00,37.8689,138.9383,267.3,17.253125,55.116591750000005,proxy,8.9,165.0,462.5,61.0,55.116591750000005
2025-11-04T09:00,37.8689,138.9383,519.9,26.946875,103.17025575000001,proxy,10.7,343.0,672.1,87.0,103.17025575000001
2025-11-04T10:00,37.8689,138.9383,717.7,34.628125,138.01191575000001,proxy,12.2,487.0,780.2,97.0,138.01191575000001
2025-11-04T11:00,37.8689,138.9383,830.4,39.75,156.28128,proxy,13.8,573.0,815.8,105.0,156.28128
2025-11-04T12:00,37.8689,138.9383,884.0,42.725,164.26488,proxy,15.1,611.0,847.1,105.0,164.26488
2025-11-04T13:00,37.8689,138.9383,827.0,41.54375,154.454655,proxy,15.7,570.0,817.0,105.0,154.454655
2025-11-04T14:00,37.8689,138.9383,659.9,36.621875,125.84457975,proxy,16.0,454.0,704.5,108.0,125.84457975
2025-11-04T15:00,37.8689,138.9383,511.7,31.590625,99.64206175000001,proxy,15.6,333.0,683.7,81.0,99.64206175000001
2025-11-04T16:00,37.8689,138.9383,261.3,22.365625,52.81068975000001,proxy,14.2,157.0,476.7,57.0,52.81068975000001
2025-11-04T17:00,37.8689,138.9383,45.1,12.409375,9.474269750000003,proxy,11.0,22.0,124.9,12.0,9.474269750000003
2025-11-05T07:00,37.8689,138.9383,42.4,8.725,9.032048,proxy,7.4,23.0,104.1,14.0,9.032048
2025-11-05T08:00,37.8689,138.9383,214.2,15.49375,44.468991,proxy,8.8,143.0,325.6,71.0,44.468991
2025-11-05T09:00,37.8689,138.9383,452.3,24.834375,90.51992975,proxy,10.7,309.0,546.5,103.0,90.51992975
2025-11-05T10:00,37.8689,138.9383,644.5,33.240625,124.65113375,proxy,13.1,444.0,677.8,108.0,124.65113375
2025-11-05T11:00,37.8689,138.9383,791.0,39.81875,148.822695,proxy,15.1,546.0,772.6,106.0,148.822695
2025-11-05T12:00,37.8689,138.9383,777.3,40.590625,145.76512575,proxy,16.3,555.0,694.6,143.0,145.76512575
2025-11-05T13:00,37.8689,138.9383,662.2,37.79375,125.66238300000003,proxy,17.1,484.0,577.0,158.0,125.66238300000003
2025-11-05T14:00,37.8689,138.9383,580.8,35.349999999999994,111.350976,proxy,17.2,414.0,574.8,134.0,111.350976
2025-11-05T15:00,37.8689,138.9383,347.5,27.559375,68.78849375,proxy,16.7,259.0,353.7,130.0,68.78849375
2025-11-05T16:00,37.8689,138.9383,203.5,21.759375,41.227573750000005,proxy,15.4,138.0,305.5,75.0,41.227573750000005
2025-11-05T17:00,37.8689,138.9383,26.2,14.518749999999999,5.459687,proxy,13.7,17.0,51.1,13.0,5.459687
2025-11-06T07:00,37.8689,138.9383,52.2,10.23125,11.056743,proxy,8.6,25.0,141.9,13.0,11.056743
2025-11-06T08:00,37.8689,138.9383,265.2,18.0875,54.506555999999996,proxy,9.8,158.0,473.8,55.0,54.506555999999996
2025-11-06T09:00,37.8689,138.9383,487.3,26.828125,96.74732375,proxy,11.6,323.0,616.7,93.0,96.74732375
2025-11-06T10:00,37.8689,138.9383,687.5,35.484375,131.73359375,proxy,14.0,461.0,754.6,90.0,131.73359375
2025-11-06T11:00,37.8689,138.9383,698.5,37.628125,132.64340375000003,proxy,15.8,490.0,658.1,118.0,132.64340375000003
2025-11-06T12:00,37.8689,138.9383,871.8,44.64375,160.65966300000002,proxy,17.4,596.0,843.9,99.0,160.65966300000002
2025-11-06T13:00,37.8689,138.9383,789.4,42.66875,146.72183099999998,proxy,18.0,540.0,782.6,101.0,146.72183099999998
2025-11-06T14:00,37.8689,138.9383,611.6,36.9125,116.49145200000001,proxy,17.8,417.0,656.1,100.0,116.49145200000001
2025-11-06T15:00,37.8689,138.9383,441.6,31.3,86.09433600000001,proxy,17.5,285.0,590.0,72.0,86.09433600000001
2025-11-06T16:00,37.8689,138.9383,241.2,24.237499999999997,48.387132,proxy,16.7,142.0,444.0,52.0,48.387132
2025-11-06T17:00,37.8689,138.9383,33.4,16.24375,6.913967,proxy,15.2,16.0,91.5,9.0,6.913967
2025-11-07T07:00,37.8689,138.9383,28.0,15.375,5.815600000000001,proxy,14.5,14.0,72.6,8.0,5.815600000000001
2025-11-07T08:00,37.8689,138.9383,166.1,20.790625,33.77934175,proxy,15.6,111.0,248.1,58.0,33.77934175
2025-11-07T09:00,37.8689,138.9383,370.0,28.1625,73.06389999999999,proxy,16.6,256.0,430.9,97.0,73.06389999999999
2025-11-07T10:00,37.8689,138.9383,509.0,33.20625,98.45841500000002,proxy,17.3,363.0,494.3,122.0,98.45841500000002
2025-11-07T11:00,37.8689,138.9383,614.1,36.790625000000006,117.02750175000001,proxy,17.6,449.0,527.5,153.0,117.02750175000001
2025-11-07T12:00,37.8689,138.9383,635.9,37.471875,120.83530775000001,proxy,17.6,474.0,511.3,175.0,120.83530775000001
2025-11-07T13:00,37.8689,138.9383,581.5,35.571875,111.38196375000001,proxy,17.4,432.0,483.1,163.0,111.38196375000001
2025-11-07T14:00,37.8689,138.9383,490.4,32.525,95.127792,proxy,17.2,351.0,475.7,123.0,95.127792
2025-11-07T15:00,37.8689,138.9383,498.2,32.16875,96.782823,proxy,16.6,320.0,666.0,82.0,96.782823
2025-11-07T16:00,37.8689,138.9383,203.2,22.15,41.103296,proxy,15.8,126.0,346.2,57.0,41.103296
2025-11-07T17:00,37.8689,138.9383,26.8,16.037499999999998,5.552156,proxy,15.2,14.0,66.8,9.0,5.552156
2025-11-08T07:00,37.8689,138.9383,20.9,10.453125,4.42322375,proxy,9.8,14.0,37.1,11.0,4.42322375
2025-11-08T08:00,37.8689,138.9383,72.9,13.178125000000001,15.26945175,proxy,10.9,62.0,57.2,50.0,15.26945175
2025-11-08T09:00,37.8689,138.9383,203.5,18.559375,41.74853375,proxy,12.2,171.0,139.7,120.0,41.74853375
2025-11-08T10:00,37.8689,138.9383,349.3,23.915625,70.16301775000001,proxy,13.0,283.0,242.0,166.0,70.16301775000001
2025-11-08T11:00,37.8689,138.9383,260.9,21.353125,52.94117575,proxy,13.2,247.0,75.4,205.0,52.94117575
2025-11-08T12:00,37.8689,138.9383,442.7,27.734375,87.57159375,proxy,13.9,386.0,210.1,264.0,87.57159375
2025-11-08T13:00,37.8689,138.9383,617.4,33.29375,119.38355100000001,proxy,14.0,456.0,517.3,170.0,119.38355100000001
2025-11-08T14:00,37.8689,138.9383,608.7,32.921875,117.88236375000001,proxy,13.9,421.0,628.9,122.0,117.88236375000001
2025-11-08T15:00,37.8689,138.9383,480.9,28.628124999999997,94.78418775,proxy,13.6,315.0,619.1,96.0,94.78418775
2025-11-08T16:00,37.8689,138.9383,136.9,16.878125,28.269507750000002,proxy,12.6,113.0,122.5,89.0,28.269507750000002
2025-11-09T08:00,37.8689,138.9383,38.8,12.3125,8.15382,proxy,11.1,41.0,0.0,41.0,8.15382
2025-11-09T09:00,37.8689,138.9383,105.8,15.606250000000001,21.955087,proxy,12.3,110.0,5.5,108.0,21.955087
2025-11-09T10:00,37.8689,138.9383,171.7,18.565624999999997,35.223825749999996,proxy,13.2,177.0,12.5,171.0,35.223825749999996
2025-11-09T11:00,37.8689,138.9383,215.4,20.73125,43.815591000000005,proxy,14.0,220.0,19.9,209.0,43.815591000000005
2025-11-09T12:00,37.8689,138.9383,190.9,20.565625,38.85721775,proxy,14.6,199.0,6.9,195.0,38.85721775
2025-11-09T13:00,37.8689,138.9383,211.5,21.509375,42.89061375000001,proxy,14.9,211.0,32.8,193.0,42.89061375000001
2025-11-09T14:00,37.8689,138.9383,101.3,17.365624999999998,20.878689750000003,proxy,14.2,107.0,0.0,107.0,20.878689750000003
2025-11-09T15:00,37.8689,138.9383,47.2,15.275,9.807216,proxy,13.8,49.0,2.9,48.0,9.807216
2025-11-09T16:00,37.8689,138.9383,36.4,14.837499999999999,7.575932000000001,proxy,13.7,33.0,20.8,29.0,7.575932000000001
2025-11-10T08:00,37.8689,138.9383,66.9,14.690625,13.931757750000003,proxy,12.6,51.0,74.1,36.0,13.931757750000003
2025-11-10T09:00,37.8689,138.9383,91.7,14.465625,19.11280175,proxy,11.6,79.0,56.0,59.0,19.11280175
2025-11-10T10:00,37.8689,138.9383,273.1,20.934375000000003,55.508257750000006,proxy,12.4,207.0,227.2,99.0,55.508257750000006
2025-11-10T11:00,37.8689,138.9383,348.0,23.175,70.10808000000002,proxy,12.3,276.0,238.7,145.0,70.10808000000002
2025-11-10T12:00,37.8689,138.9383,389.0,24.45625,77.96921500000002,proxy,12.3,289.0,310.9,111.0,77.96921500000002
2025-11-10T13:00,37.8689,138.9383,384.1,24.103125,77.09559175000001,proxy,12.1,287.0,310.1,118.0,77.09559175000001
2025-11-10T14:00,37.8689,138.9383,412.5,24.190625,82.76709375,proxy,11.3,300.0,380.4,122.0,82.76709375
2025-11-10T15:00,37.8689,138.9383,289.3,20.440625,58.91522175,proxy,11.4,199.0,337.5,82.0,58.91522175
2025-11-10T16:00,37.8689,138.9383,117.4,14.868749999999999,24.431527000000003,proxy,11.2,70.0,205.8,31.0,24.431527000000003
2025-11-11T08:00,37.8689,138.9383,122.5,14.528125,25.526243750000003,proxy,10.7,89.0,151.1,59.0,25.526243750000003
2025-11-11T09:00,37.8689,138.9383,213.4,17.66875,43.93159100000001,proxy,11.0,162.0,198.2,92.0,43.93159100000001
2025-11-11T10:00,37.8689,138.9383,361.6,22.700000000000003,72.98534400000001,proxy,11.4,271.0,307.7,126.0,72.98534400000001
2025-11-11T11:00,37.8689,138.9383,457.1,25.684375000000003,91.16973775000001,proxy,11.4,332.0,391.1,119.0,91.16973775000001
2025-11-11T12:00,37.8689,138.9383,416.0,24.4,83.39968,proxy,11.4,305.0,341.3,111.0,83.39968
2025-11-11T13:00,37.8689,138.9383,432.4,24.9125,86.51026800000001,proxy,11.4,316.0,365.9,118.0,86.51026800000001
2025-11-11T14:00,37.8689,138.9383,312.3,21.159375,63.41954175000001,proxy,11.4,248.0,228.3,142.0,63.41954175000001
2025-11-11T15:00,37.8689,138.9383,248.6,18.86875,50.93938299999999,proxy,11.1,183.0,250.5,97.0,50.93938299999999
2025-11-11T16:00,37.8689,138.9383,113.4,14.64375,23.619519000000004,proxy,11.1,73.0,177.0,40.0,23.619519000000004
2025-11-12T07:00,37.8689,138.9383,23.1,9.121875000000001,4.91342775,proxy,8.4,12.0,54.6,8.0,4.91342775
2025-11-12T08:00,37.8689,138.9383,151.5,14.434375,31.580553750000004,proxy,9.7,102.0,215.6,60.0,31.580553750000004
2025-11-12T09:00,37.8689,138.9383,262.0,19.5875,53.53446,proxy,11.4,203.0,229.0,123.0,53.53446
2025-11-12T10:00,37.8689,138.9383,452.4,26.737499999999997,89.851164,proxy,12.6,329.0,410.9,137.0,89.851164
2025-11-12T11:00,37.8689,138.9383,468.6,27.94375,92.61644700000001,proxy,13.3,366.0,332.9,186.0,92.61644700000001
2025-11-12T12:00,37.8689,138.9383,311.7,23.240625,62.778717750000006,proxy,13.5,255.0,187.8,149.0,62.778717750000006
2025-11-12T13:00,37.8689,138.9383,518.2,30.293750000000003,101.445423,proxy,14.1,397.0,389.0,188.0,101.445423
2025-11-12T14:00,37.8689,138.9383,648.8,34.474999999999994,124.842096,proxy,14.2,427.0,716.4,97.0,124.842096
2025-11-12T15:00,37.8689,138.9383,505.4,29.69375,99.182223,proxy,13.9,311.0,697.1,74.0,99.182223
2025-11-12T16:00,37.8689,138.9383,254.1,20.240625,51.78748575,proxy,12.3,139.0,485.2,50.0,51.78748575
2025-11-12T17:00,37.8689,138.9383,28.3,12.084375,5.95240975,proxy,11.2,13.0,74.7,8.0,5.95240975
2025-11-13T08:00,37.8689,138.9383,65.9,11.059375,13.91494975,proxy,9.0,64.0,20.9,60.0,13.91494975
2025-11-13T09:00,37.8689,138.9383,181.7,15.778125,37.680491749999995,proxy,10.1,162.0,92.6,130.0,37.680491749999995
2025-11-13T10:00,37.8689,138.9383,299.1,21.446875,60.67019175000001,proxy,12.1,272.0,120.9,216.0,60.67019175000001
2025-11-13T11:00,37.8689,138.9383,490.1,29.315625,96.32792975000001,proxy,14.0,380.0,354.0,190.0,96.32792975000001
2025-11-13T12:00,37.8689,138.9383,505.1,31.584375,98.35938575000002,proxy,15.8,406.0,321.1,226.0,98.35938575000002
2025-11-13T13:00,37.8689,138.9383,457.3,30.890625,89.30497375,proxy,16.6,363.0,309.3,198.0,89.30497375
2025-11-13T14:00,37.8689,138.9383,308.8,26.65,61.35238400000001,proxy,17.0,262.0,177.2,181.0,61.35238400000001
2025-11-13T15:00,37.8689,138.9383,276.2,25.43125,55.144711,proxy,16.8,202.0,279.1,108.0,55.144711
2025-11-13T16:00,37.8689,138.9383,136.0,20.45,27.695040000000002,proxy,16.2,96.0,177.3,64.0,27.695040000000002
2025-11-14T08:00,37.8689,138.9383,173.8,18.33125,35.687223,proxy,12.9,105.0,288.1,51.0,35.687223
2025-11-14T09:00,37.8689,138.9383,384.7,25.721874999999997,76.71783574999999,proxy,13.7,253.0,471.4,92.0,76.71783574999999
2025-11-14T10:00,37.8689,138.9383,629.1,33.659375,121.46190975,proxy,14.0,413.0,688.0,97.0,121.46190975
2025-11-14T11:00,37.8689,138.9383,619.4,33.75625,119.54110299999999,proxy,14.4,435.0,561.2,136.0,119.54110299999999
2025-11-14T12:00,37.8689,138.9383,658.5,35.378125,126.23280375000002,proxy,14.8,467.0,572.9,148.0,126.23280375000002
2025-11-14T13:00,37.8689,138.9383,612.7,33.946875000000006,118.15459975000002,proxy,14.8,436.0,541.7,149.0,118.15459975000002
2025-11-14T14:00,37.8689,138.9383,611.3,33.903125,117.90601574999998,proxy,14.8,405.0,661.2,105.0,117.90601574999998
2025-11-14T15:00,37.8689,138.9383,371.5,25.909375,74.02973375,proxy,14.3,248.0,446.6,99.0,74.02973375
2025-11-14T16:00,37.8689,138.9383,207.9,19.796875,42.445383750000005,proxy,13.3,116.0,382.7,48.0,42.445383750000005
2025-11-15T08:00,37.8689,138.9383,157.4,14.21875,32.83757500000001,proxy,9.3,99.0,244.9,54.0,32.83757500000001
2025-11-15T09:00,37.8689,138.9383,359.0,22.01875,72.65621499999999,proxy,10.8,233.0,447.1,82.0,72.65621499999999
2025-11-15T10:00,37.8689,138.9383,487.3,28.228125,96.20154775,proxy,13.0,335.0,489.6,112.0,96.20154775
2025-11-15T11:00,37.8689,138.9383,578.7,31.984375,112.50651375000001,proxy,13.9,417.0,495.4,155.0,112.50651375000001
2025-11-15T12:00,37.8689,138.9383,451.8,28.31875,89.16047100000002,proxy,14.2,357.0,300.2,191.0,89.16047100000002
2025-11-15T13:00,37.8689,138.9383,426.0,27.6125,84.30966000000001,proxy,14.3,331.0,304.0,171.0,84.30966000000001
2025-11-15T14:00,37.8689,138.9383,388.2,26.43125,77.195511,proxy,14.3,285.0,341.9,131.0,77.195511
2025-11-15T15:00,37.8689,138.9383,299.4,23.456249999999997,60.249759,proxy,14.1,208.0,332.8,98.0,60.249759
2025-11-15T16:00,37.8689,138.9383,194.0,18.6625,39.78358,proxy,12.6,113.0,337.2,54.0,39.78358
2025-11-15T17:00,37.8689,138.9383,20.1,11.528125000000001,4.236627750000001,proxy,10.9,10.0,47.8,7.0,4.236627750000001
2025-11-16T07:00,37.8689,138.9383,25.0,5.48125,5.390375000000001,proxy,4.7,12.0,60.8,8.0,5.390375000000001
2025-11-16T08:00,37.8689,138.9383,215.7,13.140625,45.18645375,proxy,6.4,122.0,383.1,53.0,45.18645375
2025-11-16T09:00,37.8689,138.9383,414.8,21.762500000000003,84.034332,proxy,8.8,267.0,521.0,93.0,84.034332
2025-11-16T10:00,37.8689,138.9383,654.2,31.64375,127.362927,proxy,11.2,420.0,735.1,88.0,127.362927
2025-11-16T11:00,37.8689,138.9383,803.0,38.49375,151.93161500000002,proxy,13.4,525.0,820.8,94.0,151.93161500000002
2025-11-16T12:00,37.8689,138.9383,827.5,41.059375,154.86869374999998,proxy,15.2,549.0,808.2,105.0,154.86869374999998
2025-11-16T13:00,37.8689,138.9383,781.7,40.828125,146.44172375000002,proxy,16.4,515.0,790.0,102.0,146.44172375000002
2025-11-16T14:00,37.8689,138.9383,646.7,37.009375000000006,123.12682975,proxy,16.8,420.0,715.7,100.0,123.12682975
2025-11-16T15:00,37.8689,138.9383,446.5,30.453125,87.35214375000001,proxy,16.5,280.0,586.1,88.0,87.35214375000001
2025-11-16T16:00,37.8689,138.9383,230.5,21.003125,46.83702375,proxy,13.8,124.0,435.2,49.0,46.83702375
2025-11-16T17:00,37.8689,138.9383,24.0,10.85,5.071680000000001,proxy,10.1,10.0,65.1,6.0,5.071680000000001
2025-11-17T07:00,37.8689,138.9383,25.5,7.296875,5.461143750000001,proxy,6.5,12.0,62.5,8.0,5.461143750000001
2025-11-17T08:00,37.8689,138.9383,256.4,18.0125,52.713276,proxy,10.0,134.0,492.9,47.0,52.713276
2025-11-17T09:00,37.8689,138.9383,452.4,27.737499999999997,89.489244,proxy,13.6,276.0,611.7,74.0,89.489244
2025-11-17T10:00,37.8689,138.9383,627.3,36.303124999999994,119.78763975,proxy,16.7,399.0,712.3,80.0,119.78763975
2025-11-17T11:00,37.8689,138.9383,574.9,36.565625,109.66073775000001,proxy,18.6,392.0,544.7,108.0,109.66073775000001
2025-11-17T12:00,37.8689,138.9383,610.3,38.171875,115.62896375,proxy,19.1,419.0,558.9,114.0,115.62896375
2025-11-17T13:00,37.8689,138.9383,490.3,32.921875,94.95272375,proxy,17.6,337.0,458.3,99.0,94.95272375
2025-11-17T14:00,37.8689,138.9383,303.7,24.590625,60.83946175,proxy,15.1,221.0,270.3,101.0,60.83946175
2025-11-17T15:00,37.8689,138.9383,221.6,20.225,45.166512,proxy,13.3,146.0,267.9,59.0,45.166512
2025-11-17T16:00,37.8689,138.9383,29.8,13.03125,6.245335,proxy,12.1,25.0,23.6,21.0,6.245335
2025-11-18T08:00,37.8689,138.9383,65.4,9.04375,13.914831000000003,proxy,7.0,40.0,104.1,22.0,13.914831000000003
2025-11-18T09:00,37.8689,138.9383,148.4,11.3375,31.302012000000005,proxy,6.7,107.0,150.1,58.0,31.302012000000005
2025-11-18T10:00,37.8689,138.9383,191.7,12.190625,40.30444575,proxy,6.2,149.0,144.1,85.0,40.30444575
2025-11-18T11:00,37.8689,138.9383,340.5,17.040625,70.26813375,proxy,6.4,277.0,208.6,169.0,70.26813375
2025-11-18T12:00,37.8689,138.9383,326.3,16.096875,67.58407175,proxy,5.9,267.0,191.8,163.0,67.58407175
2025-11-18T13:00,37.8689,138.9383,318.7,15.559375,66.14698175,proxy,5.6,263.0,186.0,167.0,66.14698175
2025-11-18T14:00,37.8689,138.9383,139.1,9.746875,29.51736775,proxy,5.4,131.0,43.1,112.0,29.51736775
2025-11-18T15:00,37.8689,138.9383,131.4,9.40625,27.919215000000005,proxy,5.3,107.0,96.3,76.0,27.919215000000005
2025-11-19T08:00,37.8689,138.9383,209.2,11.9375,44.02614,proxy,5.4,110.0,395.4,43.0,44.02614
2025-11-19T09:00,37.8689,138.9383,352.5,16.515625,72.89259375,proxy,5.5,225.0,442.8,82.0,72.89259375
2025-11-19T10:00,37.8689,138.9383,327.8,15.84375,67.961135,proxy,5.6,232.0,306.5,97.0,67.961135
2025-11-19T11:00,37.8689,138.9383,272.5,14.415625,56.807393749999996,proxy,5.9,229.0,147.8,153.0,56.807393749999996
2025-11-19T12:00,37.8689,138.9383,313.6,16.4,64.87756800000001,proxy,6.6,246.0,209.7,133.0,64.87756800000001
2025-11-19T13:00,37.8689,138.9383,325.9,17.084375,67.24376174999999,proxy,6.9,252.0,232.1,133.0,67.24376174999999
2025-11-19T14:00,37.8689,138.9383,359.2,18.425,73.729392,proxy,7.2,251.0,344.8,100.0,73.729392
2025-11-19T15:00,37.8689,138.9383,267.8,16.06875,55.473431000000005,proxy,7.7,183.0,300.6,87.0,55.473431000000005
2025-11-19T16:00,37.8689,138.9383,150.1,12.290624999999999,31.546141750000004,proxy,7.6,89.0,248.3,48.0,31.546141750000004
2025-11-20T08:00,37.8689,138.9383,217.9,11.909375,45.86195775000001,proxy,5.1,113.0,415.7,44.0,45.86195775000001
2025-11-20T09:00,37.8689,138.9383,446.7,20.759375,90.85542975,proxy,6.8,270.0,604.3,77.0,90.85542975
2025-11-20T10:00,37.8689,138.9383,619.7,27.765625,122.56891375000002,proxy,8.4,396.0,691.2,94.0,122.56891375000002
2025-11-20T11:00,37.8689,138.9383,768.9,34.028125,148.22661975,proxy,10.0,497.0,789.3,94.0,148.22661975
2025-11-20T12:00,37.8689,138.9383,728.0,33.75,140.504,proxy,11.0,484.0,698.5,110.0,140.504
2025-11-20T13:00,37.8689,138.9383,747.0,35.14375,143.338095,proxy,11.8,489.0,751.4,106.0,143.338095
2025-11-20T14:00,37.8689,138.9383,594.9,30.790625,116.22412575000001,proxy,12.2,380.0,664.2,91.0,116.22412575000001
2025-11-20T15:00,37.8689,138.9383,436.5,25.740625,87.04137375000002,proxy,12.1,263.0,593.3,75.0,87.04137375000002
2025-11-20T16:00,37.8689,138.9383,213.1,17.059375,43.97371775,proxy,10.4,111.0,405.1,45.0,43.97371775
2025-11-21T08:00,37.8689,138.9383,29.1,11.109375,6.14337375,proxy,10.2,29.0,6.1,28.0,6.14337375
2025-11-21T09:00,37.8689,138.9383,93.6,12.925,19.624176,proxy,10.0,83.0,47.5,68.0,19.624176
2025-11-21T10:00,37.8689,138.9383,107.9,13.771875000000001,22.54921175,proxy,10.4,101.0,34.6,86.0,22.54921175
2025-11-21T11:00,37.8689,138.9383,184.9,15.778125,38.344099750000005,proxy,10.0,155.0,100.6,104.0,38.344099750000005
2025-11-21T12:00,37.8689,138.9383,168.4,15.5625,34.95142,proxy,10.3,151.0,65.8,116.0,34.95142
2025-11-21T13:00,37.8689,138.9383,232.7,17.971874999999997,47.848355749999996,proxy,10.7,200.0,114.5,142.0,47.848355749999996
2025-11-21T14:00,37.8689,138.9383,66.2,12.16875,13.919543000000003,proxy,10.1,70.0,0.0,70.0,13.919543000000003
2025-11-21T15:00,37.8689,138.9383,28.4,10.487499999999999,6.009723999999999,proxy,9.6,30.0,0.0,30.0,6.009723999999999
2025-11-22T08:00,37.8689,138.9383,142.2,13.84375,29.709134999999996,proxy,9.4,77.0,257.4,36.0,29.709134999999996
2025-11-22T09:00,37.8689,138.9383,324.1,20.228125,66.05725175,proxy,10.1,211.0,390.4,89.0,66.05725175
2025-11-22T10:00,37.8689,138.9383,434.3,24.171875,87.14772375000001,proxy,10.6,288.0,453.5,93.0,87.14772375000001
2025-11-22T11:00,37.8689,138.9383,706.4,33.575,136.434096,proxy,11.5,463.0,704.6,108.0,136.434096
2025-11-22T12:00,37.8689,138.9383,738.6,35.08125,141.763191,proxy,12.0,490.0,707.0,116.0,141.763191
2025-11-22T13:00,37.8689,138.9383,715.4,34.75625,137.496303,proxy,12.4,466.0,720.6,103.0,137.496303
2025-11-22T14:00,37.8689,138.9383,620.4,31.8875,120.661596,proxy,12.5,394.0,693.3,96.0,120.661596
2025-11-22T15:00,37.8689,138.9383,451.1,26.196875,89.78807175000001,proxy,12.1,266.0,624.6,71.0,89.78807175000001
2025-11-22T16:00,37.8689,138.9383,204.9,17.003125,42.290847750000005,proxy,10.6,107.0,383.8,46.0,42.290847750000005
2025-11-23T08:00,37.8689,138.9383,202.5,13.028125,42.43944375,proxy,6.7,104.0,384.6,44.0,42.43944375
2025-11-23T09:00,37.8689,138.9383,420.6,22.043750000000003,85.11471900000001,proxy,8.9,252.0,569.4,76.0,85.11471900000001
2025-11-23T10:00,37.8689,138.9383,623.3,31.178124999999998,121.57933974999999,proxy,11.7,391.0,707.8,89.0,121.57933974999999
2025-11-23T11:00,37.8689,138.9383,728.2,36.35625,139.024303,proxy,13.6,477.0,725.1,114.0,139.024303
2025-11-23T12:00,37.8689,138.9383,652.5,35.290625,125.12829375,proxy,14.9,463.0,549.4,174.0,125.12829375
2025-11-23T13:00,37.8689,138.9383,539.3,32.353125,104.68756775,proxy,15.5,399.0,423.2,187.0,104.68756775
2025-11-23T14:00,37.8689,138.9383,404.2,28.43125,79.73047100000001,proxy,15.8,311.0,306.5,180.0,79.73047100000001
2025-11-23T15:00,37.8689,138.9383,288.6,24.11875,57.923463000000005,proxy,15.1,211.0,277.4,125.0,57.923463000000005
2025-11-23T16:00,37.8689,138.9383,100.2,15.73125,20.782983,proxy,12.6,84.0,76.4,72.0,20.782983
2025-11-24T08:00,37.8689,138.9383,135.4,13.53125,28.322295000000004,proxy,9.3,83.0,209.5,51.0,28.322295000000004
2025-11-24T09:00,37.8689,138.9383,269.2,18.5125,55.237148,proxy,10.1,178.0,313.9,82.0,55.237148
2025-11-24T10:00,37.8689,138.9383,323.5,21.009375,65.73277375,proxy,10.9,255.0,229.1,158.0,65.73277375
2025-11-24T11:00,37.8689,138.9383,331.0,22.54375,66.850415,proxy,12.2,279.0,174.9,192.0,66.850415
2025-11-24T12:00,37.8689,138.9383,291.9,22.021875,59.07545174999999,proxy,12.9,261.0,114.7,201.0,59.07545174999999
2025-11-24T13:00,37.8689,138.9383,243.0,21.19375,49.339935000000004,proxy,13.6,221.0,88.3,177.0,49.339935000000004
2025-11-24T14:00,37.8689,138.9383,267.5,22.859375,53.95809375,proxy,14.5,237.0,120.0,186.0,53.95809375
2025-11-24T15:00,37.8689,138.9383,173.2,19.8125,35.35878,proxy,14.4,141.0,123.4,103.0,35.35878
2025-11-24T16:00,37.8689,138.9383,49.8,15.45625,10.340223000000002,proxy,13.9,47.0,19.3,44.0,10.340223000000002
2025-11-25T08:00,37.8689,138.9383,110.3,12.846875,23.13239175,proxy,9.4,78.0,133.7,58.0,23.13239175
2025-11-25T09:00,37.8689,138.9383,239.0,17.76875,49.182615000000006,proxy,10.3,184.0,201.6,123.0,49.182615000000006
2025-11-25T10:00,37.8689,138.9383,279.2,20.025,56.951216,proxy,11.3,248.0,123.8,196.0,56.951216
2025-11-25T11:00,37.8689,138.9383,297.2,22.0875,60.132476,proxy,12.8,273.0,101.1,223.0,60.132476
2025-11-25T12:00,37.8689,138.9383,314.8,23.4375,63.35350000000001,proxy,13.6,288.0,107.7,232.0,63.35350000000001
2025-11-25T13:00,37.8689,138.9383,369.5,25.746875,73.67922375,proxy,14.2,311.0,195.7,214.0,73.67922375
2025-11-25T14:00,37.8689,138.9383,254.3,22.746875000000003,51.31837575000001,proxy,14.8,229.0,104.1,185.0,51.31837575000001
2025-11-25T15:00,37.8689,138.9383,168.3,20.159375,34.31174175,proxy,14.9,151.0,78.4,127.0,34.31174175
2025-11-25T16:00,37.8689,138.9383,67.2,16.5,13.896960000000002,proxy,14.4,54.0,58.5,45.0,13.896960000000002
2025-11-26T08:00,37.8689,138.9383,66.9,13.590625,13.990629750000002,proxy,11.5,47.0,82.0,35.0,13.990629750000002
2025-11-26T09:00,37.8689,138.9383,179.4,17.40625,36.969855,proxy,11.8,128.0,180.4,74.0,36.969855
2025-11-26T10:00,37.8689,138.9383,297.0,21.38125,60.259815,proxy,12.1,216.0,256.6,109.0,60.259815
2025-11-26T11:00,37.8689,138.9383,198.9,18.215625,40.85952975,proxy,12.0,168.0,103.8,117.0,40.85952975
2025-11-26T12:00,37.8689,138.9383,279.4,21.331249999999997,56.700039,proxy,12.6,235.0,145.0,160.0,56.700039
2025-11-26T13:00,37.8689,138.9383,488.8,28.175,96.518448,proxy,12.9,348.0,413.6,144.0,96.518448
2025-11-26T14:00,37.8689,138.9383,356.0,23.925,71.50616,proxy,12.8,247.0,337.7,105.0,71.50616
2025-11-26T15:00,37.8689,138.9383,296.9,22.178125,60.05025174999999,proxy,12.9,193.0,351.7,86.0,60.05025174999999
2025-11-26T16:00,37.8689,138.9383,113.2,16.0375,23.451643999999998,proxy,12.5,66.0,183.7,38.0,23.451643999999998
2025-11-27T08:00,37.8689,138.9383,172.4,13.6875,36.040220000000005,proxy,8.3,87.0,328.3,40.0,36.040220000000005
2025-11-27T09:00,37.8689,138.9383,415.3,23.078125,83.69852375,proxy,10.1,246.0,564.0,79.0,83.69852375
2025-11-27T10:00,37.8689,138.9383,602.6,30.53125,117.85349500000001,proxy,11.7,370.0,698.3,81.0,117.85349500000001
2025-11-27T11:00,37.8689,138.9383,807.5,39.034375,152.43379375,proxy,13.8,502.0,862.0,81.0,152.43379375
2025-11-27T12:00,37.8689,138.9383,843.1,41.946875,157.18967175,proxy,15.6,529.0,868.6,82.0,157.18967175
2025-11-27T13:00,37.8689,138.9383,751.7,39.990625,141.32523774999999,proxy,16.5,473.0,786.5,87.0,141.32523774999999
2025-11-27T14:00,37.8689,138.9383,523.7,33.365625,101.23513775,proxy,17.0,357.0,511.4,143.0,101.23513775
2025-11-27T15:00,37.8689,138.9383,318.0,26.3375,63.25974,proxy,16.4,213.0,357.0,105.0,63.25974
2025-11-27T16:00,37.8689,138.9383,138.3,19.421875,28.277163750000003,proxy,15.1,86.0,205.3,55.0,28.277163750000003
2025-11-28T08:00,37.8689,138.9383,54.7,12.909374999999999,11.469085750000001,proxy,11.2,35.0,78.6,24.0,11.469085750000001
2025-11-28T09:00,37.8689,138.9383,164.2,16.73125,33.926182999999995,proxy,11.6,108.0,191.2,52.0,33.926182999999995
2025-11-28T10:00,37.8689,138.9383,291.3,20.403125000000003,59.331255750000004,proxy,11.3,209.0,258.0,103.0,59.331255750000004
2025-11-28T11:00,37.8689,138.9383,545.0,28.43125,107.503975,proxy,11.4,379.0,482.0,145.0,107.503975
2025-11-28T12:00,37.8689,138.9383,279.4,19.831249999999997,57.035318999999994,proxy,11.1,212.0,199.2,110.0,57.035318999999994
2025-11-28T13:00,37.8689,138.9383,538.5,28.628125,106.13700375,proxy,11.8,361.0,507.8,113.0,106.13700375
2025-11-28T14:00,37.8689,138.9383,262.1,19.590625000000003,53.554237750000006,proxy,11.4,202.0,194.5,121.0,53.554237750000006
2025-11-28T15:00,37.8689,138.9383,283.9,20.271875,57.85385175,proxy,11.4,177.0,355.6,70.0,57.85385175
2025-11-28T16:00,37.8689,138.9383,108.9,14.503125,22.694487750000004,proxy,11.1,58.0,193.6,29.0,22.694487750000004
2025-11-29T08:00,37.8689,138.9383,77.4,10.71875,16.364295000000002,proxy,8.3,52.0,102.3,38.0,16.364295000000002
2025-11-29T09:00,37.8689,138.9383,203.1,15.446874999999999,42.17219175,proxy,9.1,147.0,196.7,90.0,42.17219175
2025-11-29T10:00,37.8689,138.9383,233.9,17.009375,48.275205750000005,proxy,9.7,201.0,120.2,152.0,48.275205750000005
2025-11-29T11:00,37.8689,138.9383,351.6,21.0875,71.420508,proxy,10.1,274.0,238.3,159.0,71.420508
2025-11-29T12:00,37.8689,138.9383,412.7,23.196875,83.13531975000001,proxy,10.3,312.0,296.4,161.0,83.13531975000001
2025-11-29T13:00,37.8689,138.9383,310.8,20.4125,63.30063600000001,proxy,10.7,238.0,220.1,131.0,63.30063600000001
2025-11-29T14:00,37.8689,138.9383,317.6,20.625,64.63160000000002,proxy,10.7,247.0,229.2,152.0,64.63160000000002
2025-11-29T15:00,37.8689,138.9383,353.9,21.659374999999997,71.72579775,proxy,10.6,222.0,437.5,91.0,71.72579775
2025-11-29T16:00,37.8689,138.9383,204.9,15.403125,42.55311975000001,proxy,9.0,101.0,390.2,43.0,42.55311975000001
2025-11-30T08:00,37.8689,138.9383,174.8,12.2625,36.741212000000004,proxy,6.8,82.0,351.3,35.0,36.741212000000004
2025-11-30T09:00,37.8689,138.9383,389.8,20.68125,79.306759,proxy,8.5,221.0,554.5,62.0,79.306759
2025-11-30T10:00,37.8689,138.9383,551.1,28.321875,108.75545175,proxy,11.1,341.0,627.5,87.0,108.75545175
2025-11-30T11:00,37.8689,138.9383,606.0,32.1375,117.73974000000001,proxy,13.2,395.0,598.1,108.0,117.73974000000001
2025-11-30T12:00,37.8689,138.9383,667.3,36.153125,127.50601575,proxy,15.3,432.0,651.0,102.0,127.50601575
2025-11-30T13:00,37.8689,138.9383,594.7,35.084375,114.14225775000001,proxy,16.5,391.0,576.4,112.0,114.14225775000001
2025-11-30T14:00,37.8689,138.9383,513.6,33.45,99.24806400000001,proxy,17.4,323.0,566.9,89.0,99.24806400000001
2025-11-30T15:00,37.8689,138.9383,373.1,28.759375000000002,73.49790175,proxy,17.1,220.0,500.0,71.0,73.49790175
2025-11-30T16:00,37.8689,138.9383,181.5,20.771875,36.91392375,proxy,15.1,89.0,345.5,38.0,36.91392375
2025-12-01T08:00,37.8689,138.9383,182.7,14.309375,38.10254175,proxy,8.6,81.0,382.5,31.0,38.10254175
2025-12-01T09:00,37.8689,138.9383,399.2,23.775,80.23121599999999,proxy,11.3,226.0,567.5,65.0,80.23121599999999
2025-12-01T10:00,37.8689,138.9383,501.3,29.665625,98.38889775,proxy,14.0,314.0,559.9,89.0,98.38889775
2025-12-01T11:00,37.8689,138.9383,594.2,35.06875,114.05371900000002,proxy,16.5,385.0,591.0,103.0,114.05371900000002
2025-12-01T12:00,37.8689,138.9383,613.9,37.084374999999994,116.84512175,proxy,17.9,402.0,586.7,106.0,116.84512175
2025-12-01T13:00,37.8689,138.9383,385.9,30.559375,75.46370975,proxy,18.5,263.0,350.7,94.0,75.46370975
2025-12-01T14:00,37.8689,138.9383,356.9,29.053124999999998,70.22275175,proxy,17.9,240.0,352.7,95.0,70.22275175
2025-12-01T15:00,37.8689,138.9383,135.9,20.746875,27.642399750000006,proxy,16.5,100.0,124.7,63.0,27.642399750000006
2025-12-01T16:00,37.8689,138.9383,44.6,16.39375,9.227070999999999,proxy,15.0,41.0,20.5,38.0,9.227070999999999
2025-12-02T08:00,37.8689,138.9383,36.8,10.450000000000001,7.788352,proxy,9.3,32.0,23.5,29.0,7.788352
2025-12-02T09:00,37.8689,138.9383,146.1,15.165624999999999,30.36944175,proxy,10.6,115.0,114.0,83.0,30.36944175
2025-12-02T10:00,37.8689,138.9383,335.3,22.678125,67.68281975,proxy,12.2,244.0,285.7,130.0,67.68281975
2025-12-02T11:00,37.8689,138.9383,408.2,26.15625,81.262415,proxy,13.4,309.0,297.1,168.0,81.262415
2025-12-02T12:00,37.8689,138.9383,515.9,30.921875,100.73592375000001,proxy,14.8,374.0,406.2,170.0,100.73592375000001
2025-12-02T13:00,37.8689,138.9383,391.6,28.5375,77.21177200000001,proxy,16.3,325.0,214.6,222.0,77.21177200000001
2025-12-02T14:00,37.8689,138.9383,347.3,27.253124999999997,68.83399175000001,proxy,16.4,267.0,256.4,162.0,68.83399175000001
2025-12-02T15:00,37.8689,138.9383,250.6,23.63125,50.394407,proxy,15.8,184.0,230.1,116.0,50.394407
2025-12-02T16:00,37.8689,138.9383,69.6,16.875,14.372399999999999,proxy,14.7,55.0,61.7,46.0,14.372399999999999
2025-12-03T09:00,37.8689,138.9383,48.5,10.615625,10.258113750000001,proxy,9.1,50.0,3.6,49.0,10.258113750000001
2025-12-03T10:00,37.8689,138.9383,145.9,13.959375000000001,30.468661750000006,proxy,9.4,122.0,83.3,89.0,30.468661750000006
2025-12-03T11:00,37.8689,138.9383,130.6,13.181249999999999,27.354823,proxy,9.1,117.0,50.8,93.0,27.354823
2025-12-03T12:00,37.8689,138.9383,163.0,14.29375,33.996095000000004,proxy,9.2,157.0,36.0,139.0,33.996095000000004
2025-12-03T13:00,37.8689,138.9383,70.9,11.015625,14.973193750000002,proxy,8.8,74.0,2.1,73.0,14.973193750000002
2025-12-03T14:00,37.8689,138.9383,61.5,10.321875,13.02216375,proxy,8.4,64.0,2.5,63.0,13.02216375
2025-12-03T15:00,37.8689,138.9383,58.5,10.228125,12.391323750000002,proxy,8.4,57.0,13.6,53.0,12.391323750000002
2025-12-03T16:00,37.8689,138.9383,26.6,8.731250000000001,5.666199000000001,proxy,7.9,26.0,6.9,25.0,5.666199000000001
2025-12-04T08:00,37.8689,138.9383,88.1,5.953125,18.962423750000003,proxy,3.2,52.0,139.4,35.0,18.962423750000003
2025-12-04T09:00,37.8689,138.9383,205.5,9.421875,43.661043750000005,proxy,3.0,139.0,225.4,77.0,43.661043750000005
2025-12-04T10:00,37.8689,138.9383,405.5,15.971875,84.02872375000001,proxy,3.3,274.0,398.9,117.0,84.02872375000001
2025-12-04T11:00,37.8689,138.9383,449.6,17.85,92.491712,proxy,3.8,329.0,353.5,163.0,92.491712
2025-12-04T12:00,37.8689,138.9383,491.6,19.2625,100.57644400000001,proxy,3.9,336.0,433.9,120.0,100.57644400000001
2025-12-04T13:00,37.8689,138.9383,568.6,22.46875,114.87141500000001,proxy,4.7,374.0,545.8,114.0,114.87141500000001
2025-12-04T14:00,37.8689,138.9383,317.1,14.509375,66.08126175,proxy,4.6,229.0,270.5,119.0,66.08126175
2025-12-04T15:00,37.8689,138.9383,185.3,9.690625,39.32946175000001,proxy,3.9,138.0,163.6,90.0,39.32946175000001
2025-12-04T16:00,37.8689,138.9383,97.2,7.3375,20.813436000000003,proxy,4.3,65.0,124.6,47.0,20.813436000000003
2025-12-05T08:00,37.8689,138.9383,25.6,4.6,5.5377920000000005,proxy,3.8,27.0,0.0,27.0,5.5377920000000005
2025-12-05T09:00,37.8689,138.9383,90.4,6.325,19.430576000000002,proxy,3.5,84.0,33.1,75.0,19.430576000000002
2025-12-05T10:00,37.8689,138.9383,126.8,6.8625,27.199868000000002,proxy,2.9,133.0,2.6,132.0,27.199868000000002
2025-12-05T11:00,37.8689,138.9383,166.1,7.990625,35.480205749999996,proxy,2.8,164.0,27.8,151.0,35.480205749999996
2025-12-05T12:00,37.8689,138.9383,120.1,6.553125,25.792375749999998,proxy,2.8,126.0,2.0,125.0,25.792375749999998
2025-12-05T13:00,37.8689,138.9383,170.6,7.93125,36.449543,proxy,2.6,168.0,29.5,154.0,36.449543
2025-12-05T14:00,37.8689,138.9383,169.5,8.796875,36.097143749999994,proxy,3.5,150.0,74.0,120.0,36.097143749999994
2025-12-05T15:00,37.8689,138.9383,166.2,8.993749999999999,35.368191,proxy,3.8,132.0,123.0,96.0,35.368191
2025-12-05T16:00,37.8689,138.9383,156.6,8.79375,33.350319,proxy,3.9,81.0,277.8,41.0,33.350319
2025-12-06T08:00,37.8689,138.9383,106.3,9.021875,22.61877975,proxy,5.7,55.0,193.5,32.0,22.61877975
2025-12-06T09:00,37.8689,138.9383,373.6,18.075000000000003,76.78974400000001,proxy,6.4,209.0,534.1,65.0,76.78974400000001
2025-12-06T10:00,37.8689,138.9383,534.6,23.90625,107.38777500000002,proxy,7.2,327.0,612.6,89.0,107.38777500000002
2025-12-06T11:00,37.8689,138.9383,695.8,29.643749999999997,136.57510299999998,proxy,7.9,434.0,726.8,96.0,136.57510299999998
2025-12-06T12:00,37.8689,138.9383,754.7,32.784375,146.24010575000003,proxy,9.2,477.0,755.2,104.0,146.24010575000003
2025-12-06T13:00,37.8689,138.9383,678.4,31.1,132.36940800000002,proxy,9.9,424.0,701.7,92.0,132.36940800000002
2025-12-06T14:00,37.8689,138.9383,597.9,29.084375,117.62636175,proxy,10.4,360.0,690.2,81.0,117.62636175
2025-12-06T15:00,37.8689,138.9383,447.4,24.38125,89.701463,proxy,10.4,251.0,623.6,69.0,89.701463
2025-12-06T16:00,37.8689,138.9383,219.5,14.659375,45.71581375,proxy,7.8,98.0,438.8,35.0,45.71581375
2025-12-07T08:00,37.8689,138.9383,95.3,10.478125,20.16714775,proxy,7.5,45.0,187.3,23.0,20.16714775
2025-12-07T09:00,37.8689,138.9383,230.7,15.209375,47.94695775,proxy,8.0,146.0,280.9,71.0,47.94695775
2025-12-07T10:00,37.8689,138.9383,381.4,20.81875,77.555783,proxy,8.9,253.0,385.9,104.0,77.555783
2025-12-07T11:00,37.8689,138.9383,454.5,23.803125,91.33518375,proxy,9.6,318.0,391.0,137.0,91.33518375
2025-12-07T12:00,37.8689,138.9383,441.8,24.70625,88.463823,proxy,10.9,320.0,345.5,150.0,88.463823
2025-12-07T13:00,37.8689,138.9383,424.0,24.05,85.12224000000002,proxy,10.8,300.0,354.0,133.0,85.12224000000002
2025-12-07T14:00,37.8689,138.9383,434.5,24.478125,87.08140375,proxy,10.9,277.0,461.3,91.0,87.08140375
2025-12-07T15:00,37.8689,138.9383,335.7,22.290625,67.86762975,proxy,11.8,193.0,453.3,61.0,67.86762975
2025-12-07T16:00,37.8689,138.9383,124.4,16.0875,25.766972000000003,proxy,12.2,63.0,223.3,31.0,25.766972000000003
2025-12-08T08:00,37.8689,138.9383,168.3,12.959375000000001,35.281149750000004,proxy,7.7,70.0,361.8,28.0,35.281149750000004
2025-12-08T09:00,37.8689,138.9383,364.2,20.581249999999997,74.12744700000002,proxy,9.2,203.0,521.6,65.0,74.12744700000002
2025-12-08T10:00,37.8689,138.9383,416.7,23.821875,83.73273975,proxy,10.8,269.0,440.3,100.0,83.73273975
2025-12-08T11:00,37.8689,138.9383,432.5,24.715625,86.59839375,proxy,11.2,302.0,373.2,130.0,86.59839375
2025-12-08T12:00,37.8689,138.9383,457.6,25.4,91.373568,proxy,11.1,329.0,363.0,151.0,91.373568
2025-12-08T13:00,37.8689,138.9383,248.8,18.375,51.07864000000001,proxy,10.6,205.0,138.2,140.0,51.07864000000001
2025-12-08T14:00,37.8689,138.9383,171.5,15.859375,35.55409375000001,proxy,10.5,134.0,119.3,86.0,35.55409375000001
2025-12-08T15:00,37.8689,138.9383,94.9,13.365625000000001,19.86328175,proxy,10.4,72.0,79.1,49.0,19.86328175
2025-12-08T16:00,37.8689,138.9383,46.6,11.45625,9.824911000000002,proxy,10.0,32.0,55.9,24.0,9.824911000000002
2025-12-09T08:00,37.8689,138.9383,101.5,9.771875,21.53652375,proxy,6.6,50.0,191.7,28.0,21.53652375
2025-12-09T09:00,37.8689,138.9383,254.0,14.7375,52.88534000000001,proxy,6.8,154.0,328.0,68.0,52.88534000000001
2025-12-09T10:00,37.8689,138.9383,527.9,23.696875,106.13033575,proxy,7.2,319.0,613.1,85.0,106.13033575
2025-12-09T11:00,37.8689,138.9383,640.9,27.628124999999997,126.83250775,proxy,7.6,409.0,644.9,113.0,126.83250775
2025-12-09T12:00,37.8689,138.9383,567.4,25.53125,113.238855,proxy,7.8,379.0,517.6,126.0,113.238855
2025-12-09T13:00,37.8689,138.9383,532.3,24.634375,106.61569774999998,proxy,8.0,364.0,473.1,142.0,106.61569774999998
2025-12-09T14:00,37.8689,138.9383,483.9,23.021875,97.54577175,proxy,7.9,297.0,540.5,80.0,97.54577175
2025-12-09T15:00,37.8689,138.9383,277.4,16.66875,57.328871,proxy,8.0,156.0,382.5,45.0,57.328871
2025-12-09T16:00,37.8689,138.9383,125.3,11.115625,26.451769750000004,proxy,7.2,72.0,195.8,44.0,26.451769750000004
2025-12-10T08:00,37.8689,138.9383,39.6,6.3374999999999995,8.511228000000001,proxy,5.1,26.0,52.9,20.0,8.511228000000001
2025-12-10T09:00,37.8689,138.9383,78.0,7.1375,16.71462,proxy,4.7,65.0,50.0,52.0,16.71462
2025-12-10T10:00,37.8689,138.9383,105.4,8.09375,22.505535000000002,proxy,4.8,97.0,36.9,83.0,22.505535000000002
2025-12-10T11:00,37.8689,138.9383,249.4,12.99375,52.275487000000005,proxy,5.2,198.0,157.5,126.0,52.275487000000005
2025-12-10T12:00,37.8689,138.9383,272.4,14.9125,56.678268,proxy,6.4,223.0,151.8,149.0,56.678268
2025-12-10T13:00,37.8689,138.9383,437.3,19.765625,89.29119375000002,proxy,6.1,305.0,373.8,130.0,89.29119375000002
2025-12-10T14:00,37.8689,138.9383,291.6,14.8125,60.69654000000001,proxy,5.7,210.0,247.0,111.0,60.69654000000001
2025-12-10T15:00,37.8689,138.9383,214.7,12.409375,45.102565750000004,proxy,5.7,150.0,213.9,88.0,45.102565750000004
2025-12-10T16:00,37.8689,138.9383,107.7,9.565625,22.869825750000004,proxy,6.2,64.0,160.8,41.0,22.869825750000004
2025-12-11T08:00,37.8689,138.9383,50.5,6.078125,10.864443750000001,proxy,4.5,40.0,44.5,35.0,10.864443750000001
2025-12-11T09:00,37.8689,138.9383,194.4,11.775,40.936752,proxy,5.7,158.0,135.8,123.0,40.936752
2025-12-11T10:00,37.8689,138.9383,449.9,21.559375,91.21834975,proxy,7.5,306.0,434.3,142.0,91.21834975
2025-12-11T11:00,37.8689,138.9383,597.7,27.678125,118.25942775000001,proxy,9.0,401.0,553.3,149.0,118.25942775000001
2025-12-11T12:00,37.8689,138.9383,685.8,32.43125,133.082919,proxy,11.0,447.0,650.2,131.0,133.082919
2025-12-11T13:00,37.8689,138.9383,702.3,34.246875,135.26473575,proxy,12.3,435.0,729.9,94.0,135.26473575
2025-12-11T14:00,37.8689,138.9383,551.4,30.73125,107.75183100000001,proxy,13.5,352.0,579.7,120.0,107.75183100000001
2025-12-11T15:00,37.8689,138.9383,206.8,19.8625,42.20994800000001,proxy,13.4,165.0,148.4,122.0,42.20994800000001
2025-12-11T16:00,37.8689,138.9383,144.0,17.0,29.721600000000002,proxy,12.5,74.0,251.5,38.0,29.721600000000002
2025-12-12T08:00,37.8689,138.9383,119.1,6.721875,25.561539749999998,proxy,3.0,53.0,242.9,26.0,25.561539749999998
2025-12-12T09:00,37.8689,138.9383,259.0,11.29375,54.639935,proxy,3.2,163.0,316.9,82.0,54.639935
2025-12-12T10:00,37.8689,138.9383,451.0,17.49375,92.908255,proxy,3.4,274.0,519.0,79.0,92.908255
2025-12-12T11:00,37.8689,138.9383,535.9,20.446875,109.13201575000001,proxy,3.7,355.0,506.7,125.0,109.13201575000001
2025-12-12T12:00,37.8689,138.9383,628.9,23.253125,126.65888774999999,proxy,3.6,422.0,567.2,147.0,126.65888774999999
2025-12-12T13:00,37.8689,138.9383,593.3,22.240624999999998,119.96970975,proxy,3.7,393.0,555.4,134.0,119.96970975
2025-12-12T14:00,37.8689,138.9383,550.1,20.690625,111.91646975000002,proxy,3.5,347.0,587.9,112.0,111.91646975000002
2025-12-12T15:00,37.8689,138.9383,291.0,12.49375,61.111455,proxy,3.4,184.0,341.9,85.0,61.111455
2025-12-12T16:00,37.8689,138.9383,148.9,7.953125,31.810623750000005,proxy,3.3,77.0,258.1,40.0,31.810623750000005
2025-12-13T08:00,37.8689,138.9383,102.5,7.103125,21.967543749999997,proxy,3.9,51.0,190.7,30.0,21.967543749999997
2025-12-13T09:00,37.8689,138.9383,278.3,12.996875,58.332375750000004,proxy,4.3,166.0,366.6,73.0,58.332375750000004
2025-12-13T10:00,37.8689,138.9383,408.9,17.578125,84.20784375000001,proxy,4.8,263.0,433.1,101.0,84.20784375000001
2025-12-13T11:00,37.8689,138.9383,501.9,21.284374999999997,101.87189775,proxy,5.6,334.0,470.7,121.0,101.87189775
2025-12-13T12:00,37.8689,138.9383,508.0,21.975,102.82936000000001,proxy,6.1,367.0,396.9,175.0,102.82936000000001
2025-12-13T13:00,37.8689,138.9383,396.8,18.9,81.29638400000002,proxy,6.5,316.0,244.8,202.0,81.29638400000002
2025-12-13T14:00,37.8689,138.9383,213.9,13.184375,44.80188975,proxy,6.5,190.0,90.1,154.0,44.80188975
2025-12-13T15:00,37.8689,138.9383,322.9,16.890625,66.67481375,proxy,6.8,195.0,404.0,78.0,66.67481375
2025-12-13T16:00,37.8689,138.9383,170.9,11.240625000000001,36.06118175,proxy,5.9,85.0,306.2,41.0,36.06118175
2025-12-14T08:00,37.8689,138.9383,50.9,6.790625,10.92148575,proxy,5.2,29.0,82.5,20.0,10.92148575
2025-12-14T09:00,37.8689,138.9383,81.0,8.73125,17.254215,proxy,6.2,80.0,15.9,76.0,17.254215
2025-12-14T10:00,37.8689,138.9383,96.8,9.625,20.55064,proxy,6.6,96.0,16.1,90.0,20.55064
2025-12-14T11:00,37.8689,138.9383,123.7,10.565625,26.16842575,proxy,6.7,127.0,8.9,123.0,26.16842575
2025-12-14T12:00,37.8689,138.9383,130.6,11.181249999999999,27.563783,proxy,7.1,122.0,37.3,104.0,27.563783
2025-12-14T13:00,37.8689,138.9383,67.1,10.196874999999999,14.21463175,proxy,8.1,70.0,2.2,69.0,14.21463175
2025-12-14T14:00,37.8689,138.9383,42.6,10.231250000000001,9.023319,proxy,8.9,45.0,0.0,45.0,9.023319
2025-12-14T15:00,37.8689,138.9383,34.3,9.971875,7.27237175,proxy,8.9,35.0,3.5,34.0,7.27237175
2025-12-14T16:00,37.8689,138.9383,42.9,10.640625,9.07281375,proxy,9.3,28.0,55.5,20.0,9.07281375
2025-12-15T08:00,37.8689,138.9383,108.5,11.190625,22.898653750000005,proxy,7.8,45.0,231.3,20.0,22.898653750000005
2025-12-15T09:00,37.8689,138.9383,217.7,14.303125,45.402967749999995,proxy,7.5,135.0,271.9,67.0,45.402967749999995
2025-12-15T10:00,37.8689,138.9383,348.0,18.275,71.47224,proxy,7.4,215.0,391.0,70.0,71.47224
2025-12-15T11:00,37.8689,138.9383,425.2,20.3875,86.60898800000001,proxy,7.1,286.0,391.2,110.0,86.60898800000001
2025-12-15T12:00,37.8689,138.9383,477.7,21.528125,96.86681175000001,proxy,6.6,327.0,415.0,127.0,96.86681175000001
2025-12-15T13:00,37.8689,138.9383,388.0,19.225,79.39256,proxy,7.1,269.0,333.6,114.0,79.39256
2025-12-15T14:00,37.8689,138.9383,415.9,20.196875,84.77809575000002,proxy,7.2,267.0,430.9,95.0,84.77809575000002
2025-12-15T15:00,37.8689,138.9383,298.1,16.615625,61.61950575,proxy,7.3,186.0,355.1,83.0,61.61950575
2025-12-15T16:00,37.8689,138.9383,126.9,11.465625,26.75400975,proxy,7.5,69.0,207.3,39.0,26.75400975
2025-12-16T08:00,37.8689,138.9383,85.9,8.084375000000001,18.342441750000003,proxy,5.4,43.0,158.7,26.0,18.342441750000003
2025-12-16T09:00,37.8689,138.9383,197.5,12.771875,41.43204375,proxy,6.6,137.0,205.4,86.0,41.43204375
2025-12-16T10:00,37.8689,138.9383,293.4,17.16875,60.518151,proxy,8.0,218.0,235.5,131.0,60.518151
2025-12-16T11:00,37.8689,138.9383,447.8,23.09375,90.242895,proxy,9.1,302.0,410.0,118.0,90.242895
2025-12-16T12:00,37.8689,138.9383,502.8,25.1125,100.51474800000001,proxy,9.4,338.0,451.0,121.0,100.51474800000001
2025-12-16T13:00,37.8689,138.9383,546.2,26.56875,108.554519,proxy,9.5,353.0,529.9,107.0,108.554519
2025-12-16T14:00,37.8689,138.9383,315.5,19.559375,64.47321375,proxy,9.7,225.0,270.5,117.0,64.47321375
2025-12-16T15:00,37.8689,138.9383,186.3,14.921875,38.762043750000004,proxy,9.1,138.0,161.8,91.0,38.762043750000004
2025-12-16T16:00,37.8689,138.9383,59.4,10.65625,12.561615,proxy,8.8,39.0,75.6,28.0,12.561615
2025-12-17T08:00,37.8689,138.9383,133.5,10.071875,28.294323750000004,proxy,5.9,56.0,282.5,26.0,28.294323750000004
2025-12-17T09:00,37.8689,138.9383,273.0,14.63125,56.864535,proxy,6.1,171.0,336.4,88.0,56.864535
2025-12-17T10:00,37.8689,138.9383,419.6,20.512500000000003,85.426364,proxy,7.4,281.0,415.7,128.0,85.426364
2025-12-17T11:00,37.8689,138.9383,544.1,25.403125000000003,108.64452775000001,proxy,8.4,352.0,533.7,113.0,108.64452775000001
2025-12-17T12:00,37.8689,138.9383,506.2,24.91875,101.272903,proxy,9.1,343.0,447.4,128.0,101.272903
2025-12-17T13:00,37.8689,138.9383,406.2,22.29375,82.11942300000001,proxy,9.6,286.0,338.4,129.0,82.11942300000001
2025-12-17T14:00,37.8689,138.9383,142.0,13.6375,29.690780000000004,proxy,9.2,133.0,42.6,116.0,29.690780000000004
2025-12-17T15:00,37.8689,138.9383,49.2,9.6375,10.444668000000002,proxy,8.1,52.0,0.0,52.0,10.444668000000002
2025-12-18T08:00,37.8689,138.9383,82.0,8.3625,17.49142,proxy,5.8,38.0,161.4,21.0,17.49142
2025-12-18T09:00,37.8689,138.9383,210.5,12.478125,44.208683750000006,proxy,5.9,127.0,273.3,60.0,44.208683750000006
2025-12-18T10:00,37.8689,138.9383,222.1,13.040624999999999,46.54494175,proxy,6.1,157.0,199.0,84.0,46.54494175
2025-12-18T11:00,37.8689,138.9383,174.8,11.5625,36.8391,proxy,6.1,152.0,78.3,117.0,36.8391
2025-12-18T12:00,37.8689,138.9383,229.8,13.48125,48.077607000000015,proxy,6.3,199.0,102.1,150.0,48.077607000000015
2025-12-18T13:00,37.8689,138.9383,251.7,14.365625,52.48133775,proxy,6.5,203.0,148.7,134.0,52.48133775
2025-12-18T14:00,37.8689,138.9383,179.0,12.19375,37.633855000000004,proxy,6.6,159.0,75.1,129.0,37.633855000000004
2025-12-18T15:00,37.8689,138.9383,136.5,10.865625,28.843473749999998,proxy,6.6,108.0,99.4,79.0,28.843473749999998
2025-12-18T16:00,37.8689,138.9383,52.9,7.853125,11.30565575,proxy,6.2,43.0,40.7,37.0,11.30565575
2025-12-19T08:00,37.8689,138.9383,155.0,6.94375,33.238974999999996,proxy,2.1,60.0,344.6,24.0,33.238974999999996
2025-12-19T09:00,37.8689,138.9383,414.2,16.94375,85.509519,proxy,4.0,213.0,644.3,56.0,85.509519
2025-12-19T10:00,37.8689,138.9383,612.0,25.425,122.19192,proxy,6.3,350.0,760.4,72.0,122.19192
2025-12-19T11:00,37.8689,138.9383,753.8,32.15625,146.444495,proxy,8.6,451.0,827.2,82.0,146.444495
2025-12-19T12:00,37.8689,138.9383,811.1,36.046875,155.05190375,proxy,10.7,492.0,850.7,84.0,155.05190375
2025-12-19T13:00,37.8689,138.9383,786.6,36.78125,149.90629500000003,proxy,12.2,474.0,842.8,83.0,149.90629500000003
2025-12-19T14:00,37.8689,138.9383,679.1,34.221875,130.80993975,proxy,13.0,396.0,799.9,76.0,130.80993975
2025-12-19T15:00,37.8689,138.9383,495.8,28.49375,97.77423900000001,proxy,13.0,269.0,697.6,65.0,97.77423900000001
2025-12-19T16:00,37.8689,138.9383,257.3,19.640625,52.56317375000001,proxy,11.6,114.0,499.0,40.0,52.56317375000001
2025-12-20T08:00,37.8689,138.9383,77.9,6.8343750000000005,16.712081750000003,proxy,4.4,33.0,164.0,16.0,16.712081750000003
2025-12-20T09:00,37.8689,138.9383,194.8,12.287500000000001,40.94111600000001,proxy,6.2,121.0,243.5,62.0,40.94111600000001
2025-12-20T10:00,37.8689,138.9383,422.4,22.299999999999997,85.39238399999999,proxy,9.1,257.0,485.6,80.0,85.39238399999999
2025-12-20T11:00,37.8689,138.9383,472.7,26.571875,93.94557975000001,proxy,11.8,312.0,449.1,112.0,93.94557975000001
2025-12-20T12:00,37.8689,138.9383,500.7,29.446875,98.35875975,proxy,13.8,350.0,417.3,150.0,98.35875975
2025-12-20T13:00,37.8689,138.9383,572.2,33.28125,110.64917500000001,proxy,15.4,368.0,558.1,109.0,110.64917500000001
2025-12-20T14:00,37.8689,138.9383,506.3,32.021875,98.41585975,proxy,16.2,315.0,546.7,96.0,98.41585975
2025-12-20T15:00,37.8689,138.9383,406.0,29.2875,79.80742000000001,proxy,16.6,232.0,538.7,74.0,79.80742000000001
2025-12-20T16:00,37.8689,138.9383,186.4,19.925,38.036784,proxy,14.1,91.0,334.5,41.0,38.036784
2025-12-21T08:00,37.8689,138.9383,122.0,10.9125,25.77494,proxy,7.1,50.0,262.3,23.0,25.77494
2025-12-21T09:00,37.8689,138.9383,283.4,17.956249999999997,58.276959000000005,proxy,9.1,155.0,415.0,55.0,58.276959000000005
2025-12-21T10:00,37.8689,138.9383,541.6,29.125,106.53272000000001,proxy,12.2,316.0,657.4,77.0,106.53272000000001
2025-12-21T11:00,37.8689,138.9383,615.0,34.21875,118.464375,proxy,15.0,387.0,629.6,107.0,118.464375
2025-12-21T12:00,37.8689,138.9383,531.6,32.2125,103.252668,proxy,15.6,353.0,486.3,120.0,103.252668
2025-12-21T13:00,37.8689,138.9383,269.4,22.61875,54.393207,proxy,14.2,197.0,206.8,101.0,54.393207
2025-12-21T14:00,37.8689,138.9383,52.1,13.828125,10.885643750000002,proxy,12.2,55.0,0.0,55.0,10.885643750000002
2025-12-22T09:00,37.8689,138.9383,82.5,8.278125,17.60364375,proxy,5.7,77.0,29.2,70.0,17.60364375
2025-12-22T10:00,37.8689,138.9383,111.6,9.2875,23.722812,proxy,5.8,105.0,33.1,93.0,23.722812
2025-12-22T11:00,37.8689,138.9383,191.4,11.881250000000001,40.288743000000004,proxy,5.9,160.0,101.3,115.0,40.288743000000004
2025-12-22T12:00,37.8689,138.9383,231.3,13.128125,48.45677175,proxy,5.9,205.0,91.9,161.0,48.45677175
2025-12-22T13:00,37.8689,138.9383,167.3,11.028125,35.32999575,proxy,5.8,154.0,53.8,129.0,35.32999575
2025-12-22T14:00,37.8689,138.9383,125.0,9.70625,26.529374999999998,proxy,5.8,115.0,42.3,98.0,26.529374999999998
2025-12-22T15:00,37.8689,138.9383,94.8,8.7625,20.191452,proxy,5.8,84.0,44.0,71.0,20.191452
2025-12-22T16:00,37.8689,138.9383,52.7,7.346875000000001,11.28425575,proxy,5.7,39.0,52.6,31.0,11.28425575
2025-12-23T08:00,37.8689,138.9383,114.4,6.075,24.612016000000004,proxy,2.5,47.0,246.1,22.0,24.612016000000004
2025-12-23T09:00,37.8689,138.9383,356.1,14.928125000000001,74.08927575000001,proxy,3.8,193.0,527.9,67.0,74.08927575000001
2025-12-23T10:00,37.8689,138.9383,525.0,21.90625,106.299375,proxy,5.5,315.0,616.2,92.0,106.299375
2025-12-23T11:00,37.8689,138.9383,709.9,29.184375,139.60360975,proxy,7.0,426.0,777.3,81.0,139.60360975
2025-12-23T12:00,37.8689,138.9383,806.1,33.290625,155.87354175000002,proxy,8.1,490.0,843.3,86.0,155.87354175000002
2025-12-23T13:00,37.8689,138.9383,807.6,34.1375,155.616444,proxy,8.9,483.0,873.0,77.0,155.616444
2025-12-23T14:00,37.8689,138.9383,681.5,30.896875,133.08502375,proxy,9.6,398.0,799.3,76.0,133.08502375
2025-12-23T15:00,37.8689,138.9383,505.1,25.784375,100.70304975,proxy,10.0,274.0,708.0,64.0,100.70304975
2025-12-23T16:00,37.8689,138.9383,255.8,16.19375,52.96211100000001,proxy,8.2,117.0,481.7,43.0,52.96211100000001
2025-12-24T09:00,37.8689,138.9383,54.3,7.996874999999999,11.59861575,proxy,6.3,53.0,12.6,50.0,11.59861575
2025-12-24T10:00,37.8689,138.9383,92.7,10.096875,19.645215750000006,proxy,7.2,85.0,33.2,73.0,19.645215750000006
2025-12-24T11:00,37.8689,138.9383,106.3,11.221875,22.43169175,proxy,7.9,102.0,24.8,91.0,22.43169175
2025-12-24T12:00,37.8689,138.9383,135.4,13.33125,28.343959,proxy,9.1,135.0,18.8,126.0,28.343959
2025-12-24T13:00,37.8689,138.9383,128.6,13.71875,26.880615000000002,proxy,9.7,124.0,27.9,111.0,26.880615000000002
2025-12-24T14:00,37.8689,138.9383,107.9,13.671875,22.557843750000004,proxy,10.3,109.0,12.4,104.0,22.557843750000004
2025-12-24T15:00,37.8689,138.9383,92.2,13.28125,19.304375,proxy,10.4,90.0,20.1,84.0,19.304375
2025-12-24T16:00,37.8689,138.9383,31.2,10.775,6.595056,proxy,9.8,33.0,0.0,33.0,6.595056
2025-12-25T10:00,37.8689,138.9383,31.2,9.174999999999999,6.634992,proxy,8.2,33.0,0.0,33.0,6.634992
2025-12-25T13:00,37.8689,138.9383,26.5,8.528125,5.649203750000002,proxy,7.7,28.0,0.0,28.0,5.649203750000002
2025-12-25T14:00,37.8689,138.9383,24.6,8.06875,5.253207000000001,proxy,7.3,26.0,0.0,26.0,5.253207000000001
2025-12-26T09:00,37.8689,138.9383,23.7,3.9406250000000003,5.13928575,proxy,3.2,25.0,0.0,25.0,5.13928575
2025-12-26T10:00,37.8689,138.9383,60.6,4.99375,13.089903000000001,proxy,3.1,64.0,0.0,64.0,13.089903000000001
2025-12-26T11:00,37.8689,138.9383,98.4,5.975,21.177648000000005,proxy,2.9,104.0,0.0,104.0,21.177648000000005
2025-12-26T12:00,37.8689,138.9383,111.7,5.690625000000001,24.065485750000004,proxy,2.2,118.0,0.0,118.0,24.065485750000004
2025-12-26T13:00,37.8689,138.9383,109.6,5.725,23.610032,proxy,2.3,114.0,4.3,112.0,23.610032
2025-12-26T14:00,37.8689,138.9383,98.4,5.275,21.232752,proxy,2.2,101.0,7.4,98.0,21.232752
2025-12-26T15:00,37.8689,138.9383,71.0,4.11875,15.386055000000002,proxy,1.9,75.0,0.0,75.0,15.386055000000002
2025-12-26T16:00,37.8689,138.9383,42.6,2.9312500000000004,9.272103000000003,proxy,1.6,45.0,0.0,45.0,9.272103000000003
2025-12-27T08:00,37.8689,138.9383,97.5,4.846875,21.07194375,proxy,1.8,40.0,211.1,19.0,21.07194375
2025-12-27T09:00,37.8689,138.9383,179.8,7.41875,38.488887,proxy,1.8,102.0,255.1,42.0,38.488887
2025-12-27T10:00,37.8689,138.9383,380.7,14.096875,79.46065575,proxy,2.2,244.0,408.5,97.0,79.46065575
2025-12-27T11:00,37.8689,138.9383,357.9,13.284374999999999,74.93441775,proxy,2.1,260.0,284.2,134.0,74.93441775
2025-12-27T12:00,37.8689,138.9383,406.9,15.215625,84.56500975,proxy,2.5,298.0,308.1,150.0,84.56500975
2025-12-27T13:00,37.8689,138.9383,474.1,17.815625,97.54488975000001,proxy,3.0,327.0,410.3,135.0,97.54488975000001
2025-12-27T14:00,37.8689,138.9383,368.8,14.625,76.82104000000001,proxy,3.1,256.0,331.4,121.0,76.82104000000001
2025-12-27T15:00,37.8689,138.9383,237.5,10.721875,50.21284375,proxy,3.3,178.0,198.4,118.0,50.21284375
2025-12-27T16:00,37.8689,138.9383,118.1,6.990625,25.32152575,proxy,3.3,77.0,149.6,53.0,25.32152575
2025-12-28T08:00,37.8689,138.9383,82.4,6.9750000000000005,17.668208,proxy,4.4,36.0,171.5,19.0,17.668208
2025-12-28T09:00,37.8689,138.9383,201.5,11.496875,42.476703750000006,proxy,5.2,122.0,264.2,60.0,42.476703750000006
2025-12-28T10:00,37.8689,138.9383,365.8,16.83125,75.550503,proxy,5.4,237.0,386.6,98.0,75.550503
2025-12-28T11:00,37.8689,138.9383,487.2,21.425,98.83339199999999,proxy,6.2,321.0,466.7,114.0,98.83339199999999
2025-12-28T12:00,37.8689,138.9383,622.3,26.546875,123.68990375,proxy,7.1,419.0,557.3,151.0,123.68990375
2025-12-28T13:00,37.8689,138.9383,506.8,23.5375,101.952956,proxy,7.7,343.0,454.2,130.0,101.952956
2025-12-28T14:00,37.8689,138.9383,424.8,21.175,86.25988800000002,proxy,7.9,289.0,396.4,127.0,86.25988800000002
2025-12-28T15:00,37.8689,138.9383,327.7,17.840625,67.41690175000001,proxy,7.6,212.0,365.0,101.0,67.41690175000001
2025-12-28T16:00,37.8689,138.9383,128.8,10.625,27.24120000000001,proxy,6.6,81.0,172.5,53.0,27.24120000000001
2025-12-29T08:00,37.8689,138.9383,127.0,5.26875,27.404695,proxy,1.3,50.0,283.4,22.0,27.404695
2025-12-29T09:00,37.8689,138.9383,326.4,13.399999999999999,68.308992,proxy,3.2,182.0,474.0,71.0,68.308992
2025-12-29T10:00,37.8689,138.9383,586.1,23.515625,117.91599375,proxy,5.2,340.0,723.3,80.0,117.91599375
2025-12-29T11:00,37.8689,138.9383,711.4,29.93125,139.473527,proxy,7.7,433.0,768.2,92.0,139.473527
2025-12-29T12:00,37.8689,138.9383,784.2,34.00625,151.18983900000003,proxy,9.5,484.0,805.6,96.0,151.18983900000003
2025-12-29T13:00,37.8689,138.9383,707.5,32.309375,137.36289374999998,proxy,10.2,442.0,721.1,103.0,137.36289374999998
2025-12-29T14:00,37.8689,138.9383,524.5,27.490625,103.85493375,proxy,11.1,335.0,543.7,112.0,103.85493375
2025-12-29T15:00,37.8689,138.9383,384.9,22.328125,77.80272375,proxy,10.3,230.0,480.6,83.0,77.80272375
2025-12-29T16:00,37.8689,138.9383,192.2,14.90625,39.992015,proxy,8.9,100.0,322.6,47.0,39.992015
2025-12-29T17:00,37.8689,138.9383,22.0,7.3875,4.70998,proxy,6.7,9.0,50.3,6.0,4.70998
2025-12-30T08:00,37.8689,138.9383,60.7,9.596875,12.88797575,proxy,7.7,28.0,121.8,16.0,12.88797575
2025-12-30T09:00,37.8689,138.9383,209.9,14.259375,43.78356575000001,proxy,7.7,125.0,282.3,59.0,43.78356575000001
2025-12-30T10:00,37.8689,138.9383,246.9,15.215625,51.31260975000001,proxy,7.5,174.0,225.3,93.0,51.31260975000001
2025-12-30T11:00,37.8689,138.9383,249.7,15.503125,51.83709575,proxy,7.7,192.0,173.3,115.0,51.83709575
2025-12-30T12:00,37.8689,138.9383,505.7,24.503124999999997,101.34101575,proxy,8.7,343.0,447.7,127.0,101.34101575
2025-12-30T13:00,37.8689,138.9383,344.6,19.06875,70.555127,proxy,8.3,268.0,227.0,161.0,70.555127
2025-12-30T14:00,37.8689,138.9383,414.3,21.246875000000003,84.10393575000002,proxy,8.3,285.0,378.9,129.0,84.10393575000002
2025-12-30T15:00,37.8689,138.9383,232.6,14.868749999999999,48.405223,proxy,7.6,155.0,247.0,79.0,48.405223
2025-12-30T16:00,37.8689,138.9383,80.4,9.912500000000001,17.050428,proxy,7.4,58.0,84.2,44.0,17.050428
2025-12-31T08:00,37.8689,138.9383,47.4,3.98125,10.277031,proxy,2.5,26.0,81.3,18.0,10.277031
2025-12-31T09:00,37.8689,138.9383,168.8,8.075,36.04555200000001,proxy,2.8,111.0,196.9,65.0,36.04555200000001
2025-12-31T10:00,37.8689,138.9383,281.2,11.8875,59.18978800000001,proxy,3.1,204.0,241.9,117.0,59.18978800000001
2025-12-31T11:00,37.8689,138.9383,442.2,16.71875,91.369575,proxy,2.9,311.0,377.7,143.0,91.369575
2025-12-31T12:00,37.8689,138.9383,441.9,17.509375,91.02808575,proxy,3.7,315.0,355.9,143.0,91.02808575
2025-12-31T13:00,37.8689,138.9383,237.1,10.809375,50.111677750000005,proxy,3.4,195.0,131.2,133.0,50.111677750000005
2025-12-31T14:00,37.8689,138.9383,180.7,8.746875,38.48955175,proxy,3.1,150.0,101.6,108.0,38.48955175
2025-12-31T15:00,37.8689,138.9383,218.0,10.2125,46.178940000000004,proxy,3.4,152.0,213.2,86.0,46.178940000000004
2026-01-01T09:00,37.8689,138.9383,62.4,3.3499999999999996,13.560768000000001,proxy,1.4,63.0,8.6,61.0,13.560768000000001
2026-01-01T10:00,37.8689,138.9383,129.2,5.5375,27.851644,proxy,1.5,128.0,22.2,120.0,27.851644
2026-01-01T11:00,37.8689,138.9383,321.8,11.55625,67.82095899999999,proxy,1.5,276.0,154.9,207.0,67.82095899999999
2026-01-01T12:00,37.8689,138.9383,559.6,19.2875,114.47737200000002,proxy,1.8,409.0,427.4,202.0,114.47737200000002
2026-01-01T13:00,37.8689,138.9383,540.3,18.884375,110.70341775000001,proxy,2.0,388.0,432.5,183.0,110.70341775000001
2026-01-01T14:00,37.8689,138.9383,400.8,14.925,83.390448,proxy,2.4,309.0,284.3,191.0,83.390448
2026-01-01T15:00,37.8689,138.9383,432.1,16.203125,89.46090375000001,proxy,2.7,275.0,494.2,121.0,89.46090375000001
2026-01-01T16:00,37.8689,138.9383,145.2,6.9375,31.138139999999996,proxy,2.4,86.0,211.0,50.0,31.138139999999996
2026-01-02T08:00,37.8689,138.9383,27.4,2.7562499999999996,5.967583,proxy,1.9,29.0,0.0,29.0,5.967583
2026-01-02T09:00,37.8689,138.9383,114.0,4.1625,24.700380000000003,proxy,0.6,103.0,51.4,91.0,24.700380000000003
2026-01-02T10:00,37.8689,138.9383,211.0,7.89375,45.087535,proxy,1.3,191.0,83.3,161.0,45.087535
2026-01-02T11:00,37.8689,138.9383,369.6,13.15,77.42380800000001,proxy,1.6,324.0,161.4,252.0,77.42380800000001
2026-01-02T12:00,37.8689,138.9383,341.2,12.362499999999999,71.689532,proxy,1.7,286.0,175.1,201.0,71.689532
2026-01-02T13:00,37.8689,138.9383,401.8,14.45625,83.74918300000002,proxy,1.9,341.0,197.7,247.0,83.74918300000002
2026-01-02T14:00,37.8689,138.9383,346.0,12.7125,72.60118,proxy,1.9,298.0,167.9,228.0,72.60118
2026-01-02T15:00,37.8689,138.9383,213.8,8.68125,45.551159000000006,proxy,2.0,192.0,92.4,163.0,45.551159000000006
2026-01-02T16:00,37.8689,138.9383,137.8,6.40625,29.609775000000006,proxy,2.1,105.0,127.3,83.0,29.609775000000006
2026-01-03T08:00,37.8689,138.9383,103.8,4.24375,22.483598999999998,proxy,1.0,50.0,203.7,30.0,22.483598999999998
2026-01-03T09:00,37.8689,138.9383,279.9,9.946874999999999,59.35069575,proxy,1.2,181.0,338.1,102.0,59.35069575
2026-01-03T10:00,37.8689,138.9383,388.9,13.553125,81.34135175000002,proxy,1.4,290.0,316.0,176.0,81.34135175000002
2026-01-03T11:00,37.8689,138.9383,476.4,16.9875,98.33372399999999,proxy,2.1,367.0,331.0,219.0,98.33372399999999
2026-01-03T12:00,37.8689,138.9383,565.8,20.28125,115.29589499999999,proxy,2.6,417.0,425.2,210.0,115.29589499999999
2026-01-03T13:00,37.8689,138.9383,576.3,21.109375,117.05373374999998,proxy,3.1,417.0,454.8,200.0,117.05373374999998
2026-01-03T14:00,37.8689,138.9383,446.7,17.359375,92.07045375000001,proxy,3.4,329.0,355.7,180.0,92.07045375000001
2026-01-03T15:00,37.8689,138.9383,314.7,13.534375,65.82658574999999,proxy,3.7,221.0,303.9,125.0,65.82658574999999
2026-01-03T16:00,37.8689,138.9383,120.4,7.7625,25.740316000000004,proxy,4.0,78.0,154.1,51.0,25.740316000000004
2026-01-04T08:00,37.8689,138.9383,62.1,6.840625,13.32215775,proxy,4.9,27.0,132.3,14.0,13.32215775
2026-01-04T09:00,37.8689,138.9383,77.4,7.41875,16.568631000000003,proxy,5.0,63.0,55.6,50.0,16.568631000000003
2026-01-04T10:00,37.8689,138.9383,54.1,6.490625,11.62108575,proxy,4.8,55.0,5.5,53.0,11.62108575
2026-01-04T11:00,37.8689,138.9383,98.6,8.08125,21.054550999999996,proxy,5.0,95.0,22.3,85.0,21.054550999999996
2026-01-04T12:00,37.8689,138.9383,171.5,10.659375,36.267533750000005,proxy,5.3,156.0,59.4,127.0,36.267533750000005
2026-01-04T13:00,37.8689,138.9383,109.0,8.70625,23.220815,proxy,5.3,109.0,14.6,102.0,23.220815
2026-01-04T14:00,37.8689,138.9383,140.4,9.4875,29.822364,proxy,5.1,114.0,85.5,78.0,29.822364
2026-01-04T15:00,37.8689,138.9383,51.8,6.018750000000001,11.146583,proxy,4.4,49.0,15.7,44.0,11.146583
2026-01-04T16:00,37.8689,138.9383,45.0,6.00625,9.683774999999999,proxy,4.6,35.0,39.4,28.0,9.683774999999999
2026-01-05T09:00,37.8689,138.9383,72.2,3.95625,15.655487000000003,proxy,1.7,59.0,51.2,47.0,15.655487000000003
2026-01-05T10:00,37.8689,138.9383,98.9,4.590625,21.39478975,proxy,1.5,95.0,24.9,86.0,21.39478975
2026-01-05T11:00,37.8689,138.9383,91.1,4.146875,19.73977575,proxy,1.3,89.0,17.8,81.0,19.73977575
2026-01-05T12:00,37.8689,138.9383,240.5,9.415625,51.09843375,proxy,1.9,203.0,120.5,144.0,51.09843375
2026-01-05T13:00,37.8689,138.9383,75.6,4.5625,16.35606,proxy,2.2,79.0,2.1,78.0,16.35606
2026-01-05T14:00,37.8689,138.9383,96.3,5.509375,20.76155775,proxy,2.5,97.0,11.8,92.0,20.76155775
2026-01-05T15:00,37.8689,138.9383,54.6,4.20625,11.828271000000003,proxy,2.5,52.0,15.6,47.0,11.828271000000003
2026-01-05T16:00,37.8689,138.9383,21.8,3.28125,4.738775,proxy,2.6,23.0,0.0,23.0,4.738775
2026-01-06T08:00,37.8689,138.9383,61.8,4.63125,13.367030999999999,proxy,2.7,30.0,121.8,18.0,13.367030999999999
2026-01-06T09:00,37.8689,138.9383,155.1,7.846875,33.14835975,proxy,3.0,108.0,166.1,69.0,33.14835975
2026-01-06T10:00,37.8689,138.9383,338.7,13.784375,70.77898574999999,proxy,3.2,225.0,349.9,98.0,70.77898574999999
2026-01-06T11:00,37.8689,138.9383,428.7,16.796875,88.55334375,proxy,3.4,293.0,390.7,117.0,88.55334375
2026-01-06T12:00,37.8689,138.9383,457.9,18.009375,94.14080575000001,proxy,3.7,333.0,356.1,158.0,94.14080575000001
2026-01-06T13:00,37.8689,138.9383,479.7,18.790625,98.32290975000001,proxy,3.8,317.0,451.5,99.0,98.32290975000001
2026-01-06T14:00,37.8689,138.9383,455.0,18.51875,93.359175,proxy,4.3,298.0,456.0,104.0,93.359175
2026-01-06T15:00,37.8689,138.9383,187.3,9.953125,39.71462375,proxy,4.1,130.0,185.7,70.0,39.71462375
2026-01-06T16:00,37.8689,138.9383,173.7,9.728124999999999,36.86217975,proxy,4.3,100.0,262.6,52.0,36.86217975
2026-01-06T17:00,37.8689,138.9383,35.1,5.096875,7.578879750000001,proxy,4.0,13.0,86.5,7.0,7.578879750000001
2026-01-07T08:00,37.8689,138.9383,107.1,2.846875,23.318079750000003,proxy,-0.5,46.0,232.9,23.0,23.318079750000003
2026-01-07T09:00,37.8689,138.9383,215.8,7.24375,46.22543900000001,proxy,0.5,154.0,220.9,102.0,46.22543900000001
2026-01-07T10:00,37.8689,138.9383,401.6,14.350000000000001,83.74163200000001,proxy,1.8,287.0,362.7,155.0,83.74163200000001
2026-01-07T11:00,37.8689,138.9383,440.5,16.865625,90.96655375000002,proxy,3.1,337.0,314.2,195.0,90.96655375000002
2026-01-07T12:00,37.8689,138.9383,487.5,19.534375,99.63159375,proxy,4.3,384.0,310.3,231.0,99.63159375
2026-01-07T13:00,37.8689,138.9383,456.7,19.871875,93.21361175,proxy,5.6,364.0,282.5,227.0,93.21361175
2026-01-07T14:00,37.8689,138.9383,426.3,19.721875,87.06005175000001,proxy,6.4,326.0,310.9,193.0,87.06005175000001
2026-01-07T15:00,37.8689,138.9383,379.8,18.76875,77.85330300000001,proxy,6.9,251.0,411.4,117.0,77.85330300000001
2026-01-07T16:00,37.8689,138.9383,219.2,13.25,45.90048,proxy,6.4,122.0,344.9,58.0,45.90048
2026-01-07T17:00,37.8689,138.9383,42.1,6.215625,9.05265775,proxy,4.9,17.0,98.8,10.0,9.05265775
2026-01-08T09:00,37.8689,138.9383,21.8,3.38125,4.737031000000001,proxy,2.7,23.0,0.0,23.0,4.737031000000001
2026-01-08T10:00,37.8689,138.9383,53.9,3.784375,11.694817750000002,proxy,2.1,57.0,0.0,57.0,11.694817750000002
2026-01-08T11:00,37.8689,138.9383,94.6,4.95625,20.436911,proxy,2.0,100.0,0.0,100.0,20.436911
2026-01-08T12:00,37.8689,138.9383,110.7,5.159375,23.897085750000002,proxy,1.7,117.0,0.0,117.0,23.897085750000002
2026-01-08T13:00,37.8689,138.9383,89.8,4.50625,19.432271,proxy,1.7,94.0,2.1,93.0,19.432271
2026-01-08T14:00,37.8689,138.9383,117.4,5.46875,25.314375000000005,proxy,1.8,124.0,0.0,124.0,25.314375000000005
2026-01-08T15:00,37.8689,138.9383,101.5,4.771875,21.94252375,proxy,1.6,95.0,33.5,84.0,21.94252375
2026-01-08T16:00,37.8689,138.9383,143.3,5.6781250000000005,30.875059750000002,proxy,1.2,84.0,212.3,44.0,30.875059750000002
2026-01-08T17:00,37.8689,138.9383,49.7,2.653125,10.82851175,proxy,1.1,18.0,124.5,9.0,10.82851175
2026-01-09T08:00,37.8689,138.9383,36.1,3.7281250000000004,7.8343317500000005,proxy,2.6,18.0,70.4,11.0,7.8343317500000005
2026-01-09T09:00,37.8689,138.9383,116.3,6.634375,24.968737750000003,proxy,3.0,85.0,114.0,58.0,24.968737750000003
2026-01-09T10:00,37.8689,138.9383,247.2,11.024999999999999,52.203696,proxy,3.3,180.0,215.7,101.0,52.203696
2026-01-09T11:00,37.8689,138.9383,340.3,14.534375,70.90916175,proxy,3.9,255.0,257.2,138.0,70.90916175
2026-01-09T12:00,37.8689,138.9383,201.5,10.396875,42.65402375,proxy,4.1,168.0,106.6,115.0,42.65402375
2026-01-09T13:00,37.8689,138.9383,270.4,12.95,56.686656,proxy,4.5,219.0,159.3,141.0,56.686656
2026-01-09T14:00,37.8689,138.9383,324.5,14.840625,67.53737375000001,proxy,4.7,236.0,267.9,120.0,67.53737375000001
2026-01-09T15:00,37.8689,138.9383,187.3,10.053125000000001,39.69963975,proxy,4.2,133.0,178.1,74.0,39.69963975
2026-01-09T16:00,37.8689,138.9383,115.8,7.61875,24.770199,proxy,4.0,81.0,130.7,56.0,24.770199
2026-01-10T08:00,37.8689,138.9383,96.5,1.615625,21.105273750000002,proxy,-1.4,45.0,200.4,25.0,21.105273750000002
2026-01-10T09:00,37.8689,138.9383,354.7,11.084375,74.88869774999999,proxy,0.0,195.0,542.5,66.0,74.88869774999999
2026-01-10T10:00,37.8689,138.9383,621.1,21.809375,125.80535775000001,proxy,2.4,360.0,789.0,70.0,125.80535775000001
2026-01-10T11:00,37.8689,138.9383,768.7,29.121875000000003,151.20521175000002,proxy,5.1,471.0,840.9,87.0,151.20521175000002
2026-01-10T12:00,37.8689,138.9383,848.6,34.01875,163.59735100000003,proxy,7.5,527.0,879.6,88.0,163.59735100000003
2026-01-10T13:00,37.8689,138.9383,847.9,35.896875,162.18843175,proxy,9.4,524.0,890.3,86.0,162.18843175
2026-01-10T14:00,37.8689,138.9383,699.2,31.950000000000003,135.952448,proxy,10.1,426.0,784.9,84.0,135.952448
2026-01-10T15:00,37.8689,138.9383,537.4,26.893749999999997,106.665839,proxy,10.1,312.0,703.2,77.0,106.665839
2026-01-10T16:00,37.8689,138.9383,244.7,16.546875,50.59478375,proxy,8.9,130.0,406.6,51.0,50.59478375
2026-01-10T17:00,37.8689,138.9383,36.8,9.65,7.811903999999998,proxy,8.5,17.0,79.6,11.0,7.811903999999998
2026-01-11T08:00,37.8689,138.9383,31.3,7.078125,6.70876375,proxy,6.1,19.0,49.9,14.0,6.70876375
2026-01-11T09:00,37.8689,138.9383,165.6,10.975,34.978032,proxy,5.8,110.0,196.8,63.0,34.978032
2026-01-11T10:00,37.8689,138.9383,475.0,20.84375,96.57937499999998,proxy,6.0,300.0,539.4,101.0,96.57937499999998
2026-01-11T11:00,37.8689,138.9383,679.4,27.331249999999997,134.612919,proxy,6.1,438.0,691.4,121.0,134.612919
2026-01-11T12:00,37.8689,138.9383,544.4,22.3125,110.05046,proxy,5.3,387.0,448.8,162.0,110.05046
2026-01-11T13:00,37.8689,138.9383,437.0,17.35625,90.07225500000001,proxy,3.7,337.0,299.3,189.0,90.07225500000001
2026-01-11T14:00,37.8689,138.9383,354.8,14.1875,74.02902,proxy,3.1,276.0,248.6,167.0,74.02902
2026-01-11T15:00,37.8689,138.9383,151.3,7.028125,32.43531575000001,proxy,2.3,134.0,71.2,110.0,32.43531575000001
2026-01-11T16:00,37.8689,138.9383,41.6,3.2,9.045504,proxy,1.9,44.0,0.0,44.0,9.045504
2026-01-12T08:00,37.8689,138.9383,68.2,3.9312500000000004,14.789511000000003,proxy,1.8,33.0,138.9,19.0,14.789511000000003
2026-01-12T09:00,37.8689,138.9383,188.3,8.084375000000001,40.20816975,proxy,2.2,114.0,258.4,52.0,40.20816975
2026-01-12T10:00,37.8689,138.9383,273.3,10.840625,57.75580575,proxy,2.3,178.0,296.9,68.0,57.75580575
2026-01-12T11:00,37.8689,138.9383,176.4,8.5125,37.606716,proxy,3.0,139.0,117.3,85.0,37.606716
2026-01-12T12:00,37.8689,138.9383,204.3,10.184375,43.28146575000001,proxy,3.8,166.0,119.1,106.0,43.28146575000001
2026-01-12T13:00,37.8689,138.9383,189.8,10.131250000000001,40.217670999999996,proxy,4.2,162.0,92.5,116.0,40.217670999999996
2026-01-12T14:00,37.8689,138.9383,191.4,10.381250000000001,40.518423000000006,proxy,4.4,169.0,83.8,132.0,40.518423000000006
2026-01-12T15:00,37.8689,138.9383,201.6,10.399999999999999,42.674688,proxy,4.1,164.0,135.2,118.0,42.674688
2026-01-12T16:00,37.8689,138.9383,63.4,5.48125,13.669991000000001,proxy,3.5,56.0,34.9,49.0,13.669991000000001
2026-01-13T08:00,37.8689,138.9383,24.2,4.25625,5.241599,proxy,3.5,20.0,19.7,18.0,5.241599
2026-01-13T09:00,37.8689,138.9383,122.5,8.428125,26.124043750000002,proxy,4.6,105.0,74.6,87.0,26.124043750000002
2026-01-13T10:00,37.8689,138.9383,282.0,14.3125,58.81110000000001,proxy,5.5,211.0,233.8,124.0,58.81110000000001
2026-01-13T11:00,37.8689,138.9383,306.6,15.981250000000001,63.532119000000016,proxy,6.4,243.0,201.1,150.0,63.532119000000016
2026-01-13T12:00,37.8689,138.9383,285.3,15.915625,59.13341775,proxy,7.0,238.0,152.2,161.0,59.13341775
2026-01-13T13:00,37.8689,138.9383,266.6,16.03125,55.232855000000015,proxy,7.7,226.0,134.0,159.0,55.232855000000015
2026-01-13T14:00,37.8689,138.9383,403.9,20.521875,82.22697175,proxy,7.9,294.0,335.3,145.0,82.22697175
2026-01-13T15:00,37.8689,138.9383,357.9,17.984375,73.58871375000001,proxy,6.8,237.0,390.2,103.0,73.58871375000001
2026-01-13T16:00,37.8689,138.9383,101.7,10.078125,21.55404375,proxy,6.9,72.0,112.9,49.0,21.55404375
2026-01-14T08:00,37.8689,138.9383,45.9,3.3343749999999996,9.97556175,proxy,1.9,24.0,88.3,15.0,9.97556175
2026-01-14T09:00,37.8689,138.9383,122.2,5.71875,26.324935000000004,proxy,1.9,78.0,156.7,40.0,26.324935000000004
2026-01-14T10:00,37.8689,138.9383,241.5,9.646875,51.26622375000001,proxy,2.1,168.0,235.4,80.0,51.26622375000001
2026-01-14T11:00,37.8689,138.9383,374.1,13.690625,78.20466975000001,proxy,2.0,264.0,327.2,112.0,78.20466975000001
2026-01-14T12:00,37.8689,138.9383,363.9,13.471874999999999,76.13606775,proxy,2.1,283.0,243.9,159.0,76.13606775
2026-01-14T13:00,37.8689,138.9383,322.6,12.58125,67.725031,proxy,2.5,256.0,204.9,153.0,67.725031
2026-01-14T14:00,37.8689,138.9383,324.5,12.640625,68.10849375000001,proxy,2.5,251.0,232.4,147.0,68.10849375000001
2026-01-14T15:00,37.8689,138.9383,410.3,15.521875000000001,85.17109975000001,proxy,2.7,267.0,461.7,107.0,85.17109975000001
2026-01-14T16:00,37.8689,138.9383,132.4,7.0375,28.382588000000002,proxy,2.9,90.0,159.4,57.0,28.382588000000002
2026-01-14T17:00,37.8689,138.9383,31.7,3.790625,6.8778697499999994,proxy,2.8,17.0,61.0,12.0,6.8778697499999994
2026-01-15T09:00,37.8689,138.9383,130.5,8.578125,27.81444375,proxy,4.5,102.0,110.7,75.0,27.81444375
2026-01-15T10:00,37.8689,138.9383,307.8,14.91875,64.042407,proxy,5.3,224.0,274.2,121.0,64.042407
2026-01-15T11:00,37.8689,138.9383,439.1,20.321875,89.46333175,proxy,6.6,326.0,344.9,165.0,89.46333175
2026-01-15T12:00,37.8689,138.9383,703.5,29.984375,137.89479375000002,proxy,8.0,459.0,684.8,109.0,137.89479375000002
2026-01-15T13:00,37.8689,138.9383,677.5,29.871875,132.85944375,proxy,8.7,438.0,672.5,98.0,132.85944375
2026-01-15T14:00,37.8689,138.9383,564.6,26.34375,112.31305500000002,proxy,8.7,362.0,594.8,94.0,112.31305500000002
2026-01-15T15:00,37.8689,138.9383,248.7,15.771875,51.576027749999994,proxy,8.0,199.0,177.2,137.0,51.576027749999994
2026-01-15T16:00,37.8689,138.9383,89.3,10.590625,18.889405749999998,proxy,7.8,75.0,61.8,62.0,18.889405749999998
2026-01-15T17:00,37.8689,138.9383,32.2,8.60625,6.862303000000001,proxy,7.6,18.0,59.7,13.0,6.862303000000001
2026-01-16T08:00,37.8689,138.9383,55.7,10.040625,11.80658975,proxy,8.3,27.0,116.1,15.0,11.80658975
2026-01-16T09:00,37.8689,138.9383,154.2,13.018749999999999,32.318007,proxy,8.2,105.0,179.2,61.0,32.318007
2026-01-16T10:00,37.8689,138.9383,217.9,14.509375,45.40872575,proxy,7.7,163.0,182.7,94.0,45.40872575
2026-01-16T11:00,37.8689,138.9383,364.3,19.684375000000003,74.40918574999999,proxy,8.3,265.0,300.6,124.0,74.40918574999999
2026-01-16T12:00,37.8689,138.9383,373.7,20.378124999999997,76.12175574999999,proxy,8.7,274.0,292.0,124.0,76.12175574999999
2026-01-16T13:00,37.8689,138.9383,192.9,14.728124999999999,40.165155750000004,proxy,8.7,169.0,84.6,126.0,40.165155750000004
2026-01-16T14:00,37.8689,138.9383,240.3,16.409375,49.711461750000005,proxy,8.9,195.0,149.9,127.0,49.711461750000005
2026-01-16T15:00,37.8689,138.9383,196.6,15.04375,40.885919,proxy,8.9,162.0,127.4,117.0,40.885919
2026-01-16T16:00,37.8689,138.9383,140.8,13.1,29.500416000000005,proxy,8.7,89.0,191.9,48.0,29.500416000000005
2026-01-16T17:00,37.8689,138.9383,32.9,9.328125,6.99248375,proxy,8.3,16.0,70.2,10.0,6.99248375
2026-01-17T08:00,37.8689,138.9383,102.4,5.9,22.044672000000006,proxy,2.7,48.0,220.9,25.0,22.044672000000006
2026-01-17T09:00,37.8689,138.9383,313.8,14.90625,65.293935,proxy,5.1,182.0,465.4,67.0,65.293935
2026-01-17T10:00,37.8689,138.9383,475.6,23.0625,95.85718,proxy,8.2,297.0,561.1,84.0,95.85718
2026-01-17T11:00,37.8689,138.9383,502.4,26.4,99.917312,proxy,10.7,331.0,502.6,94.0,99.917312
2026-01-17T12:00,37.8689,138.9383,429.9,23.334375,86.55284175,proxy,9.9,300.0,373.7,107.0,86.55284175
2026-01-17T13:00,37.8689,138.9383,357.0,19.85625,72.869055,proxy,8.7,276.0,246.3,150.0,72.869055
2026-01-17T14:00,37.8689,138.9383,156.6,11.993749999999999,32.949423,proxy,7.1,144.0,54.7,119.0,32.949423
2026-01-17T15:00,37.8689,138.9383,79.5,9.484375,16.88679375,proxy,7.0,83.0,2.8,82.0,16.88679375
2026-01-17T16:00,37.8689,138.9383,99.2,10.0,21.030400000000004,proxy,6.9,69.0,115.2,44.0,21.030400000000004
2026-01-18T08:00,37.8689,138.9383,37.4,5.16875,8.073351,proxy,4.0,24.0,57.2,18.0,8.073351
2026-01-18T09:00,37.8689,138.9383,69.1,6.159375,14.86150975,proxy,4.0,64.0,28.1,57.0,14.86150975
2026-01-18T10:00,37.8689,138.9383,192.0,10.3,40.657920000000004,proxy,4.3,156.0,128.4,107.0,40.657920000000004
2026-01-18T11:00,37.8689,138.9383,427.6,18.1625,87.85897200000001,proxy,4.8,318.0,337.5,158.0,87.85897200000001
2026-01-18T12:00,37.8689,138.9383,253.4,12.71875,53.16965500000001,proxy,4.8,236.0,77.0,196.0,53.16965500000001
2026-01-18T13:00,37.8689,138.9383,360.5,16.365625,74.59015375,proxy,5.1,302.0,192.4,203.0,74.59015375
2026-01-18T14:00,37.8689,138.9383,225.9,12.459375000000001,47.44634175,proxy,5.4,203.0,91.2,161.0,47.44634175
2026-01-18T15:00,37.8689,138.9383,166.4,10.9,35.156992,proxy,5.7,156.0,55.6,136.0,35.156992
2026-01-18T16:00,37.8689,138.9383,175.8,10.99375,37.129839000000004,proxy,5.5,117.0,222.3,68.0,37.129839000000004
2026-01-18T17:00,37.8689,138.9383,55.5,5.934375,11.946513750000001,proxy,4.2,26.0,123.6,15.0,11.946513750000001
2026-01-19T09:00,37.8689,138.9383,74.1,6.115625,15.93946575,proxy,3.8,77.0,4.0,76.0,15.93946575
2026-01-19T10:00,37.8689,138.9383,117.3,8.465625,25.01158575,proxy,4.8,122.0,5.2,120.0,25.01158575
2026-01-19T11:00,37.8689,138.9383,124.7,9.996875,26.43671175,proxy,6.1,126.0,14.7,119.0,26.43671175
2026-01-19T12:00,37.8689,138.9383,146.2,11.56875,30.810919,proxy,7.0,145.0,23.0,133.0,30.810919
2026-01-19T13:00,37.8689,138.9383,138.8,12.3375,29.166044000000007,proxy,8.0,138.0,21.2,127.0,29.166044000000007
2026-01-19T14:00,37.8689,138.9383,154.2,13.81875,32.219319,proxy,9.0,157.0,15.1,150.0,32.219319
2026-01-19T15:00,37.8689,138.9383,135.0,13.51875,28.239975,proxy,9.3,124.0,52.3,105.0,28.239975
2026-01-19T16:00,37.8689,138.9383,115.9,12.121875,24.374059750000004,proxy,8.5,77.0,147.4,44.0,24.374059750000004
2026-01-20T09:00,37.8689,138.9383,33.1,1.9343750000000002,7.230777750000001,proxy,0.9,35.0,0.0,35.0,7.230777750000001
2026-01-20T10:00,37.8689,138.9383,121.8,4.60625,26.347167,proxy,0.8,110.0,51.8,90.0,26.347167
2026-01-20T11:00,37.8689,138.9383,204.8,7.5,43.82720000000001,proxy,1.1,186.0,77.2,149.0,43.82720000000001
2026-01-20T12:00,37.8689,138.9383,306.4,10.875,64.74232,proxy,1.3,256.0,165.6,169.0,64.74232
2026-01-20T13:00,37.8689,138.9383,403.6,14.1125,84.23535600000001,proxy,1.5,324.0,251.4,193.0,84.23535600000001
2026-01-20T14:00,37.8689,138.9383,376.8,13.275,78.89438399999999,proxy,1.5,294.0,267.6,169.0,78.89438399999999
2026-01-20T15:00,37.8689,138.9383,248.5,9.165625,52.847873750000005,proxy,1.4,192.0,199.0,119.0,52.847873750000005
2026-01-20T16:00,37.8689,138.9383,127.1,4.771875,27.47679575,proxy,0.8,87.0,153.9,52.0,27.47679575
2026-01-20T17:00,37.8689,138.9383,33.0,1.63125,7.216935,proxy,0.6,18.0,64.8,12.0,7.216935
2026-01-21T08:00,37.8689,138.9383,88.7,3.071875,19.296019750000003,proxy,0.3,47.0,176.2,28.0,19.296019750000003
2026-01-21T09:00,37.8689,138.9383,295.2,9.825,62.623728,proxy,0.6,187.0,396.5,86.0,62.623728
2026-01-21T10:00,37.8689,138.9383,367.0,12.36875,77.108535,proxy,0.9,270.0,326.7,143.0,77.108535
2026-01-21T11:00,37.8689,138.9383,710.2,23.39375,142.952607,proxy,1.2,451.0,763.4,83.0,142.952607
2026-01-21T12:00,37.8689,138.9383,491.9,16.571875,101.69663575,proxy,1.2,363.0,384.3,160.0,101.69663575
2026-01-21T13:00,37.8689,138.9383,365.1,12.309375000000001,76.72667775000001,proxy,0.9,278.0,265.1,139.0,76.72667775000001
2026-01-21T14:00,37.8689,138.9383,438.5,14.803125,91.27706375,proxy,1.1,338.0,323.0,186.0,91.27706375
2026-01-21T15:00,37.8689,138.9383,237.7,8.228125,50.729339749999994,proxy,0.8,171.0,226.8,87.0,50.729339749999994
2026-01-21T16:00,37.8689,138.9383,205.6,7.325,44.027184000000005,proxy,0.9,139.0,255.5,80.0,44.027184000000005
2026-01-21T17:00,37.8689,138.9383,21.8,1.38125,4.771911000000001,proxy,0.7,23.0,0.0,23.0,4.771911000000001
2026-01-22T08:00,37.8689,138.9383,64.3,1.809375,14.05292575,proxy,-0.2,39.0,110.2,27.0,14.05292575
2026-01-22T09:00,37.8689,138.9383,225.7,6.8531249999999995,48.41659975,proxy,-0.2,158.0,256.9,92.0,48.41659975
2026-01-22T10:00,37.8689,138.9383,288.0,8.8,61.33248,proxy,-0.2,230.0,207.0,149.0,61.33248
2026-01-22T11:00,37.8689,138.9383,341.7,10.778125,72.22769175,proxy,0.1,274.0,222.7,166.0,72.22769175
2026-01-22T12:00,37.8689,138.9383,393.8,12.90625,82.57001500000001,proxy,0.6,332.0,207.0,222.0,82.57001500000001
2026-01-22T13:00,37.8689,138.9383,462.4,14.95,96.19769600000001,proxy,0.5,355.0,329.7,181.0,96.19769600000001
2026-01-22T14:00,37.8689,138.9383,480.2,16.00625,99.49503900000002,proxy,1.0,354.0,396.6,166.0,99.49503900000002
2026-01-22T15:00,37.8689,138.9383,382.9,11.865625,80.60332174999999,proxy,-0.1,267.0,390.4,121.0,80.60332174999999
2026-01-22T16:00,37.8689,138.9383,234.1,7.015625,50.18811375,proxy,-0.3,155.0,302.9,84.0,50.18811375
2026-01-22T17:00,37.8689,138.9383,65.1,1.9343749999999997,14.221257749999998,proxy,-0.1,34.0,135.1,21.0,14.221257749999998
2026-01-23T08:00,37.8689,138.9383,91.0,4.34375,19.703774999999997,proxy,1.5,44.0,200.0,22.0,19.703774999999997
2026-01-23T09:00,37.8689,138.9383,168.9,6.778125,36.24213975,proxy,1.5,128.0,162.1,86.0,36.24213975
2026-01-23T10:00,37.8689,138.9383,267.8,9.76875,56.823142999999995,proxy,1.4,204.0,220.9,117.0,56.823142999999995
2026-01-23T11:00,37.8689,138.9383,232.0,8.75,49.416000000000004,proxy,1.5,210.0,90.2,166.0,49.416000000000004
2026-01-23T12:00,37.8689,138.9383,287.5,10.684375,60.79259375,proxy,1.7,256.0,117.8,193.0,60.79259375
2026-01-23T13:00,37.8689,138.9383,247.3,9.728125,52.48138775,proxy,2.0,221.0,99.8,168.0,52.48138775
2026-01-23T14:00,37.8689,138.9383,219.9,9.171875,46.76448375000001,proxy,2.3,196.0,94.2,151.0,46.76448375000001
2026-01-23T15:00,37.8689,138.9383,186.4,8.025,39.811312,proxy,2.2,170.0,76.8,141.0,39.811312
2026-01-23T16:00,37.8689,138.9383,147.2,7.0,31.55968,proxy,2.4,107.0,159.7,69.0,31.55968
2026-01-23T17:00,37.8689,138.9383,50.2,3.56875,10.900679000000002,proxy,2.0,27.0,102.0,17.0,10.900679000000002
2026-01-24T08:00,37.8689,138.9383,34.7,2.3843750000000004,7.567809750000002,proxy,1.3,32.0,18.0,30.0,7.567809750000002
2026-01-24T09:00,37.8689,138.9383,134.1,4.690625,28.998789750000004,proxy,0.5,131.0,34.4,122.0,28.998789750000004
2026-01-24T10:00,37.8689,138.9383,197.9,6.884375,42.44806575000001,proxy,0.7,184.0,70.6,156.0,42.44806575000001
2026-01-24T11:00,37.8689,138.9383,262.1,8.890625,55.79781375,proxy,0.7,254.0,59.1,225.0,55.79781375
2026-01-24T12:00,37.8689,138.9383,411.7,13.765625,86.04015375000002,proxy,0.9,357.0,193.3,253.0,86.04015375000002
2026-01-24T13:00,37.8689,138.9383,503.4,16.73125,104.009991,proxy,1.0,428.0,258.1,290.0,104.009991
2026-01-24T14:00,37.8689,138.9383,499.2,16.4,103.274496,proxy,0.8,395.0,344.9,229.0,103.274496
2026-01-24T15:00,37.8689,138.9383,351.4,11.581249999999999,74.052279,proxy,0.6,286.0,243.9,193.0,74.052279
2026-01-24T16:00,37.8689,138.9383,121.6,4.3,26.333696,proxy,0.5,126.0,8.3,124.0,26.333696
2026-01-24T17:00,37.8689,138.9383,32.2,0.8062500000000001,7.063231000000002,proxy,-0.2,34.0,0.0,34.0,7.063231000000002
2026-01-25T08:00,37.8689,138.9383,85.6,2.5749999999999997,18.655664,proxy,-0.1,54.0,142.3,38.0,18.655664
2026-01-25T09:00,37.8689,138.9383,230.0,6.6875,49.3695,proxy,-0.5,180.0,204.5,126.0,49.3695
2026-01-25T10:00,37.8689,138.9383,386.2,11.36875,81.45151100000001,proxy,-0.7,300.0,305.4,178.0,81.45151100000001
2026-01-25T11:00,37.8689,138.9383,504.4,15.2625,104.809276,proxy,-0.5,411.0,315.8,255.0,104.809276
2026-01-25T12:00,37.8689,138.9383,696.2,21.356250000000003,141.26942300000002,proxy,-0.4,512.0,556.0,211.0,141.26942300000002
2026-01-25T13:00,37.8689,138.9383,581.8,17.78125,119.719895,proxy,-0.4,471.0,358.5,278.0,119.719895
2026-01-25T14:00,37.8689,138.9383,434.5,13.278125,90.97452375,proxy,-0.3,362.0,253.6,239.0,90.97452375
2026-01-25T15:00,37.8689,138.9383,373.6,11.575000000000001,78.73246400000002,proxy,-0.1,287.0,309.1,168.0,78.73246400000002
2026-01-25T16:00,37.8689,138.9383,117.3,3.665625,25.46201775,proxy,0.0,108.0,53.0,95.0,25.46201775
2026-01-25T17:00,37.8689,138.9383,45.7,1.628125,9.99447575,proxy,0.2,31.0,68.7,24.0,9.99447575
2026-01-26T08:00,37.8689,138.9383,42.5,1.028125,9.31504375,proxy,-0.3,36.0,35.2,32.0,9.31504375
2026-01-26T09:00,37.8689,138.9383,129.2,4.137499999999999,27.996348,proxy,0.1,125.0,37.5,115.0,27.996348
2026-01-26T10:00,37.8689,138.9383,197.2,6.5625,42.348699999999994,proxy,0.4,190.0,52.2,169.0,42.348699999999994
2026-01-26T11:00,37.8689,138.9383,346.9,11.640625,73.08749375,proxy,0.8,307.0,154.8,230.0,73.08749375
2026-01-26T12:00,37.8689,138.9383,295.2,10.325,62.505648,proxy,1.1,295.0,42.2,272.0,62.505648
2026-01-26T13:00,37.8689,138.9383,238.9,8.865625,50.863601749999994,proxy,1.4,234.0,46.1,209.0,50.863601749999994
2026-01-26T14:00,37.8689,138.9383,272.9,10.428125,57.761331750000004,proxy,1.9,254.0,90.0,210.0,57.761331750000004
2026-01-26T15:00,37.8689,138.9383,210.8,8.4875,44.944668,proxy,1.9,187.0,102.9,147.0,44.944668
2026-01-26T16:00,37.8689,138.9383,120.4,5.862500000000001,25.923324,proxy,2.1,108.0,64.3,92.0,25.923324
2026-01-26T17:00,37.8689,138.9383,43.9,3.5718750000000004,9.53255575,proxy,2.2,32.0,57.8,26.0,9.53255575
2026-01-27T08:00,37.8689,138.9383,146.5,3.278125,31.84580375,proxy,-1.3,76.0,312.8,40.0,31.84580375
2026-01-27T09:00,37.8689,138.9383,347.7,10.765625,73.49943375000001,proxy,-0.1,224.0,471.3,97.0,73.49943375000001
2026-01-27T10:00,37.8689,138.9383,332.2,11.48125,70.03274300000001,proxy,1.1,281.0,199.7,200.0,70.03274300000001
2026-01-27T11:00,37.8689,138.9383,191.2,7.975,40.84414400000001,proxy,2.0,202.0,0.0,202.0,40.84414400000001
2026-01-27T12:00,37.8689,138.9383,194.3,9.171875,41.320323750000014,proxy,3.1,198.0,18.2,188.0,41.320323750000014
2026-01-27T13:00,37.8689,138.9383,242.5,11.478125,51.12324375,proxy,3.9,219.0,93.4,168.0,51.12324375
2026-01-27T14:00,37.8689,138.9383,209.5,10.846875,44.27206375,proxy,4.3,206.0,40.6,186.0,44.27206375
2026-01-27T15:00,37.8689,138.9383,179.6,9.9125,38.087772,proxy,4.3,166.0,68.7,139.0,38.087772
2026-01-27T16:00,37.8689,138.9383,73.4,6.19375,15.784303000000003,proxy,3.9,74.0,11.9,71.0,15.784303000000003
2026-01-28T08:00,37.8689,138.9383,130.0,5.5625,28.0215,proxy,1.5,71.0,266.1,40.0,28.0215
2026-01-28T09:00,37.8689,138.9383,196.1,7.728125,41.92961175,proxy,1.6,155.0,172.6,108.0,41.92961175
2026-01-28T10:00,37.8689,138.9383,435.1,15.396875000000001,90.36265575,proxy,1.8,325.0,386.6,167.0,90.36265575
2026-01-28T11:00,37.8689,138.9383,530.5,18.478125,108.86788375000002,proxy,1.9,401.0,418.5,190.0,108.86788375000002
2026-01-28T12:00,37.8689,138.9383,621.9,21.134375,126.30322574999998,proxy,1.7,483.0,438.2,241.0,126.30322574999998
2026-01-28T13:00,37.8689,138.9383,642.5,22.078125,130.00184375,proxy,2.0,469.0,529.4,178.0,130.00184375
2026-01-28T14:00,37.8689,138.9383,622.5,21.553125,126.21654375000001,proxy,2.1,440.0,575.9,154.0,126.21654375000001
2026-01-28T15:00,37.8689,138.9383,415.7,14.990625,86.46871775,proxy,2.0,310.0,375.6,161.0,86.46871775
2026-01-28T16:00,37.8689,138.9383,313.3,11.790625,65.97079775,proxy,2.0,211.0,405.2,107.0,65.97079775
2026-01-28T17:00,37.8689,138.9383,101.6,4.775,21.963888,proxy,1.6,55.0,213.5,32.0,21.963888
2026-01-29T08:00,37.8689,138.9383,45.8,2.03125,10.001574999999999,proxy,0.6,40.0,33.9,36.0,10.001574999999999
2026-01-29T09:00,37.8689,138.9383,122.3,4.321875,26.48314775,proxy,0.5,115.0,47.2,102.0,26.48314775
2026-01-29T10:00,37.8689,138.9383,224.7,7.721875,48.04591574999999,proxy,0.7,208.0,85.0,173.0,48.04591574999999
2026-01-29T11:00,37.8689,138.9383,324.7,10.946875,68.59043975,proxy,0.8,287.0,147.7,212.0,68.59043975
2026-01-29T12:00,37.8689,138.9383,359.2,12.125,75.53976000000002,proxy,0.9,324.0,140.3,246.0,75.53976000000002
2026-01-29T13:00,37.8689,138.9383,448.2,15.10625,93.18750299999999,proxy,1.1,398.0,191.5,292.0,93.18750299999999
2026-01-29T14:00,37.8689,138.9383,429.4,14.518749999999999,89.480519,proxy,1.1,365.0,235.7,247.0,89.480519
2026-01-29T15:00,37.8689,138.9383,361.2,12.1875,75.94229999999999,proxy,0.9,280.0,297.0,161.0,75.94229999999999
2026-01-29T16:00,37.8689,138.9383,239.9,8.396875,51.16647175000001,proxy,0.9,189.0,218.8,132.0,51.16647175000001
2026-01-29T17:00,37.8689,138.9383,57.1,2.684375,12.439377750000002,proxy,0.9,47.0,54.7,41.0,12.439377750000002
2026-01-30T08:00,37.8689,138.9383,142.5,4.853125,30.79674375,proxy,0.4,79.0,292.8,44.0,30.79674375
2026-01-30T09:00,37.8689,138.9383,309.1,10.259375,65.46506175,proxy,0.6,214.0,377.2,109.0,65.46506175
2026-01-30T10:00,37.8689,138.9383,549.2,18.0625,112.88806000000001,proxy,0.9,386.0,563.4,152.0,112.88806000000001
2026-01-30T11:00,37.8689,138.9383,600.6,19.868750000000002,122.58546299999999,proxy,1.1,456.0,473.2,214.0,122.58546299999999
2026-01-30T12:00,37.8689,138.9383,660.3,21.734375,133.78503375,proxy,1.1,500.0,501.8,219.0,133.78503375
2026-01-30T13:00,37.8689,138.9383,687.7,22.790625000000002,138.75550975000002,proxy,1.3,518.0,530.8,222.0,138.75550975000002
2026-01-30T14:00,37.8689,138.9383,572.8,18.9,117.355264,proxy,1.0,450.0,414.1,241.0,117.355264
2026-01-30T15:00,37.8689,138.9383,465.7,15.453125,96.69678375000001,proxy,0.9,354.0,405.2,190.0,96.69678375000001
2026-01-30T16:00,37.8689,138.9383,324.8,11.05,68.58476800000001,proxy,0.9,217.0,431.1,103.0,68.58476800000001
2026-01-30T17:00,37.8689,138.9383,117.6,4.475,25.450992,proxy,0.8,64.0,250.6,36.0,25.450992
2026-01-31T08:00,37.8689,138.9383,103.1,4.221875,22.333779749999998,proxy,1.0,65.0,181.6,43.0,22.333779749999998
2026-01-31T09:00,37.8689,138.9383,294.4,10.299999999999999,62.34214399999999,proxy,1.1,211.0,337.5,116.0,62.34214399999999
2026-01-31T10:00,37.8689,138.9383,470.9,15.915624999999999,97.60226575,proxy,1.2,351.0,427.4,172.0,97.60226575
2026-01-31T11:00,37.8689,138.9383,638.4,21.55,129.44198400000002,proxy,1.6,474.0,533.8,199.0,129.44198400000002
2026-01-31T12:00,37.8689,138.9383,541.3,18.615624999999998,111.02468975,proxy,1.7,437.0,344.0,243.0,111.02468975
2026-01-31T13:00,37.8689,138.9383,593.9,20.759375,120.79480575,proxy,2.2,461.0,425.5,222.0,120.79480575
2026-01-31T14:00,37.8689,138.9383,443.7,16.265625,91.84035375000002,proxy,2.4,364.0,281.0,221.0,91.84035375000002
2026-01-31T15:00,37.8689,138.9383,441.3,16.190625,91.37006175,proxy,2.4,327.0,411.0,159.0,91.37006175
2026-01-31T16:00,37.8689,138.9383,239.1,9.871875,50.71370775,proxy,2.4,180.0,249.6,113.0,50.71370775
2026-01-31T17:00,37.8689,138.9383,104.3,5.359375,22.49881375,proxy,2.1,60.0,211.0,36.0,22.49881375
2026-02-01T09:00,37.8689,138.9383,56.8,2.675,12.374448,proxy,0.9,60.0,0.0,60.0,12.374448
2026-02-01T10:00,37.8689,138.9383,162.6,6.18125,34.967943000000005,proxy,1.1,150.0,63.9,123.0,34.967943000000005
2026-02-01T11:00,37.8689,138.9383,300.2,10.68125,63.478790999999994,proxy,1.3,279.0,102.1,226.0,63.478790999999994
2026-02-01T12:00,37.8689,138.9383,480.5,16.415625,99.39983375,proxy,1.4,417.0,232.4,285.0,99.39983375
2026-02-01T13:00,37.8689,138.9383,608.5,20.715625,123.78563375,proxy,1.7,486.0,402.9,258.0,123.78563375
2026-02-01T14:00,37.8689,138.9383,556.1,19.178125,113.81003575,proxy,1.8,445.0,384.0,248.0,113.81003575
2026-02-01T15:00,37.8689,138.9383,331.6,12.262500000000001,69.69900400000002,proxy,1.9,290.0,179.2,216.0,69.69900400000002
2026-02-01T16:00,37.8689,138.9383,144.7,6.921875,31.03272375,proxy,2.4,137.0,55.1,122.0,31.03272375
2026-02-01T17:00,37.8689,138.9383,58.1,3.615625,12.613945750000001,proxy,1.8,41.0,86.3,31.0,12.613945750000001
2026-02-02T08:00,37.8689,138.9383,38.6,2.60625,8.411519,proxy,1.4,37.0,16.1,35.0,8.411519
2026-02-02T09:00,37.8689,138.9383,102.3,4.596875,22.129791750000003,proxy,1.4,101.0,24.3,94.0,22.129791750000003
2026-02-02T10:00,37.8689,138.9383,304.7,11.121875,64.32293175000001,proxy,1.6,267.0,162.0,198.0,64.32293175000001
2026-02-02T11:00,37.8689,138.9383,392.1,13.953125,81.88518375000002,proxy,1.7,361.0,143.4,286.0,81.88518375000002
2026-02-02T12:00,37.8689,138.9383,628.5,21.640625,127.38909375,proxy,2.0,501.0,419.6,261.0,127.38909375
2026-02-02T13:00,37.8689,138.9383,509.8,18.03125,104.80213500000002,proxy,2.1,455.0,215.8,332.0,104.80213500000002
2026-02-02T14:00,37.8689,138.9383,461.7,16.628125,95.43223574999999,proxy,2.2,410.0,210.8,301.0,95.43223574999999
2026-02-02T15:00,37.8689,138.9383,338.1,12.565625,70.98324975,proxy,2.0,297.0,179.8,222.0,70.98324975
2026-02-02T16:00,37.8689,138.9383,178.6,6.78125,38.323095,proxy,1.2,170.0,65.1,152.0,38.323095
2026-02-02T17:00,37.8689,138.9383,60.4,3.7874999999999996,13.104988,proxy,1.9,52.0,50.9,46.0,13.104988
2026-02-03T08:00,37.8689,138.9383,101.8,5.18125,21.974038999999998,proxy,2.0,63.0,190.2,39.0,21.974038999999998
2026-02-03T09:00,37.8689,138.9383,209.8,8.756250000000001,44.68635100000001,proxy,2.2,161.0,209.3,100.0,44.68635100000001
2026-02-03T10:00,37.8689,138.9383,392.6,14.96875,81.67061500000001,proxy,2.7,327.0,260.6,215.0,81.67061500000001
2026-02-03T11:00,37.8689,138.9383,594.2,21.46875,120.51861500000001,proxy,2.9,474.0,415.7,255.0,120.51861500000001
2026-02-03T12:00,37.8689,138.9383,475.9,17.871875,97.89381975,proxy,3.0,427.0,196.2,314.0,97.89381975
2026-02-03T13:00,37.8689,138.9383,575.9,21.196875,116.93217575000001,proxy,3.2,458.0,390.1,234.0,116.93217575000001
2026-02-03T14:00,37.8689,138.9383,587.2,21.75,118.96672,proxy,3.4,459.0,439.2,230.0,118.96672
2026-02-03T15:00,37.8689,138.9383,399.7,15.890625,82.85281375,proxy,3.4,325.0,292.0,202.0,82.85281375
2026-02-03T16:00,37.8689,138.9383,165.2,8.5625,35.212379999999996,proxy,3.4,140.0,121.2,106.0,35.212379999999996
2026-02-03T17:00,37.8689,138.9383,45.0,4.60625,9.734175,proxy,3.2,36.0,50.0,30.0,9.734175
2026-02-04T08:00,37.8689,138.9383,112.4,4.7125,24.304252000000005,proxy,1.2,70.0,211.1,43.0,24.304252000000005
2026-02-04T09:00,37.8689,138.9383,234.2,8.91875,49.852983,proxy,1.6,185.0,216.9,121.0,49.852983
2026-02-04T10:00,37.8689,138.9383,455.6,16.6375,94.167964,proxy,2.4,350.0,392.2,180.0,94.167964
2026-02-04T11:00,37.8689,138.9383,573.0,21.60625,116.155695,proxy,3.7,446.0,433.3,216.0,116.155695
2026-02-04T12:00,37.8689,138.9383,545.8,21.256249999999998,110.794671,proxy,4.2,456.0,313.7,274.0,110.794671
2026-02-04T13:00,37.8689,138.9383,620.5,24.490625,124.35285375,proxy,5.1,483.0,449.4,223.0,124.35285375
2026-02-04T14:00,37.8689,138.9383,500.5,21.640625,101.44509375000001,proxy,6.0,389.0,382.3,188.0,101.44509375000001
2026-02-04T15:00,37.8689,138.9383,397.4,17.91875,81.73127099999999,proxy,5.5,296.0,373.8,137.0,81.73127099999999
2026-02-04T16:00,37.8689,138.9383,254.3,13.246875,53.25105575,proxy,5.3,182.0,305.8,95.0,53.25105575
2026-02-04T17:00,37.8689,138.9383,70.4,7.1000000000000005,15.088128000000003,proxy,4.9,52.0,98.3,40.0,15.088128000000003
2026-02-05T08:00,37.8689,138.9383,120.1,7.753125,25.67707975,proxy,4.0,67.0,262.1,33.0,25.67707975
2026-02-05T09:00,37.8689,138.9383,280.0,13.05,58.6768,proxy,4.3,203.0,324.9,106.0,58.6768
2026-02-05T10:00,37.8689,138.9383,494.1,20.640625,100.54317375000001,proxy,5.2,360.0,487.0,147.0,100.54317375000001
2026-02-05T11:00,37.8689,138.9383,527.0,22.66875,106.382855,proxy,6.2,407.0,409.5,188.0,106.382855
2026-02-05T12:00,37.8689,138.9383,536.3,23.559375,107.87808574999998,proxy,6.8,433.0,349.0,229.0,107.87808574999998
2026-02-05T13:00,37.8689,138.9383,609.1,26.634375,121.02360175000001,proxy,7.6,460.0,480.4,180.0,121.02360175000001
2026-02-05T14:00,37.8689,138.9383,432.5,21.115625,87.84399375,proxy,7.6,354.0,283.0,204.0,87.84399375
2026-02-05T15:00,37.8689,138.9383,397.3,20.115625,81.01244975,proxy,7.7,304.0,351.5,153.0,81.01244975
2026-02-05T16:00,37.8689,138.9383,232.7,14.071874999999999,48.57437975,proxy,6.8,165.0,287.7,82.0,48.57437975
2026-02-05T17:00,37.8689,138.9383,127.7,9.690625,27.104005750000006,proxy,5.7,66.0,306.2,28.0,27.104005750000006
2026-02-06T09:00,37.8689,138.9383,35.9,6.121875,7.7221797500000005,proxy,5.0,37.0,3.3,36.0,7.7221797500000005
2026-02-06T10:00,37.8689,138.9383,43.3,5.553125,9.33363975,proxy,4.2,45.0,2.3,44.0,9.33363975
2026-02-06T11:00,37.8689,138.9383,60.3,5.384375,13.006257750000001,proxy,3.5,63.0,1.9,62.0,13.006257750000001
2026-02-06T12:00,37.8689,138.9383,81.1,5.134375,17.508881749999997,proxy,2.6,85.0,1.7,84.0,17.508881749999997
2026-02-06T13:00,37.8689,138.9383,87.7,5.140625,18.933333750000003,proxy,2.4,92.0,1.7,91.0,18.933333750000003
2026-02-06T14:00,37.8689,138.9383,94.6,5.356249999999999,20.406639,proxy,2.4,100.0,0.0,100.0,20.406639
2026-02-06T15:00,37.8689,138.9383,64.4,4.2125,13.950972000000004,proxy,2.2,68.0,0.0,68.0,13.950972000000004
2026-02-06T16:00,37.8689,138.9383,50.2,3.7687500000000003,10.892647,proxy,2.2,53.0,0.0,53.0,10.892647
2026-02-07T08:00,37.8689,138.9383,44.5,0.590625,9.76897375,proxy,-0.8,47.0,0.0,47.0,9.76897375
2026-02-07T09:00,37.8689,138.9383,137.6,3.5,29.88672,proxy,-0.8,138.0,26.2,130.0,29.88672
2026-02-07T10:00,37.8689,138.9383,209.5,5.846875,45.11006375,proxy,-0.7,211.0,31.4,197.0,45.11006375
2026-02-07T11:00,37.8689,138.9383,300.6,8.89375,63.993231,proxy,-0.5,295.0,62.6,261.0,63.993231
2026-02-07T12:00,37.8689,138.9383,340.7,10.446875,72.10659975,proxy,-0.2,337.0,60.7,301.0,72.10659975
2026-02-07T13:00,37.8689,138.9383,313.2,9.6875,66.47670000000001,proxy,-0.1,315.0,42.3,290.0,66.47670000000001
2026-02-07T14:00,37.8689,138.9383,244.8,7.65,52.357824,proxy,0.0,254.0,13.0,247.0,52.357824
2026-02-07T15:00,37.8689,138.9383,263.8,8.34375,56.275135,proxy,0.1,252.0,82.2,216.0,56.275135
2026-02-07T16:00,37.8689,138.9383,187.0,5.84375,40.265775,proxy,0.0,163.0,124.7,126.0,40.265775
2026-02-07T17:00,37.8689,138.9383,96.8,2.925,21.069488,proxy,-0.1,68.0,155.9,48.0,21.069488
2026-02-08T08:00,37.8689,138.9383,57.7,0.703125,12.661543750000002,proxy,-1.1,53.0,36.2,48.0,12.661543750000002
2026-02-08T09:00,37.8689,138.9383,126.2,3.14375,27.446607000000004,proxy,-0.8,118.0,54.9,101.0,27.446607000000004
2026-02-08T10:00,37.8689,138.9383,199.8,5.54375,43.06988700000001,proxy,-0.7,190.0,64.6,161.0,43.06988700000001
2026-02-08T11:00,37.8689,138.9383,374.1,11.490625000000001,78.86308575000001,proxy,-0.2,342.0,148.0,261.0,78.86308575000001
2026-02-08T12:00,37.8689,138.9383,457.2,13.987499999999999,95.46793199999999,proxy,-0.3,391.0,244.4,245.0,95.46793199999999
2026-02-08T13:00,37.8689,138.9383,404.8,12.450000000000001,85.02419200000001,proxy,-0.2,376.0,137.6,294.0,85.02419200000001
2026-02-08T14:00,37.8689,138.9383,330.8,9.7375,70.19906800000001,proxy,-0.6,310.0,110.5,250.0,70.19906800000001
2026-02-08T15:00,37.8689,138.9383,211.5,5.309375,45.631653750000005,proxy,-1.3,192.0,97.2,149.0,45.631653750000005
2026-02-08T16:00,37.8689,138.9383,193.1,4.734375,41.750633750000006,proxy,-1.3,183.0,76.5,160.0,41.750633750000006
2026-02-08T17:00,37.8689,138.9383,71.6,0.8374999999999999,15.704028,proxy,-1.4,64.0,53.7,57.0,15.704028
2026-02-09T08:00,37.8689,138.9383,147.4,4.5062500000000005,31.896623,proxy,-0.1,91.0,296.2,49.0,31.896623
2026-02-09T09:00,37.8689,138.9383,146.6,4.88125,31.679527000000004,proxy,0.3,116.0,140.4,72.0,31.679527000000004
2026-02-09T10:00,37.8689,138.9383,299.4,9.956249999999999,63.483279,proxy,0.6,247.0,214.0,150.0,63.483279
2026-02-09T11:00,37.8689,138.9383,573.3,19.415625,117.22121774999998,proxy,1.5,454.0,424.3,220.0,117.22121774999998
2026-02-09T12:00,37.8689,138.9383,573.9,19.934375,117.10572975000001,proxy,2.0,470.0,364.0,251.0,117.10572975000001
2026-02-09T13:00,37.8689,138.9383,555.0,19.84375,113.28937499999999,proxy,2.5,463.0,329.9,265.0,113.28937499999999
2026-02-09T14:00,37.8689,138.9383,332.5,13.190625,69.64129375,proxy,2.8,313.0,107.8,254.0,69.64129375
2026-02-09T15:00,37.8689,138.9383,315.4,12.956249999999999,66.118879,proxy,3.1,293.0,125.4,237.0,66.118879
2026-02-09T16:00,37.8689,138.9383,132.2,7.4312499999999995,28.298071,proxy,3.3,120.0,72.2,98.0,28.298071
2026-02-09T17:00,37.8689,138.9383,39.5,4.834375,8.53723375,proxy,3.6,32.0,45.3,26.0,8.53723375
2026-02-10T08:00,37.8689,138.9383,188.5,7.090625,40.40073375,proxy,1.2,107.0,426.4,45.0,40.40073375
2026-02-10T09:00,37.8689,138.9383,455.3,16.628125,94.10937175,proxy,2.4,296.0,674.3,82.0,94.10937175
2026-02-10T10:00,37.8689,138.9383,662.0,24.4875,132.67142,proxy,3.8,458.0,750.0,115.0,132.67142
2026-02-10T11:00,37.8689,138.9383,784.6,29.01875,154.39751100000004,proxy,4.5,568.0,734.1,160.0,154.39751100000004
2026-02-10T12:00,37.8689,138.9383,687.9,28.796875,135.49050375000002,proxy,7.3,559.0,450.5,286.0,135.49050375000002
2026-02-10T13:00,37.8689,138.9383,834.0,34.1625,160.68678000000003,proxy,8.1,613.0,721.1,177.0,160.68678000000003
2026-02-10T14:00,37.8689,138.9383,689.5,29.946875,135.17130375000002,proxy,8.4,515.0,603.6,182.0,135.17130375000002
2026-02-10T15:00,37.8689,138.9383,445.8,22.33125,90.11178300000002,proxy,8.4,362.0,341.7,208.0,90.11178300000002
2026-02-10T16:00,37.8689,138.9383,255.3,15.878125,52.923051750000006,proxy,7.9,211.0,217.0,144.0,52.923051750000006
2026-02-10T17:00,37.8689,138.9383,79.1,8.171875,16.88488375,proxy,5.7,68.0,73.8,58.0,16.88488375
2026-02-11T09:00,37.8689,138.9383,33.1,5.1343749999999995,7.146041750000001,proxy,4.1,35.0,0.0,35.0,7.146041750000001
2026-02-11T10:00,37.8689,138.9383,71.9,6.746875,15.429919750000002,proxy,4.5,76.0,0.0,76.0,15.429919750000002
2026-02-11T11:00,37.8689,138.9383,119.8,8.14375,25.575503,proxy,4.4,126.0,1.8,125.0,25.575503
2026-02-11T12:00,37.8689,138.9383,153.3,9.490625000000001,32.562069750000006,proxy,4.7,162.0,0.0,162.0,32.562069750000006
2026-02-11T13:00,37.8689,138.9383,195.0,10.99375,41.184975,proxy,4.9,200.0,16.4,190.0,41.184975
2026-02-11T14:00,37.8689,138.9383,187.1,11.146875,39.49353575000001,proxy,5.3,173.0,70.1,134.0,39.49353575000001
2026-02-11T15:00,37.8689,138.9383,245.6,13.774999999999999,51.325488,proxy,6.1,208.0,162.7,134.0,51.325488
2026-02-11T16:00,37.8689,138.9383,85.5,8.471875,18.230523750000003,proxy,5.8,74.0,60.7,55.0,18.230523750000003
2026-02-11T17:00,37.8689,138.9383,52.1,7.2281249999999995,11.160731750000002,proxy,5.6,37.0,86.2,25.0,11.160731750000002
2026-02-12T08:00,37.8689,138.9383,104.5,6.765625,22.424393750000004,proxy,3.5,73.0,176.7,46.0,22.424393750000004
2026-02-12T09:00,37.8689,138.9383,285.2,13.6125,59.638172,proxy,4.7,215.0,319.7,111.0,59.638172
2026-02-12T10:00,37.8689,138.9383,459.9,20.071875,93.79315575000001,proxy,5.7,355.0,412.3,163.0,93.79315575000001
2026-02-12T11:00,37.8689,138.9383,614.1,25.690625,122.48070975,proxy,6.5,474.0,497.8,193.0,122.48070975
2026-02-12T12:00,37.8689,138.9383,465.3,21.440625,94.38494175,proxy,6.9,397.0,257.0,239.0,94.38494175
2026-02-12T13:00,37.8689,138.9383,510.8,23.3625,102.82914800000002,proxy,7.4,427.0,306.5,239.0,102.82914800000002
2026-02-12T14:00,37.8689,138.9383,521.2,23.587500000000002,104.828956,proxy,7.3,421.0,371.2,213.0,104.828956
2026-02-12T15:00,37.8689,138.9383,363.5,18.459375,74.60201375000001,proxy,7.1,295.0,283.1,165.0,74.60201375000001
2026-02-12T16:00,37.8689,138.9383,234.1,14.515625,48.78351375,proxy,7.2,176.0,268.3,91.0,48.78351375
2026-02-12T17:00,37.8689,138.9383,53.4,8.36875,11.390486999999998,proxy,6.7,42.0,69.9,32.0,11.390486999999998
2026-02-13T08:00,37.8689,138.9383,126.2,7.84375,26.972095,proxy,3.9,80.0,255.3,40.0,26.972095
2026-02-13T09:00,37.8689,138.9383,355.2,15.8,73.654272,proxy,4.7,247.0,479.7,89.0,73.654272
2026-02-13T10:00,37.8689,138.9383,563.0,23.39375,113.323455,proxy,5.8,399.0,621.3,107.0,113.323455
2026-02-13T11:00,37.8689,138.9383,676.3,28.234375,133.51007374999998,proxy,7.1,498.0,620.5,145.0,133.51007374999998
2026-02-13T12:00,37.8689,138.9383,736.0,30.8,143.78496,proxy,7.8,556.0,605.5,181.0,143.78496
2026-02-13T13:00,37.8689,138.9383,618.7,27.634375000000002,122.43608975000001,proxy,8.3,494.0,436.9,224.0,122.43608975000001
2026-02-13T14:00,37.8689,138.9383,547.4,25.50625,109.258303,proxy,8.4,434.0,416.1,199.0,109.258303
2026-02-13T15:00,37.8689,138.9383,379.4,19.956249999999997,77.410879,proxy,8.1,289.0,358.2,123.0,77.410879
2026-02-13T16:00,37.8689,138.9383,81.8,10.55625,17.305198999999998,proxy,8.0,79.0,28.1,70.0,17.305198999999998
2026-02-13T17:00,37.8689,138.9383,76.3,10.084375,16.17044975,proxy,7.7,50.0,149.9,28.0,16.17044975
2026-02-14T08:00,37.8689,138.9383,180.1,10.928125,38.047475750000004,proxy,5.3,108.0,398.4,44.0,38.047475750000004
2026-02-14T09:00,37.8689,138.9383,426.8,20.5375,86.88367600000001,proxy,7.2,284.0,629.5,74.0,86.88367600000001
2026-02-14T10:00,37.8689,138.9383,624.1,28.503125,123.07095975000001,proxy,9.0,445.0,685.1,120.0,123.07095975000001
2026-02-14T11:00,37.8689,138.9383,842.6,37.43125,160.140343,proxy,11.1,594.0,854.6,104.0,160.140343
2026-02-14T12:00,37.8689,138.9383,898.0,40.2625,168.63542,proxy,12.2,638.0,854.3,105.0,168.63542
2026-02-14T13:00,37.8689,138.9383,866.1,40.065625,162.78132975000003,proxy,13.0,624.0,801.7,125.0,162.78132975000003
2026-02-14T14:00,37.8689,138.9383,732.8,36.5,139.81824,proxy,13.6,535.0,694.0,140.0,139.81824
2026-02-14T15:00,37.8689,138.9383,528.8,29.825,103.71883199999999,proxy,13.3,401.0,508.9,163.0,103.71883199999999
2026-02-14T16:00,37.8689,138.9383,238.1,19.340625,48.697997750000006,proxy,11.9,209.0,163.1,156.0,48.697997750000006
2026-02-14T17:00,37.8689,138.9383,76.4,11.587499999999999,16.099772,proxy,9.2,70.0,53.1,62.0,16.099772
2026-02-15T08:00,37.8689,138.9383,203.2,9.95,43.086528,proxy,3.6,118.0,473.6,40.0,43.086528
2026-02-15T09:00,37.8689,138.9383,415.8,19.59375,84.958335,proxy,6.6,276.0,621.5,66.0,84.958335
2026-02-15T10:00,37.8689,138.9383,532.6,26.64375,105.81963100000002,proxy,10.0,383.0,578.5,106.0,105.81963100000002
2026-02-15T11:00,37.8689,138.9383,623.3,31.978125,121.18042774999999,proxy,12.5,459.0,579.6,124.0,121.18042774999999
2026-02-15T12:00,37.8689,138.9383,709.6,35.975,135.68971200000001,proxy,13.8,530.0,607.8,148.0,135.68971200000001
2026-02-15T13:00,37.8689,138.9383,597.5,33.271875,115.54604375,proxy,14.6,442.0,524.7,113.0,115.54604375
2026-02-15T14:00,37.8689,138.9383,622.2,34.34375,119.789055,proxy,14.9,473.0,538.7,164.0,119.789055
2026-02-15T15:00,37.8689,138.9383,429.0,28.40625,84.630975,proxy,15.0,323.0,423.8,123.0,84.630975
2026-02-15T16:00,37.8689,138.9383,384.1,26.903125000000003,76.23520775,proxy,14.9,258.0,571.5,70.0,76.23520775
2026-02-15T17:00,37.8689,138.9383,181.8,18.68125,37.278999000000006,proxy,13.0,107.0,427.6,41.0,37.278999000000006
2026-02-16T08:00,37.8689,138.9383,145.1,10.534375,30.699169749999996,proxy,6.0,90.0,313.8,37.0,30.699169749999996
2026-02-16T09:00,37.8689,138.9383,194.2,12.16875,40.83346300000001,proxy,6.1,155.0,192.8,89.0,40.83346300000001
2026-02-16T10:00,37.8689,138.9383,387.8,18.41875,79.601767,proxy,6.3,295.0,372.4,115.0,79.601767
2026-02-16T11:00,37.8689,138.9383,497.9,21.959375,100.79114175000001,proxy,6.4,387.0,406.8,150.0,100.79114175000001
2026-02-16T12:00,37.8689,138.9383,562.0,23.9625,112.86646000000002,proxy,6.4,452.0,394.9,202.0,112.86646000000002
2026-02-16T13:00,37.8689,138.9383,339.0,16.29375,70.161135,proxy,5.7,281.0,215.3,145.0,70.161135
2026-02-16T14:00,37.8689,138.9383,345.8,16.20625,71.59270300000001,proxy,5.4,286.0,233.5,151.0,71.59270300000001
2026-02-16T15:00,37.8689,138.9383,98.7,7.984375,21.08355375,proxy,4.9,103.0,4.2,101.0,21.08355375
2026-02-16T16:00,37.8689,138.9383,197.6,10.774999999999999,41.768688000000004,proxy,4.6,158.0,198.2,92.0,41.768688000000004
2026-02-16T17:00,37.8689,138.9383,95.6,7.1875,20.482300000000002,proxy,4.2,70.0,158.0,45.0,20.482300000000002
2026-02-17T08:00,37.8689,138.9383,110.0,6.1375,23.6599,proxy,2.7,84.0,161.7,56.0,23.6599
2026-02-17T09:00,37.8689,138.9383,251.7,11.065625,53.14582575,proxy,3.2,199.0,259.6,109.0,53.14582575
2026-02-17T10:00,37.8689,138.9383,372.6,15.64375,77.30891100000001,proxy,4.0,316.0,254.1,192.0,77.30891100000001
2026-02-17T11:00,37.8689,138.9383,511.1,20.771875,103.94879575,proxy,4.8,440.0,294.6,267.0,103.94879575
2026-02-17T12:00,37.8689,138.9383,444.2,19.08125,90.943287,proxy,5.2,410.0,166.2,304.0,90.943287
2026-02-17T13:00,37.8689,138.9383,490.0,21.0125,99.56309999999999,proxy,5.7,436.0,229.5,290.0,99.56309999999999
2026-02-17T14:00,37.8689,138.9383,554.3,23.321875,111.60414774999998,proxy,6.0,460.0,372.5,243.0,111.60414774999998
2026-02-17T15:00,37.8689,138.9383,351.2,17.175,72.43851199999999,proxy,6.2,317.0,179.0,231.0,72.43851199999999
2026-02-17T16:00,37.8689,138.9383,424.3,19.559375,86.70676575,proxy,6.3,295.0,605.2,91.0,86.70676575
2026-02-17T17:00,37.8689,138.9383,181.5,11.071875,38.32236375000001,proxy,5.4,114.0,401.2,49.0,38.32236375000001
2026-02-18T08:00,37.8689,138.9383,178.7,7.484375,38.24403375,proxy,1.9,118.0,360.6,54.0,38.24403375
2026-02-18T09:00,37.8689,138.9383,454.4,18.6,93.206528,proxy,4.4,310.0,666.2,76.0,93.206528
2026-02-18T10:00,37.8689,138.9383,656.7,26.821875000000002,130.38285975,proxy,6.3,474.0,724.7,117.0,130.38285975
2026-02-18T11:00,37.8689,138.9383,853.2,34.6625,164.04476400000001,proxy,8.0,615.0,849.7,112.0,164.04476400000001
2026-02-18T12:00,37.8689,138.9383,923.4,38.05625,175.035087,proxy,9.2,674.0,851.3,127.0,175.035087
2026-02-18T13:00,37.8689,138.9383,844.4,36.5875,161.052412,proxy,10.2,619.0,772.4,124.0,161.052412
2026-02-18T14:00,37.8689,138.9383,802.1,35.365625,153.76858575000003,proxy,10.3,581.0,795.4,114.0,153.76858575000003
2026-02-18T15:00,37.8689,138.9383,546.2,24.56875,109.42843900000001,proxy,7.5,399.0,594.0,111.0,109.42843900000001
2026-02-18T16:00,37.8689,138.9383,176.5,10.815625,37.302833750000005,proxy,5.3,149.0,149.5,98.0,37.302833750000005
2026-02-18T17:00,37.8689,138.9383,34.4,4.975,7.431088,proxy,3.9,34.0,12.1,32.0,7.431088
2026-02-19T08:00,37.8689,138.9383,55.5,3.734375,12.044193750000002,proxy,2.0,49.0,49.5,40.0,12.044193750000002
2026-02-19T09:00,37.8689,138.9383,142.7,6.659375,30.63376575,proxy,2.2,133.0,70.3,108.0,30.63376575
2026-02-19T10:00,37.8689,138.9383,188.1,8.378125,40.12125975,proxy,2.5,186.0,42.2,165.0,40.12125975
2026-02-19T11:00,37.8689,138.9383,194.5,8.878125,41.408563750000006,proxy,2.8,192.0,40.2,168.0,41.408563750000006
2026-02-19T12:00,37.8689,138.9383,390.2,15.59375,80.97625500000001,proxy,3.4,334.0,222.5,190.0,80.97625500000001
2026-02-19T13:00,37.8689,138.9383,278.8,12.412500000000001,58.567516,proxy,3.7,263.0,89.8,205.0,58.567516
2026-02-19T14:00,37.8689,138.9383,205.6,10.225,43.550192,proxy,3.8,206.0,33.8,186.0,43.550192
2026-02-19T15:00,37.8689,138.9383,176.7,9.521875,37.527987749999994,proxy,4.0,177.0,32.7,161.0,37.527987749999994
2026-02-19T16:00,37.8689,138.9383,143.3,8.578125,30.54260375,proxy,4.1,122.0,118.8,81.0,30.54260375
2026-02-19T17:00,37.8689,138.9383,74.9,6.340625,16.09806975,proxy,4.0,57.0,117.9,37.0,16.09806975
2026-02-20T08:00,37.8689,138.9383,237.2,7.6125,50.739452,proxy,0.2,147.0,542.0,46.0,50.739452
2026-02-20T09:00,37.8689,138.9383,503.4,17.93125,103.52672700000001,proxy,2.2,343.0,754.5,71.0,103.52672700000001
2026-02-20T10:00,37.8689,138.9383,732.7,26.796875,145.48674375000002,proxy,3.9,518.0,858.4,87.0,145.48674375000002
2026-02-20T11:00,37.8689,138.9383,891.3,33.653124999999996,172.08997575,proxy,5.8,643.0,899.3,102.0,172.08997575
2026-02-20T12:00,37.8689,138.9383,980.8,37.85,186.077376,proxy,7.2,710.0,933.9,101.0,186.077376
2026-02-20T13:00,37.8689,138.9383,958.3,37.846875,181.81107175,proxy,7.9,693.0,916.6,97.0,181.81107175
2026-02-20T14:00,37.8689,138.9383,895.1,36.971875,170.44717975,proxy,9.0,642.0,920.9,93.0,170.44717975
2026-02-20T15:00,37.8689,138.9383,729.9,32.209375,141.77030175,proxy,9.4,514.0,873.3,83.0,141.77030175
2026-02-20T16:00,37.8689,138.9383,492.9,24.203125,98.89422375,proxy,8.8,334.0,761.5,68.0,98.89422375
2026-02-20T17:00,37.8689,138.9383,230.6,12.90625,48.35105500000001,proxy,5.7,140.0,559.3,43.0,48.35105500000001
2026-02-21T08:00,37.8689,138.9383,200.7,8.771875,42.74558775,proxy,2.5,132.0,424.3,51.0,42.74558775
2026-02-21T09:00,37.8689,138.9383,440.7,18.671875,90.37104375000001,proxy,4.9,309.0,632.5,78.0,90.37104375000001
2026-02-21T10:00,37.8689,138.9383,620.7,27.396875,122.94980775000002,proxy,8.0,458.0,668.8,119.0,122.94980775000002
2026-02-21T11:00,37.8689,138.9383,842.2,36.618750000000006,160.61175100000003,proxy,10.3,618.0,824.5,118.0,160.61175100000003
2026-02-21T12:00,37.8689,138.9383,887.4,39.83125,166.95099900000002,proxy,12.1,662.0,794.7,140.0,166.95099900000002
2026-02-21T13:00,37.8689,138.9383,896.8,41.025,167.863024,proxy,13.0,668.0,807.7,139.0,167.863024
2026-02-21T14:00,37.8689,138.9383,799.7,38.490625,151.30923775000002,proxy,13.5,596.0,760.8,139.0,151.30923775000002
2026-02-21T15:00,37.8689,138.9383,534.1,30.190625,104.60214975000001,proxy,13.5,416.0,508.2,163.0,104.60214975000001
2026-02-21T16:00,37.8689,138.9383,489.8,27.70625,96.899583,proxy,12.4,335.0,752.7,69.0,96.899583
2026-02-21T17:00,37.8689,138.9383,224.1,16.803125,46.28953575,proxy,9.8,139.0,536.0,44.0,46.28953575
2026-02-22T07:00,37.8689,138.9383,22.0,1.2875,4.817340000000001,proxy,0.6,13.0,71.2,8.0,4.817340000000001
2026-02-22T08:00,37.8689,138.9383,178.7,8.484375,38.10107375,proxy,2.9,126.0,337.6,60.0,38.10107375
2026-02-22T09:00,37.8689,138.9383,437.1,20.559375000000003,88.97279775000001,proxy,6.9,320.0,578.5,106.0,88.97279775000001
2026-02-22T10:00,37.8689,138.9383,701.1,32.309375,136.12031775,proxy,10.4,503.0,810.9,88.0,136.12031775
2026-02-22T11:00,37.8689,138.9383,887.5,41.234375,165.97359375,proxy,13.5,645.0,894.9,98.0,165.97359375
2026-02-22T12:00,37.8689,138.9383,968.5,46.465625,177.06843375000003,proxy,16.2,709.0,912.8,105.0,177.06843375000003
2026-02-22T13:00,37.8689,138.9383,960.9,47.828125,174.63156375,proxy,17.8,705.0,903.5,109.0,174.63156375
2026-02-22T14:00,37.8689,138.9383,871.4,45.83125,159.758119,proxy,18.6,636.0,877.4,105.0,159.758119
2026-02-22T15:00,37.8689,138.9383,714.1,41.615625,133.32782575000002,proxy,19.3,511.0,842.4,88.0,133.32782575000002
2026-02-22T16:00,37.8689,138.9383,489.3,32.990625,94.73214975000002,proxy,17.7,338.0,747.0,71.0,94.73214975000002
2026-02-22T17:00,37.8689,138.9383,226.4,21.675,45.88222400000001,proxy,14.6,142.0,541.4,44.0,45.88222400000001
2026-02-23T08:00,37.8689,138.9383,47.3,10.878125,9.994371749999999,proxy,9.4,39.0,60.0,27.0,9.994371749999999
2026-02-23T09:00,37.8689,138.9383,139.9,13.371875,29.28141975,proxy,9.0,118.0,122.8,72.0,29.28141975
2026-02-23T10:00,37.8689,138.9383,386.1,21.065625,78.43524975000001,proxy,9.0,305.0,354.2,122.0,78.43524975000001
2026-02-23T11:00,37.8689,138.9383,456.7,23.071875,92.04445975,proxy,8.8,383.0,306.7,194.0,92.04445975
2026-02-23T12:00,37.8689,138.9383,379.0,20.14375,77.272415,proxy,8.3,321.0,232.6,166.0,77.272415
2026-02-23T13:00,37.8689,138.9383,428.7,21.596874999999997,86.90713575000001,proxy,8.2,357.0,281.5,170.0,86.90713575000001
2026-02-23T14:00,37.8689,138.9383,383.9,20.296875,78.22442375,proxy,8.3,327.0,244.4,178.0,78.22442375
2026-02-23T15:00,37.8689,138.9383,272.3,16.509375,56.30959775,proxy,8.0,230.0,201.4,128.0,56.30959775
2026-02-23T16:00,37.8689,138.9383,102.4,11.0,21.626880000000007,proxy,7.8,99.0,38.7,85.0,21.626880000000007
2026-02-23T17:00,37.8689,138.9383,37.8,8.88125,8.047431,proxy,7.7,38.0,10.8,36.0,8.047431
2026-02-24T07:00,37.8689,138.9383,20.9,3.653125,4.536919749999999,proxy,3.0,13.0,66.7,8.0,4.536919749999999
2026-02-24T08:00,37.8689,138.9383,190.3,10.146875000000001,40.321239750000004,proxy,4.2,134.0,371.0,58.0,40.321239750000004
2026-02-24T09:00,37.8689,138.9383,398.8,18.8625,81.71810800000002,proxy,6.4,295.0,526.9,95.0,81.71810800000002
2026-02-24T10:00,37.8689,138.9383,612.7,29.446875000000002,120.36031975000003,proxy,10.3,454.0,671.1,104.0,120.36031975000003
2026-02-24T11:00,37.8689,138.9383,773.6,34.375,148.91800000000003,proxy,10.2,583.0,727.8,131.0,148.91800000000003
2026-02-24T12:00,37.8689,138.9383,883.2,39.2,166.606848,proxy,11.6,671.0,773.1,152.0,166.606848
2026-02-24T13:00,37.8689,138.9383,878.5,40.053125,165.12066375,proxy,12.6,674.0,751.9,171.0,165.12066375
2026-02-24T14:00,37.8689,138.9383,621.1,32.509375,120.48874175000002,proxy,13.1,517.0,436.3,249.0,120.48874175000002
2026-02-24T15:00,37.8689,138.9383,474.4,28.025,93.73195199999999,proxy,13.2,403.0,346.6,226.0,93.73195199999999
2026-02-24T16:00,37.8689,138.9383,285.5,20.921875,58.03144375,proxy,12.0,246.0,238.0,159.0,58.03144375
2026-02-24T17:00,37.8689,138.9383,104.9,13.478124999999999,21.946915750000006,proxy,10.2,97.0,79.5,82.0,21.946915750000006
2026-02-25T09:00,37.8689,138.9383,76.9,9.103125,16.35797575,proxy,6.7,80.0,5.2,78.0,16.35797575
2026-02-25T10:00,37.8689,138.9383,65.3,9.240625,13.883269750000002,proxy,7.2,69.0,0.0,69.0,13.883269750000002
2026-02-25T11:00,37.8689,138.9383,91.8,10.26875,19.441862999999998,proxy,7.4,97.0,0.0,97.0,19.441862999999998
2026-02-25T12:00,37.8689,138.9383,127.8,11.39375,26.951103,proxy,7.4,135.0,0.0,135.0,26.951103
2026-02-25T13:00,37.8689,138.9383,195.0,14.29375,40.67017500000001,proxy,8.2,204.0,5.9,200.0,40.67017500000001
2026-02-25T14:00,37.8689,138.9383,182.2,14.29375,38.000543,proxy,8.6,191.0,4.8,188.0,38.000543
2026-02-25T15:00,37.8689,138.9383,212.6,15.34375,44.162335,proxy,8.7,223.0,5.8,220.0,44.162335
2026-02-25T16:00,37.8689,138.9383,70.0,10.7875,14.795900000000001,proxy,8.6,74.0,0.0,74.0,14.795900000000001
2026-02-25T17:00,37.8689,138.9383,47.9,9.796875,10.16258375,proxy,8.3,48.0,15.6,45.0,10.16258375
2026-02-26T07:00,37.8689,138.9383,31.8,5.79375,6.8486069999999994,proxy,4.8,19.0,112.9,10.0,6.8486069999999994
2026-02-26T08:00,37.8689,138.9383,235.0,13.84375,49.097375,proxy,6.5,160.0,503.9,52.0,49.097375
2026-02-26T09:00,37.8689,138.9383,477.1,23.609375,95.95077375000001,proxy,8.7,348.0,665.3,89.0,95.95077375000001
2026-02-26T10:00,37.8689,138.9383,687.0,32.06875,133.515015,proxy,10.6,513.0,752.8,113.0,133.515015
2026-02-26T11:00,37.8689,138.9383,869.9,38.984375,164.24799375000003,proxy,11.8,646.0,862.4,102.0,164.24799375000003
2026-02-26T12:00,37.8689,138.9383,992.1,44.003125,183.33759975,proxy,13.0,736.0,935.4,99.0,183.33759975
2026-02-26T13:00,37.8689,138.9383,971.1,44.046875,179.42286375000003,proxy,13.7,722.0,914.0,102.0,179.42286375000003
2026-02-26T14:00,37.8689,138.9383,868.5,41.240625,162.41601375000002,proxy,14.1,646.0,866.5,106.0,162.41601375000002
2026-02-26T15:00,37.8689,138.9383,707.8,36.51875,135.037623,proxy,14.4,520.0,820.5,94.0,135.037623
2026-02-26T16:00,37.8689,138.9383,404.7,26.546875,80.43918375,proxy,13.9,297.0,572.9,83.0,80.43918375
2026-02-26T17:00,37.8689,138.9383,221.8,19.33125,45.365863000000004,proxy,12.4,149.0,510.0,49.0,45.365863000000004
2026-02-27T08:00,37.8689,138.9383,96.2,8.00625,20.547839,proxy,5.0,93.0,50.2,82.0,20.547839
2026-02-27T09:00,37.8689,138.9383,191.7,12.490625,40.25843774999999,proxy,6.5,189.0,58.4,166.0,40.25843774999999
2026-02-27T10:00,37.8689,138.9383,306.6,17.88125,63.06608700000001,proxy,8.3,302.0,78.3,260.0,63.06608700000001
2026-02-27T11:00,37.8689,138.9383,552.2,28.056250000000002,109.089871,proxy,10.8,495.0,281.6,316.0,109.089871
2026-02-27T12:00,37.8689,138.9383,668.7,33.696875000000006,129.08751975,proxy,12.8,566.0,424.3,275.0,129.08751975
2026-02-27T13:00,37.8689,138.9383,673.2,35.1375,129.180348,proxy,14.1,577.0,407.0,299.0,129.180348
2026-02-27T14:00,37.8689,138.9383,618.1,33.615625,119.35974575,proxy,14.3,516.0,441.3,239.0,119.35974575
2026-02-27T15:00,37.8689,138.9383,424.6,26.668750000000003,84.35315900000002,proxy,13.4,384.0,235.0,261.0,84.35315900000002
2026-02-27T16:00,37.8689,138.9383,156.7,17.396875,32.29312775,proxy,12.5,159.0,29.1,148.0,32.29312775
2026-02-27T17:00,37.8689,138.9383,73.3,14.490625,15.276269749999999,proxy,12.2,75.0,15.0,72.0,15.276269749999999
2026-02-28T08:00,37.8689,138.9383,21.8,8.88125,4.641111,proxy,8.2,23.0,0.0,23.0,4.641111
2026-02-28T09:00,37.8689,138.9383,64.1,11.303125000000001,13.52237575,proxy,9.3,66.0,7.5,63.0,13.52237575
2026-02-28T10:00,37.8689,138.9383,140.8,14.4,29.353984000000004,proxy,10.0,136.0,46.2,111.0,29.353984000000004
2026-02-28T11:00,37.8689,138.9383,194.3,16.671875,40.15452375000001,proxy,10.6,181.0,78.1,131.0,40.15452375000001
2026-02-28T12:00,37.8689,138.9383,161.5,15.646875,33.508423750000006,proxy,10.6,155.0,47.8,122.0,33.508423750000006
2026-02-28T13:00,37.8689,138.9383,139.7,14.565624999999999,29.106145749999996,proxy,10.2,139.0,26.2,121.0,29.106145749999996
2026-02-28T14:00,37.8689,138.9383,153.9,14.809375,32.03466975,proxy,10.0,146.0,53.8,112.0,32.03466975
2026-02-28T15:00,37.8689,138.9383,108.9,13.103124999999999,22.816455750000003,proxy,9.7,113.0,7.6,109.0,22.816455750000003
2026-02-28T16:00,37.8689,138.9383,58.7,11.134375,12.391129750000001,proxy,9.3,55.0,31.5,43.0,12.391129750000001
2026-02-28T17:00,37.8689,138.9383,26.3,9.821875,5.57934775,proxy,9.0,27.0,4.9,26.0,5.57934775
2026-03-01T08:00,37.8689,138.9383,59.8,8.66875,12.741287000000002,proxy,6.8,61.0,13.1,58.0,12.741287000000002
2026-03-01T09:00,37.8689,138.9383,186.2,13.21875,38.994935000000005,proxy,7.4,176.0,91.6,139.0,38.994935000000005
2026-03-01T10:00,37.8689,138.9383,259.4,16.00625,53.746383,proxy,7.9,255.0,69.6,217.0,53.746383
2026-03-01T11:00,37.8689,138.9383,308.2,17.831249999999997,63.407527,proxy,8.2,284.0,134.8,197.0,63.407527
2026-03-01T12:00,37.8689,138.9383,329.4,18.99375,67.462767,proxy,8.7,326.0,67.6,279.0,67.462767
2026-03-01T13:00,37.8689,138.9383,549.7,26.278125000000003,109.37793175000002,proxy,9.1,488.0,286.0,290.0,109.37793175000002
2026-03-01T14:00,37.8689,138.9383,486.7,24.509375,97.53102975000002,proxy,9.3,438.0,249.8,279.0,97.53102975000002
2026-03-01T15:00,37.8689,138.9383,481.4,24.24375,96.571247,proxy,9.2,409.0,370.5,212.0,96.571247
2026-03-01T16:00,37.8689,138.9383,431.0,22.16875,87.176215,proxy,8.7,327.0,586.5,101.0,87.176215
2026-03-01T17:00,37.8689,138.9383,178.1,13.665624999999999,37.23492175,proxy,8.1,137.0,323.4,70.0,37.23492175
2026-03-02T07:00,37.8689,138.9383,22.6,3.0062499999999996,4.9176470000000005,proxy,2.3,20.0,33.5,17.0,4.9176470000000005
2026-03-02T08:00,37.8689,138.9383,120.7,7.271875,25.851827749999998,proxy,3.5,117.0,64.2,102.0,25.851827749999998
2026-03-02T09:00,37.8689,138.9383,336.5,16.015625,69.71859375,proxy,5.5,292.0,283.7,176.0,69.71859375
2026-03-02T10:00,37.8689,138.9383,564.8,24.549999999999997,113.16332799999999,proxy,6.9,461.0,499.1,186.0,113.16332799999999
2026-03-02T11:00,37.8689,138.9383,685.4,29.31875,134.71194300000002,proxy,7.9,551.0,565.9,183.0,134.71194300000002
2026-03-02T12:00,37.8689,138.9383,825.9,34.609375,158.83089375,proxy,8.8,666.0,640.0,218.0,158.83089375
2026-03-02T13:00,37.8689,138.9383,955.0,39.14375,180.194175,proxy,9.3,733.0,858.3,135.0,180.194175
2026-03-02T14:00,37.8689,138.9383,835.0,35.79375,159.78977500000002,proxy,9.7,646.0,781.9,145.0,159.78977500000002
2026-03-02T15:00,37.8689,138.9383,559.4,26.98125,110.993351,proxy,9.5,461.0,488.9,199.0,110.993351
2026-03-02T16:00,37.8689,138.9383,349.8,20.231250000000003,71.294487,proxy,9.3,292.0,359.7,152.0,71.294487
2026-03-02T17:00,37.8689,138.9383,141.0,12.90625,29.564175000000006,proxy,8.5,124.0,161.3,90.0,29.564175000000006
2026-03-03T08:00,37.8689,138.9383,74.5,9.128125,15.84596375,proxy,6.8,78.0,4.2,77.0,15.84596375
2026-03-03T09:00,37.8689,138.9383,131.7,11.715625,27.73964175,proxy,7.6,136.0,14.5,130.0,27.73964175
2026-03-03T10:00,37.8689,138.9383,162.7,12.984375,34.103953749999995,proxy,7.9,170.0,7.2,166.0,34.103953749999995
2026-03-03T11:00,37.8689,138.9383,181.6,13.774999999999999,37.950768,proxy,8.1,191.0,3.1,189.0,37.950768
2026-03-03T12:00,37.8689,138.9383,234.3,15.321875,48.674067750000006,proxy,8.0,243.0,14.2,233.0,48.674067750000006
2026-03-03T13:00,37.8689,138.9383,208.6,14.31875,43.502486999999995,proxy,7.8,215.0,17.1,203.0,43.502486999999995
2026-03-03T14:00,37.8689,138.9383,141.0,12.20625,29.643135,proxy,7.8,149.0,0.0,149.0,29.643135
2026-03-03T15:00,37.8689,138.9383,158.3,12.646875000000001,33.22439975,proxy,7.7,159.0,31.5,142.0,33.22439975
2026-03-03T16:00,37.8689,138.9383,98.4,10.675,20.807664000000003,proxy,7.6,98.0,28.0,87.0,20.807664000000003
2026-03-03T17:00,37.8689,138.9383,30.0,8.2375,6.4023,proxy,7.3,31.0,4.7,30.0,6.4023
2026-03-04T08:00,37.8689,138.9383,71.3,9.328125,15.15392375,proxy,7.1,61.0,90.4,39.0,15.15392375
2026-03-04T09:00,37.8689,138.9383,171.4,12.85625,35.945151,proxy,7.5,154.0,124.2,102.0,35.945151
2026-03-04T10:00,37.8689,138.9383,292.5,17.040625,60.36249375,proxy,7.9,262.0,176.6,163.0,60.36249375
2026-03-04T11:00,37.8689,138.9383,397.8,20.83125,80.886663,proxy,8.4,347.0,244.0,186.0,80.886663
2026-03-04T12:00,37.8689,138.9383,657.3,29.240624999999998,129.23010975,proxy,8.7,550.0,455.3,227.0,129.23010975
2026-03-04T13:00,37.8689,138.9383,708.0,30.825,138.30071999999998,proxy,8.7,577.0,541.2,195.0,138.30071999999998
2026-03-04T14:00,37.8689,138.9383,540.2,25.28125,107.91845500000002,proxy,8.4,459.0,377.3,214.0,107.91845500000002
2026-03-04T15:00,37.8689,138.9383,547.7,25.015625,109.53315375000003,proxy,7.9,442.0,525.7,156.0,109.53315375000003
2026-03-04T16:00,37.8689,138.9383,237.3,15.015625,49.35543375,proxy,7.6,200.0,241.9,104.0,49.35543375
2026-03-04T17:00,37.8689,138.9383,188.4,12.8875,39.505596000000004,proxy,7.0,139.0,403.6,51.0,39.505596000000004
2026-03-05T07:00,37.8689,138.9383,20.3,6.534375000000001,4.3598817500000004,proxy,5.9,16.0,51.7,11.0,4.3598817500000004
2026-03-05T08:00,37.8689,138.9383,111.4,9.48125,23.663031000000004,proxy,6.0,95.0,145.1,59.0,23.663031000000004
2026-03-05T09:00,37.8689,138.9383,238.9,14.165625,49.850665750000005,proxy,6.7,199.0,247.9,94.0,49.850665750000005
2026-03-05T10:00,37.8689,138.9383,420.3,20.434375,85.59514575000001,proxy,7.3,348.0,364.2,142.0,85.59514575000001
2026-03-05T11:00,37.8689,138.9383,634.8,27.737499999999997,125.56978799999999,proxy,7.9,518.0,513.0,177.0,125.56978799999999
2026-03-05T12:00,37.8689,138.9383,536.6,24.96875,107.333415,proxy,8.2,448.0,378.1,178.0,107.333415
2026-03-05T13:00,37.8689,138.9383,517.8,24.48125,103.774887,proxy,8.3,444.0,329.4,210.0,103.774887
2026-03-05T14:00,37.8689,138.9383,316.2,17.98125,65.01546300000001,proxy,8.1,282.0,177.5,166.0,65.01546300000001
2026-03-05T15:00,37.8689,138.9383,386.7,19.984375,78.89163375000001,proxy,7.9,335.0,286.5,178.0,78.89163375000001
2026-03-05T16:00,37.8689,138.9383,229.5,14.871875,47.75952375000001,proxy,7.7,193.0,239.6,97.0,47.75952375000001
2026-03-05T17:00,37.8689,138.9383,125.1,11.509374999999999,26.37014175,proxy,7.6,102.0,207.5,56.0,26.37014175
2026-03-06T07:00,37.8689,138.9383,34.2,3.2687500000000003,7.434567,proxy,2.2,28.0,80.5,20.0,7.434567
2026-03-06T08:00,37.8689,138.9383,198.0,9.4875,42.05718,proxy,3.3,168.0,268.6,100.0,42.05718
2026-03-06T09:00,37.8689,138.9383,494.6,20.55625,100.67830300000003,proxy,5.1,386.0,641.6,111.0,100.67830300000003
2026-03-06T10:00,37.8689,138.9383,702.4,29.15,138.148032,proxy,7.2,549.0,739.5,127.0,138.148032
2026-03-06T11:00,37.8689,138.9383,580.6,26.94375,115.217167,proxy,8.8,502.0,377.8,249.0,115.217167
2026-03-06T12:00,37.8689,138.9383,433.0,23.63125,87.074135,proxy,10.1,412.0,146.1,307.0,87.074135
2026-03-06T13:00,37.8689,138.9383,413.0,24.00625,82.92833500000002,proxy,11.1,403.0,107.7,326.0,82.92833500000002
2026-03-06T14:00,37.8689,138.9383,409.3,24.290625,82.09227775000002,proxy,11.5,398.0,118.5,320.0,82.09227775000002
2026-03-06T15:00,37.8689,138.9383,232.4,18.5625,47.67686,proxy,11.3,241.0,18.1,231.0,47.67686
2026-03-06T16:00,37.8689,138.9383,135.4,15.53125,28.105655000000006,proxy,11.3,140.0,14.8,134.0,28.105655000000006
2026-03-06T17:00,37.8689,138.9383,111.8,13.89375,23.353343,proxy,10.4,103.0,106.6,79.0,23.353343
2026-03-07T08:00,37.8689,138.9383,93.4,8.818750000000001,19.889063000000004,proxy,5.9,80.0,123.9,48.0,19.889063000000004
2026-03-07T09:00,37.8689,138.9383,351.1,17.871875000000003,72.22214775,proxy,6.9,292.0,375.9,129.0,72.22214775
2026-03-07T10:00,37.8689,138.9383,389.2,19.5625,79.53302,proxy,7.4,339.0,279.7,178.0,79.53302
2026-03-07T11:00,37.8689,138.9383,546.7,24.684375000000003,109.47804175000002,proxy,7.6,475.0,351.4,238.0,109.47804175000002
2026-03-07T12:00,37.8689,138.9383,528.2,23.70625,106.186687,proxy,7.2,471.0,282.0,267.0,106.186687
2026-03-07T13:00,37.8689,138.9383,604.9,26.003124999999997,120.49456775,proxy,7.1,517.0,397.6,231.0,120.49456775
2026-03-07T14:00,37.8689,138.9383,736.4,30.112499999999997,144.268124,proxy,7.1,605.0,602.5,206.0,144.268124
2026-03-07T15:00,37.8689,138.9383,462.1,21.040625,93.88370175000001,proxy,6.6,385.0,411.8,156.0,93.88370175000001
2026-03-07T16:00,37.8689,138.9383,306.7,16.084375,63.52753775,proxy,6.5,255.0,345.3,114.0,63.52753775
2026-03-07T17:00,37.8689,138.9383,169.0,11.18125,35.668295,proxy,5.9,133.0,327.8,58.0,35.668295
2026-03-07T18:00,37.8689,138.9383,27.8,6.36875,5.974359000000001,proxy,5.5,20.0,104.1,11.0,5.974359000000001
2026-03-08T07:00,37.8689,138.9383,30.3,4.1468750000000005,6.5654797500000015,proxy,3.2,23.0,95.7,13.0,6.5654797500000015
2026-03-08T08:00,37.8689,138.9383,183.2,9.225,38.951983999999996,proxy,3.5,147.0,315.3,64.0,38.951983999999996
2026-03-08T09:00,37.8689,138.9383,321.3,13.440625,67.23122175,proxy,3.4,270.0,335.1,123.0,67.23122175
2026-03-08T10:00,37.8689,138.9383,432.3,17.409375,89.08514175000002,proxy,3.9,382.0,292.8,212.0,89.08514175000002
2026-03-08T11:00,37.8689,138.9383,545.3,21.140625,110.74361375000001,proxy,4.1,465.0,384.2,204.0,110.74361375000001
2026-03-08T12:00,37.8689,138.9383,583.1,22.521875,117.77599575,proxy,4.3,496.0,392.7,210.0,117.77599575
2026-03-08T13:00,37.8689,138.9383,514.3,20.271874999999998,104.80533975000002,proxy,4.2,424.0,392.4,140.0,104.80533975000002
2026-03-08T14:00,37.8689,138.9383,461.6,19.025,94.52644800000002,proxy,4.6,408.0,280.6,221.0,94.52644800000002
2026-03-08T15:00,37.8689,138.9383,389.8,16.58125,80.585303,proxy,4.4,335.0,310.6,161.0,80.585303
2026-03-08T16:00,37.8689,138.9383,195.0,10.59375,41.247375,proxy,4.5,175.0,157.7,110.0,41.247375
2026-03-08T17:00,37.8689,138.9383,91.6,7.2625,19.619804000000002,proxy,4.4,84.0,94.7,62.0,19.619804000000002
2026-03-09T07:00,37.8689,138.9383,29.2,5.4125,6.2975639999999995,proxy,4.5,25.0,65.4,18.0,6.2975639999999995
2026-03-09T08:00,37.8689,138.9383,173.3,10.115625000000001,36.72356975,proxy,4.7,148.0,242.2,83.0,36.72356975
2026-03-09T09:00,37.8689,138.9383,314.8,14.7375,65.54450800000001,proxy,4.9,264.0,335.7,115.0,65.54450800000001
2026-03-09T10:00,37.8689,138.9383,608.9,24.628124999999997,121.96114775000001,proxy,5.6,498.0,575.4,161.0,121.96114775000001
2026-03-09T11:00,37.8689,138.9383,680.8,27.474999999999998,134.812016,proxy,6.2,562.0,549.5,186.0,134.812016
2026-03-09T12:00,37.8689,138.9383,688.6,28.61875,135.726503,proxy,7.1,585.0,470.7,240.0,135.726503
2026-03-09T13:00,37.8689,138.9383,616.7,26.771875,122.46582775000002,proxy,7.5,535.0,387.2,253.0,122.46582775000002
2026-03-09T14:00,37.8689,138.9383,621.0,27.40625,123.004575,proxy,8.0,525.0,466.7,212.0,123.004575
2026-03-09T15:00,37.8689,138.9383,498.1,23.565625,100.19156975,proxy,8.0,428.0,402.4,201.0,100.19156975
2026-03-09T16:00,37.8689,138.9383,262.0,15.9875,54.28902,proxy,7.8,234.0,221.3,142.0,54.28902
2026-03-09T17:00,37.8689,138.9383,165.8,12.58125,34.807223,proxy,7.4,136.0,296.8,66.0,34.807223
2026-03-09T18:00,37.8689,138.9383,34.0,6.6625,7.298780000000001,proxy,5.6,25.0,133.4,13.0,7.298780000000001
2026-03-10T07:00,37.8689,138.9383,24.8,3.175,5.393008000000001,proxy,2.4,23.0,36.5,19.0,5.393008000000001
2026-03-10T08:00,37.8689,138.9383,63.6,4.3875,13.768764,proxy,2.4,61.0,43.9,49.0,13.768764
2026-03-10T09:00,37.8689,138.9383,235.1,10.646875,49.719535750000006,proxy,3.3,208.0,200.4,118.0,49.719535750000006
2026-03-10T10:00,37.8689,138.9383,416.8,17.125,85.98584000000002,proxy,4.1,371.0,277.6,207.0,85.98584000000002
2026-03-10T11:00,37.8689,138.9383,450.0,18.3625,92.38950000000001,proxy,4.3,401.0,262.6,220.0,92.38950000000001
2026-03-10T12:00,37.8689,138.9383,564.8,22.349999999999998,114.15737599999999,proxy,4.7,478.0,395.9,186.0,114.15737599999999
2026-03-10T13:00,37.8689,138.9383,527.3,21.378124999999997,106.98785174999999,proxy,4.9,455.0,342.5,204.0,106.98785174999999
2026-03-10T14:00,37.8689,138.9383,644.7,25.646875,128.60636775000003,proxy,5.5,535.0,526.0,180.0,128.60636775000003
2026-03-10T15:00,37.8689,138.9383,436.8,18.85,89.50905600000002,proxy,5.2,369.0,383.8,151.0,89.50905600000002
2026-03-10T16:00,37.8689,138.9383,260.1,13.128125,54.490299750000005,proxy,5.0,224.0,267.0,112.0,54.490299750000005
2026-03-10T17:00,37.8689,138.9383,163.5,10.009375,34.66077375,proxy,4.9,141.0,246.5,82.0,34.66077375
2026-03-10T18:00,37.8689,138.9383,28.1,5.378125,6.061099750000001,proxy,4.5,22.0,98.2,13.0,6.061099750000001
2026-03-11T07:00,37.8689,138.9383,56.0,3.95,12.143040000000001,proxy,2.2,43.0,195.8,21.0,12.143040000000001
2026-03-11T08:00,37.8689,138.9383,247.5,10.634375,52.34439375,proxy,2.9,202.0,426.9,83.0,52.34439375
2026-03-11T09:00,37.8689,138.9383,404.6,16.243750000000002,83.75422300000002,proxy,3.6,340.0,440.4,140.0,83.75422300000002
2026-03-11T10:00,37.8689,138.9383,493.2,19.9125,100.64732400000001,proxy,4.5,415.0,429.7,159.0,100.64732400000001
2026-03-11T11:00,37.8689,138.9383,411.9,17.971874999999997,84.69590774999999,proxy,5.1,379.0,200.3,240.0,84.69590774999999
2026-03-11T12:00,37.8689,138.9383,460.9,20.103125,93.98557575000001,proxy,5.7,437.0,168.4,312.0,93.98557575000001
2026-03-11T13:00,37.8689,138.9383,560.3,23.809375,112.59368575,proxy,6.3,524.0,230.6,354.0,112.59368575
2026-03-11T14:00,37.8689,138.9383,409.6,19.200000000000003,83.82054400000001,proxy,6.4,379.0,195.8,246.0,83.82054400000001
2026-03-11T15:00,37.8689,138.9383,437.9,20.284374999999997,89.23197775,proxy,6.6,382.0,339.2,188.0,89.23197775
2026-03-11T16:00,37.8689,138.9383,268.1,14.778125000000001,55.812387750000006,proxy,6.4,244.0,210.3,155.0,55.812387750000006
2026-03-11T17:00,37.8689,138.9383,153.2,10.9875,32.357372,proxy,6.2,133.0,230.6,77.0,32.357372
2026-03-11T18:00,37.8689,138.9383,27.8,6.36875,5.974359000000001,proxy,5.5,23.0,85.6,15.0,5.974359000000001
2026-03-12T07:00,37.8689,138.9383,64.3,4.109375,13.934613749999999,proxy,2.1,50.0,226.1,24.0,13.934613749999999
2026-03-12T08:00,37.8689,138.9383,221.3,10.315625,46.85972175,proxy,3.4,180.0,394.4,68.0,46.85972175
2026-03-12T09:00,37.8689,138.9383,430.0,17.9375,88.4295,proxy,4.5,346.0,553.0,92.0,88.4295
2026-03-12T10:00,37.8689,138.9383,580.5,23.740625,116.68485375000002,proxy,5.6,483.0,534.2,162.0,116.68485375000002
2026-03-12T11:00,37.8689,138.9383,536.6,22.36875,108.44954299999999,proxy,5.6,474.0,334.8,240.0,108.44954299999999
2026-03-12T12:00,37.8689,138.9383,643.6,26.2125,128.095708,proxy,6.1,556.0,421.7,241.0,128.095708
2026-03-12T13:00,37.8689,138.9383,770.9,30.690624999999997,150.67047775,proxy,6.6,637.0,608.1,186.0,150.67047775
2026-03-12T14:00,37.8689,138.9383,667.6,27.6625,132.098012,proxy,6.8,550.0,572.3,159.0,132.098012
2026-03-12T15:00,37.8689,138.9383,567.6,24.4375,113.77542000000003,proxy,6.7,469.0,557.4,148.0,113.77542000000003
2026-03-12T16:00,37.8689,138.9383,281.5,14.896875,58.57522375,proxy,6.1,254.0,236.6,153.0,58.57522375
2026-03-12T17:00,37.8689,138.9383,181.8,11.68125,38.297079000000004,proxy,6.0,151.0,337.0,68.0,38.297079000000004
2026-03-12T18:00,37.8689,138.9383,30.6,6.75625,6.566607000000001,proxy,5.8,25.0,105.1,15.0,6.566607000000001
2026-03-13T07:00,37.8689,138.9383,53.2,4.5625,11.509820000000001,proxy,2.9,44.0,161.5,25.0,11.509820000000001
2026-03-13T08:00,37.8689,138.9383,231.0,10.51875,48.876135000000005,proxy,3.3,190.0,404.5,73.0,48.876135000000005
2026-03-13T09:00,37.8689,138.9383,340.8,14.75,70.95456,proxy,4.1,304.0,290.6,169.0,70.95456
2026-03-13T10:00,37.8689,138.9383,601.1,23.984375,120.70839375000003,proxy,5.2,505.0,539.7,178.0,120.70839375000003
2026-03-13T11:00,37.8689,138.9383,634.3,25.621875,126.54443575,proxy,5.8,552.0,430.5,249.0,126.54443575
2026-03-13T12:00,37.8689,138.9383,658.6,26.981250000000003,130.676119,proxy,6.4,579.0,401.8,277.0,130.676119
2026-03-13T13:00,37.8689,138.9383,682.2,28.418750000000003,134.57418300000003,proxy,7.1,602.0,411.5,295.0,134.57418300000003
2026-03-13T14:00,37.8689,138.9383,602.0,26.3125,119.76790000000001,proxy,7.5,526.0,410.3,244.0,119.76790000000001
2026-03-13T15:00,37.8689,138.9383,575.1,25.471875,114.80289975000001,proxy,7.5,480.0,552.0,160.0,114.80289975000001
2026-03-13T16:00,37.8689,138.9383,350.0,18.3375,71.8655,proxy,7.4,302.0,376.3,140.0,71.8655
2026-03-13T17:00,37.8689,138.9383,147.0,11.39375,31.000095,proxy,6.8,133.0,188.2,86.0,31.000095
2026-03-13T18:00,37.8689,138.9383,24.4,6.8625,5.234044000000001,proxy,6.1,23.0,41.3,19.0,5.234044000000001
2026-03-14T07:00,37.8689,138.9383,26.3,5.321875,5.6740277500000005,proxy,4.5,23.0,66.5,15.0,5.6740277500000005
2026-03-14T08:00,37.8689,138.9383,83.8,8.11875,17.891719000000002,proxy,5.5,77.0,88.3,51.0,17.891719000000002
2026-03-14T09:00,37.8689,138.9383,221.6,13.725,46.31883199999999,proxy,6.8,205.0,153.3,133.0,46.31883199999999
2026-03-14T10:00,37.8689,138.9383,359.5,19.034375,73.61571375,proxy,7.8,321.0,247.2,170.0,73.61571375
2026-03-14T11:00,37.8689,138.9383,436.4,22.1375,88.27935599999999,proxy,8.5,389.0,265.3,201.0,88.27935599999999
2026-03-14T12:00,37.8689,138.9383,587.0,27.54375,116.205455,proxy,9.2,501.0,413.9,188.0,116.205455
2026-03-14T13:00,37.8689,138.9383,374.2,20.893749999999997,76.06924699999999,proxy,9.2,344.0,179.9,209.0,76.06924699999999
2026-03-14T14:00,37.8689,138.9383,514.4,26.075,102.437616,proxy,10.0,455.0,334.1,224.0,102.437616
2026-03-14T15:00,37.8689,138.9383,245.9,16.984375,50.75683375000001,proxy,9.3,227.0,143.9,143.0,50.75683375000001
2026-03-14T16:00,37.8689,138.9383,152.6,13.868749999999999,31.878902999999998,proxy,9.1,147.0,80.6,112.0,31.878902999999998
2026-03-14T17:00,37.8689,138.9383,98.3,11.771875,20.700259749999997,proxy,8.7,93.0,94.8,69.0,20.700259749999997
2026-03-15T07:00,37.8689,138.9383,23.5,6.034375,5.05655375,proxy,5.3,21.0,56.9,14.0,5.05655375
2026-03-15T08:00,37.8689,138.9383,79.3,8.278125,16.92083575,proxy,5.8,77.0,53.4,61.0,16.92083575
2026-03-15T09:00,37.8689,138.9383,136.3,10.759375,28.812797750000005,proxy,6.5,129.0,80.0,91.0,28.812797750000005
2026-03-15T10:00,37.8689,138.9383,270.3,15.746875,56.06089574999999,proxy,7.3,252.0,142.9,164.0,56.06089574999999
2026-03-15T11:00,37.8689,138.9383,348.7,18.996875,71.41463175,proxy,8.1,321.0,176.6,195.0,71.41463175
2026-03-15T12:00,37.8689,138.9383,279.3,16.928125,57.66357975000001,proxy,8.2,273.0,77.6,214.0,57.66357975000001
2026-03-15T13:00,37.8689,138.9383,404.1,21.528125000000003,81.94238775000001,proxy,8.9,366.0,216.0,203.0,81.94238775000001
2026-03-15T14:00,37.8689,138.9383,360.7,20.071875,73.56205975,proxy,8.8,328.0,202.7,187.0,73.56205975
2026-03-15T15:00,37.8689,138.9383,353.6,19.65,72.23340800000003,proxy,8.6,309.0,287.7,140.0,72.23340800000003
2026-03-15T16:00,37.8689,138.9383,238.9,15.865625000000001,49.525761749999994,proxy,8.4,216.0,210.2,124.0,49.525761749999994
2026-03-15T17:00,37.8689,138.9383,174.8,13.2625,36.601372000000005,proxy,7.8,153.0,284.5,80.0,36.601372000000005
2026-03-15T18:00,37.8689,138.9383,24.7,7.271875,5.29030775,proxy,6.5,22.0,69.8,15.0,5.29030775
2026-03-16T07:00,37.8689,138.9383,40.8,6.275,8.771184,proxy,5.0,36.0,111.4,22.0,8.771184
2026-03-16T08:00,37.8689,138.9383,99.7,8.715625,21.238841750000002,proxy,5.6,93.0,98.4,63.0,21.238841750000002
2026-03-16T09:00,37.8689,138.9383,401.2,19.3375,82.05743600000001,proxy,6.8,334.0,487.5,100.0,82.05743600000001
2026-03-16T10:00,37.8689,138.9383,535.8,24.54375,107.355567,proxy,7.8,449.0,504.1,136.0,107.355567
2026-03-16T11:00,37.8689,138.9383,650.9,29.040625,128.07596575000002,proxy,8.7,569.0,446.9,248.0,128.07596575000002
2026-03-16T12:00,37.8689,138.9383,782.6,33.85625,150.975279,proxy,9.4,670.0,556.6,244.0,150.975279
2026-03-16T13:00,37.8689,138.9383,858.3,36.321875,163.88594774999999,proxy,9.5,710.0,704.9,175.0,163.88594774999999
2026-03-16T14:00,37.8689,138.9383,826.9,35.440625,158.47331774999998,proxy,9.6,680.0,749.1,156.0,158.47331774999998
2026-03-16T15:00,37.8689,138.9383,622.7,28.859375,122.61741375000003,proxy,9.4,524.0,605.6,166.0,122.61741375000003
2026-03-16T16:00,37.8689,138.9383,489.4,24.69375,97.999903,proxy,9.4,404.0,666.3,110.0,97.999903
2026-03-16T17:00,37.8689,138.9383,222.9,15.765625,46.22667375000001,proxy,8.8,189.0,430.8,77.0,46.22667375000001
2026-03-16T18:00,37.8689,138.9383,44.5,7.890625,9.50909375,proxy,6.5,37.0,186.5,18.0,9.50909375
2026-03-17T07:00,37.8689,138.9383,72.6,4.76875,15.695030999999998,proxy,2.5,64.0,210.4,37.0,15.695030999999998
2026-03-17T08:00,37.8689,138.9383,278.9,13.315624999999999,58.387017750000005,proxy,4.6,240.0,448.1,101.0,58.387017750000005
2026-03-17T09:00,37.8689,138.9383,548.1,24.428125,109.87075575,proxy,7.3,455.0,684.4,123.0,109.87075575
2026-03-17T10:00,37.8689,138.9383,748.5,32.290625,145.33437375000003,proxy,8.9,612.0,779.7,124.0,145.33437375000003
2026-03-17T11:00,37.8689,138.9383,919.7,38.740625,173.83019775000002,proxy,10.0,748.0,852.0,132.0,173.83019775000002
2026-03-17T12:00,37.8689,138.9383,971.8,40.66875,182.17848700000002,proxy,10.3,789.0,853.4,132.0,182.17848700000002
2026-03-17T13:00,37.8689,138.9383,898.8,38.3875,170.133852,proxy,10.3,743.0,748.2,172.0,170.133852
2026-03-17T14:00,37.8689,138.9383,887.1,37.921875,168.24960375,proxy,10.2,725.0,831.6,140.0,168.24960375
2026-03-17T15:00,37.8689,138.9383,734.3,33.046875,142.13294374999998,proxy,10.1,598.0,817.0,112.0,142.13294374999998
2026-03-17T16:00,37.8689,138.9383,514.5,25.478125,102.70320375000001,proxy,9.4,421.0,737.5,93.0,102.70320375000001
2026-03-17T17:00,37.8689,138.9383,259.8,16.71875,53.68117500000001,proxy,8.6,215.0,569.6,65.0,53.68117500000001
2026-03-17T18:00,37.8689,138.9383,51.2,9.0,10.895360000000002,proxy,7.4,43.0,222.1,20.0,10.895360000000002
2026-03-18T07:00,37.8689,138.9383,93.3,4.015625,20.22627375,proxy,1.1,80.0,328.3,37.0,20.22627375
2026-03-18T08:00,37.8689,138.9383,275.9,11.921875,58.06660375,proxy,3.3,245.0,390.0,122.0,58.06660375
2026-03-18T09:00,37.8689,138.9383,486.0,21.3875,98.60454000000001,proxy,6.2,425.0,495.7,182.0,98.60454000000001
2026-03-18T10:00,37.8689,138.9383,670.0,29.9375,131.3535,proxy,9.0,582.0,556.4,231.0,131.3535
2026-03-18T11:00,37.8689,138.9383,989.1,42.609375,183.88605375,proxy,11.7,799.0,948.2,109.0,183.88605375
2026-03-18T12:00,37.8689,138.9383,909.4,41.11875,170.153287,proxy,12.7,769.0,696.1,230.0,170.153287
2026-03-18T13:00,37.8689,138.9383,561.7,30.453125,109.88958375000001,proxy,12.9,538.0,203.3,382.0,109.88958375000001
2026-03-18T14:00,37.8689,138.9383,324.1,22.528125000000003,65.46090775,proxy,12.4,330.0,49.5,295.0,65.46090775
2026-03-18T15:00,37.8689,138.9383,247.2,20.325,50.36452799999999,proxy,12.6,254.0,33.4,234.0,50.36452799999999
2026-03-18T16:00,37.8689,138.9383,227.0,19.99375,46.309135000000005,proxy,12.9,226.0,84.8,188.0,46.309135000000005
2026-03-18T17:00,37.8689,138.9383,167.0,17.71875,34.372775000000004,proxy,12.5,159.0,172.5,113.0,34.372775000000004
2026-03-18T18:00,37.8689,138.9383,24.9,11.378124999999999,5.251347750000001,proxy,10.6,25.0,28.5,22.0,5.251347750000001
2026-03-19T08:00,37.8689,138.9383,21.8,9.481250000000001,4.630647000000001,proxy,8.8,23.0,0.0,23.0,4.630647000000001
2026-03-19T09:00,37.8689,138.9383,47.3,10.778125000000001,9.998155749999999,proxy,9.3,50.0,0.0,50.0,9.998155749999999
2026-03-19T10:00,37.8689,138.9383,146.0,14.3625,30.442460000000004,proxy,9.8,149.0,23.6,134.0,30.442460000000004
2026-03-19T11:00,37.8689,138.9383,168.1,14.453125,35.038343749999996,proxy,9.2,171.0,25.9,152.0,35.038343749999996
2026-03-19T12:00,37.8689,138.9383,306.0,19.5625,62.5311,proxy,10.0,296.0,100.2,218.0,62.5311
2026-03-19T13:00,37.8689,138.9383,305.8,19.95625,62.39390300000001,proxy,10.4,279.0,163.3,153.0,62.39390300000001
2026-03-19T14:00,37.8689,138.9383,481.2,25.737499999999997,95.95609200000001,proxy,10.7,421.0,351.5,171.0,95.95609200000001
2026-03-19T15:00,37.8689,138.9383,365.5,21.821875,74.02928375,proxy,10.4,327.0,280.6,158.0,74.02928375
2026-03-19T16:00,37.8689,138.9383,368.7,21.021875,74.91338775,proxy,9.5,313.0,480.4,96.0,74.91338775
2026-03-19T17:00,37.8689,138.9383,134.7,13.009375,28.232109749999996,proxy,8.8,125.0,177.8,77.0,28.232109749999996
2026-03-20T07:00,37.8689,138.9383,102.4,6.4,22.003712000000004,proxy,3.2,89.0,389.0,36.0,22.003712000000004
2026-03-20T08:00,37.8689,138.9383,325.2,15.462499999999999,67.521276,proxy,5.3,276.0,595.6,82.0,67.521276
2026-03-20T09:00,37.8689,138.9383,553.3,24.090625,111.06252574999999,proxy,6.8,459.0,727.6,95.0,111.06252574999999
2026-03-20T10:00,37.8689,138.9383,796.4,32.9875,154.191004,proxy,8.1,656.0,841.5,117.0,154.191004
2026-03-20T11:00,37.8689,138.9383,905.0,37.58125,171.891175,proxy,9.3,746.0,829.1,135.0,171.891175
2026-03-20T12:00,37.8689,138.9383,961.5,40.146875,180.64902375,proxy,10.1,794.0,823.7,149.0,180.64902375
2026-03-20T13:00,37.8689,138.9383,986.6,41.53125,184.27221500000002,proxy,10.7,817.0,845.8,161.0,184.27221500000002
2026-03-20T14:00,37.8689,138.9383,889.5,38.996875,167.93982375000002,proxy,11.2,734.0,839.0,134.0,167.93982375000002
2026-03-20T15:00,37.8689,138.9383,728.5,34.165625,140.35827375000002,proxy,11.4,607.0,784.1,132.0,140.35827375000002
2026-03-20T16:00,37.8689,138.9383,511.1,27.271875,101.29107575,proxy,11.3,431.0,698.8,113.0,101.29107575
2026-03-20T17:00,37.8689,138.9383,269.8,19.53125,55.14037500000001,proxy,11.1,229.0,596.5,66.0,55.14037500000001
2026-03-20T18:00,37.8689,138.9383,54.3,12.296875,11.411823749999998,proxy,10.6,48.0,248.9,21.0,11.411823749999998
2026-03-21T07:00,37.8689,138.9383,67.4,7.60625,14.417871000000002,proxy,5.5,64.0,158.4,42.0,14.417871000000002
2026-03-21T08:00,37.8689,138.9383,237.0,13.00625,49.67401500000001,proxy,5.6,219.0,284.2,125.0,49.67401500000001
2026-03-21T09:00,37.8689,138.9383,334.7,16.159375,69.30716575,proxy,5.7,315.0,227.6,200.0,69.30716575
2026-03-21T10:00,37.8689,138.9383,389.0,18.55625,79.80529500000002,proxy,6.4,374.0,170.5,264.0,79.80529500000002
2026-03-21T11:00,37.8689,138.9383,573.5,25.221875,114.59820375,proxy,7.3,534.0,287.3,321.0,114.59820375
2026-03-21T12:00,37.8689,138.9383,553.8,24.80625,110.84583899999998,proxy,7.5,525.0,226.1,347.0,110.84583899999998
2026-03-21T13:00,37.8689,138.9383,534.9,24.515625,107.18727375,proxy,7.8,498.0,255.3,299.0,107.18727375
2026-03-21T14:00,37.8689,138.9383,627.7,27.815625,124.12610575000002,proxy,8.2,575.0,364.5,313.0,124.12610575000002
2026-03-21T15:00,37.8689,138.9383,578.5,26.478125,115.01592375,proxy,8.4,508.0,505.5,200.0,115.01592375
2026-03-21T16:00,37.8689,138.9383,327.4,18.831249999999997,67.095719,proxy,8.6,295.0,333.7,142.0,67.095719
2026-03-21T17:00,37.8689,138.9383,176.6,13.818750000000001,36.899687,proxy,8.3,163.0,260.4,91.0,36.899687
2026-03-21T18:00,37.8689,138.9383,41.0,8.38125,8.745095000000001,proxy,7.1,39.0,127.1,25.0,8.745095000000001
2026-03-22T07:00,37.8689,138.9383,113.3,4.540625,24.51443775,proxy,1.0,101.0,445.4,38.0,24.51443775
2026-03-22T08:00,37.8689,138.9383,362.6,14.631250000000001,75.52776700000001,proxy,3.3,308.0,696.7,74.0,75.52776700000001
2026-03-22T09:00,37.8689,138.9383,618.4,25.525,123.42027200000001,proxy,6.2,515.0,829.2,92.0,123.42027200000001
2026-03-22T10:00,37.8689,138.9383,836.7,34.746875,160.81583175000003,proxy,8.6,690.0,904.6,102.0,160.81583175000003
2026-03-22T11:00,37.8689,138.9383,953.3,40.490624999999994,178.84622975000002,proxy,10.7,793.0,866.0,147.0,178.84622975000002
2026-03-22T12:00,37.8689,138.9383,922.6,41.13125,172.613847,proxy,12.3,796.0,679.7,258.0,172.613847
2026-03-22T13:00,37.8689,138.9383,796.7,37.996875,151.05631175000005,proxy,13.1,713.0,495.2,325.0,151.05631175000005
2026-03-22T14:00,37.8689,138.9383,748.9,37.103125,142.52877575,proxy,13.7,669.0,512.0,299.0,142.52877575
2026-03-22T15:00,37.8689,138.9383,591.0,32.06875,114.857895,proxy,13.6,534.0,450.3,258.0,114.857895
2026-03-22T16:00,37.8689,138.9383,382.7,24.859375,76.58305375,proxy,12.9,355.0,331.3,202.0,76.58305375
2026-03-22T17:00,37.8689,138.9383,195.8,17.61875,40.316199000000005,proxy,11.5,186.0,239.5,119.0,40.316199000000005
2026-03-22T18:00,37.8689,138.9383,33.6,9.350000000000001,7.140672,proxy,8.3,35.0,17.9,33.0,7.140672
2026-03-23T07:00,37.8689,138.9383,98.2,7.36875,21.025111,proxy,4.3,91.0,332.9,43.0,21.025111
2026-03-23T08:00,37.8689,138.9383,300.7,15.996875,62.30579175,proxy,6.6,266.0,492.9,98.0,62.30579175
2026-03-23T09:00,37.8689,138.9383,480.9,25.128124999999997,96.13070775,proxy,10.1,419.0,543.7,139.0,96.13070775
2026-03-23T10:00,37.8689,138.9383,709.9,34.784375,136.42325774999998,proxy,12.6,603.0,695.0,148.0,136.42325774999998
2026-03-23T11:00,37.8689,138.9383,843.2,40.75,158.01568000000003,proxy,14.4,716.0,715.6,179.0,158.01568000000003
2026-03-23T12:00,37.8689,138.9383,922.6,43.93125,170.547223,proxy,15.1,783.0,737.7,196.0,170.547223
2026-03-23T13:00,37.8689,138.9383,829.6,40.925,155.350896,proxy,15.0,715.0,628.6,220.0,155.350896
2026-03-23T14:00,37.8689,138.9383,660.8,35.05,126.847168,proxy,14.4,577.0,514.9,203.0,126.847168
2026-03-23T15:00,37.8689,138.9383,394.0,26.3125,78.38630000000002,proxy,14.0,367.0,249.9,213.0,78.38630000000002
2026-03-23T16:00,37.8689,138.9383,296.2,22.55625,59.81907100000001,proxy,13.3,276.0,253.7,158.0,59.81907100000001
2026-03-23T17:00,37.8689,138.9383,150.9,16.915625,31.15594575,proxy,12.2,140.0,233.2,74.0,31.15594575
2026-03-23T18:00,37.8689,138.9383,27.4,11.956249999999999,5.765919000000001,proxy,11.1,26.0,114.7,13.0,5.765919000000001
2026-03-24T07:00,37.8689,138.9383,61.9,9.234375,13.160713750000001,proxy,7.3,59.0,180.9,32.0,13.160713750000001
2026-03-24T08:00,37.8689,138.9383,173.3,13.815625,36.21060175000001,proxy,8.4,158.0,245.8,73.0,36.21060175000001
2026-03-24T09:00,37.8689,138.9383,439.3,23.228125,88.48270775,proxy,9.5,378.0,534.8,100.0,88.48270775
2026-03-24T10:00,37.8689,138.9383,604.5,29.190625,118.87341375,proxy,10.3,527.0,535.4,174.0,118.87341375
2026-03-24T11:00,37.8689,138.9383,707.8,33.11875,136.962839,proxy,11.0,620.0,530.0,220.0,136.962839
2026-03-24T12:00,37.8689,138.9383,681.6,32.5,132.23040000000003,proxy,11.2,611.0,425.1,271.0,132.23040000000003
2026-03-24T13:00,37.8689,138.9383,792.6,36.46875,151.247895,proxy,11.7,688.0,588.9,222.0,151.247895
2026-03-24T14:00,37.8689,138.9383,858.6,39.03125,162.08221500000002,proxy,12.2,730.0,763.1,173.0,162.08221500000002
2026-03-24T15:00,37.8689,138.9383,745.4,35.29375,142.94163100000003,proxy,12.0,626.0,832.5,110.0,142.94163100000003
2026-03-24T16:00,37.8689,138.9383,511.6,27.6875,101.22006,proxy,11.7,440.0,706.6,109.0,101.22006
2026-03-24T17:00,37.8689,138.9383,274.1,19.365625,56.055505750000016,proxy,10.8,242.0,594.0,72.0,56.055505750000016
2026-03-24T18:00,37.8689,138.9383,55.9,11.046875,11.80398375,proxy,9.3,54.0,235.0,27.0,11.80398375
2026-03-25T07:00,37.8689,138.9383,72.6,5.668749999999999,15.642759000000002,proxy,3.4,75.0,51.8,67.0,15.642759000000002
2026-03-25T08:00,37.8689,138.9383,212.0,12.325,44.54968,proxy,5.7,211.0,131.1,165.0,44.54968
2026-03-25T09:00,37.8689,138.9383,380.9,20.603125,77.51981574999999,proxy,8.7,363.0,249.7,232.0,77.51981574999999
2026-03-25T10:00,37.8689,138.9383,495.8,26.59375,98.527855,proxy,11.1,478.0,222.9,330.0,98.527855
2026-03-25T11:00,37.8689,138.9383,676.9,34.053125,130.47755175,proxy,12.9,621.0,395.2,321.0,130.47755175
2026-03-25T12:00,37.8689,138.9383,748.0,36.875,142.494,proxy,13.5,677.0,446.6,318.0,142.494
2026-03-25T13:00,37.8689,138.9383,647.2,34.025000000000006,124.76721600000002,proxy,13.8,601.0,330.7,338.0,124.76721600000002
2026-03-25T14:00,37.8689,138.9383,403.4,25.50625,80.516623,proxy,12.9,390.0,158.1,274.0,80.516623
2026-03-25T15:00,37.8689,138.9383,294.1,22.090625000000003,59.504517750000005,proxy,12.9,293.0,93.1,235.0,59.504517750000005
2026-03-25T16:00,37.8689,138.9383,274.9,20.790625,55.90572575,proxy,12.2,274.0,118.7,218.0,55.90572575
2026-03-25T17:00,37.8689,138.9383,124.8,15.3,25.928448,proxy,11.4,126.0,76.0,104.0,25.928448
2026-03-25T18:00,37.8689,138.9383,20.8,11.15,4.390464,proxy,10.5,22.0,0.0,22.0,4.390464
2026-03-26T08:00,37.8689,138.9383,70.5,10.803125,14.900703750000002,proxy,8.6,74.0,5.6,72.0,14.900703750000002
2026-03-26T09:00,37.8689,138.9383,162.1,14.765625,33.74719375,proxy,9.7,171.0,1.9,170.0,33.74719375
2026-03-26T10:00,37.8689,138.9383,228.9,17.853125,47.08873575,proxy,10.7,231.0,53.9,195.0,47.08873575
2026-03-26T11:00,37.8689,138.9383,267.0,20.14375,54.437295000000006,proxy,11.8,279.0,13.1,269.0,54.437295000000006
2026-03-26T12:00,37.8689,138.9383,221.9,19.134375,45.42126575,proxy,12.2,232.0,9.9,224.0,45.42126575
2026-03-26T13:00,37.8689,138.9383,221.6,18.625,45.450160000000004,proxy,11.7,231.0,12.5,221.0,45.450160000000004
2026-03-26T14:00,37.8689,138.9383,172.2,16.88125,35.558439,proxy,11.5,181.0,4.1,178.0,35.558439
2026-03-26T15:00,37.8689,138.9383,171.0,16.74375,35.329455,proxy,11.4,175.0,30.3,156.0,35.329455
2026-03-26T16:00,37.8689,138.9383,179.4,16.40625,37.113375000000005,proxy,10.8,169.0,151.6,97.0,37.113375000000005
2026-03-26T17:00,37.8689,138.9383,102.4,13.600000000000001,21.413888000000007,proxy,10.4,98.0,140.2,57.0,21.413888000000007
2026-03-27T07:00,37.8689,138.9383,64.0,9.6,13.588480000000002,proxy,7.6,64.0,133.6,42.0,13.588480000000002
2026-03-27T08:00,37.8689,138.9383,211.2,15.1,43.912704000000005,proxy,8.5,203.0,216.1,125.0,43.912704000000005
2026-03-27T09:00,37.8689,138.9383,395.8,22.26875,80.02482300000001,proxy,9.9,360.0,381.8,156.0,80.02482300000001
2026-03-27T10:00,37.8689,138.9383,507.6,27.1625,100.641852,proxy,11.3,472.0,322.4,255.0,100.641852
2026-03-27T11:00,37.8689,138.9383,769.6,36.65,146.747328,proxy,12.6,688.0,539.2,274.0,146.747328
2026-03-27T12:00,37.8689,138.9383,953.4,43.09375,176.879535,proxy,13.3,815.0,777.0,184.0,176.879535
2026-03-27T13:00,37.8689,138.9383,1020.9,45.703125,187.27134375000003,proxy,13.8,858.0,904.4,132.0,187.27134375000003
2026-03-27T14:00,37.8689,138.9383,907.3,42.253125,168.93699175,proxy,13.9,767.0,862.7,128.0,168.93699175
2026-03-27T15:00,37.8689,138.9383,762.3,37.721875,144.70169175,proxy,13.9,647.0,862.0,104.0,144.70169175
2026-03-27T16:00,37.8689,138.9383,511.3,29.478125,100.42826775,proxy,13.5,444.0,729.9,95.0,100.42826775
2026-03-27T17:00,37.8689,138.9383,274.4,21.375,55.67575999999999,proxy,12.8,248.0,602.1,70.0,55.67575999999999
2026-03-27T18:00,37.8689,138.9383,57.5,12.096875,12.09354375,proxy,10.3,58.0,284.2,24.0,12.09354375
2026-03-28T07:00,37.8689,138.9383,116.1,8.028125,24.796347750000002,proxy,4.4,114.0,359.2,53.0,24.796347750000002
2026-03-28T08:00,37.8689,138.9383,333.2,17.7125,68.582556,proxy,7.3,302.0,552.1,100.0,68.582556
2026-03-28T09:00,37.8689,138.9383,577.7,28.353125000000002,113.99031975000001,proxy,10.3,504.0,712.3,120.0,113.99031975000001
2026-03-28T10:00,37.8689,138.9383,782.4,36.75,149.12544,proxy,12.3,670.0,796.9,130.0,149.12544
2026-03-28T11:00,37.8689,138.9383,934.0,43.2875,173.13558,proxy,14.1,789.0,863.9,122.0,173.13558
2026-03-28T12:00,37.8689,138.9383,967.3,45.328125,177.72928375,proxy,15.1,820.0,827.1,145.0,177.72928375
2026-03-28T13:00,37.8689,138.9383,971.7,46.265625,177.80895375000003,proxy,15.9,824.0,841.9,145.0,177.80895375000003
2026-03-28T14:00,37.8689,138.9383,822.6,41.50625,153.657567,proxy,15.8,706.0,745.8,151.0,153.657567
2026-03-28T15:00,37.8689,138.9383,630.8,35.7125,120.75404400000001,proxy,16.0,550.0,645.9,141.0,120.75404400000001
2026-03-28T16:00,37.8689,138.9383,523.7,31.565625,101.98926575000002,proxy,15.2,456.0,758.4,91.0,101.98926575000002
2026-03-28T17:00,37.8689,138.9383,257.7,21.253124999999997,52.31245575,proxy,13.2,236.0,548.9,72.0,52.31245575
2026-03-28T18:00,37.8689,138.9383,60.2,12.88125,12.623639,proxy,11.0,62.0,288.9,27.0,12.623639
2026-03-29T07:00,37.8689,138.9383,95.7,9.490625,20.32739775,proxy,6.5,95.0,285.8,45.0,20.32739775
2026-03-29T08:00,37.8689,138.9383,272.4,16.7125,56.286012,proxy,8.2,249.0,442.2,85.0,56.286012
2026-03-29T09:00,37.8689,138.9383,472.1,25.253125,94.32439975000001,proxy,10.5,417.0,559.0,113.0,94.32439975000001
2026-03-29T10:00,37.8689,138.9383,704.2,34.60625,135.428223,proxy,12.6,611.0,687.5,142.0,135.428223
2026-03-29T11:00,37.8689,138.9383,801.1,39.134375,151.16156175000003,proxy,14.1,691.0,687.8,157.0,151.16156175000003
2026-03-29T12:00,37.8689,138.9383,870.5,42.003125,162.25902375,proxy,14.8,753.0,691.4,186.0,162.25902375
2026-03-29T13:00,37.8689,138.9383,863.1,42.071875,160.83221175,proxy,15.1,744.0,707.2,171.0,160.83221175
2026-03-29T14:00,37.8689,138.9383,881.3,42.740624999999994,163.75214974999997,proxy,15.2,752.0,832.0,130.0,163.75214974999997
2026-03-29T15:00,37.8689,138.9383,735.5,37.984375,139.45999375,proxy,15.0,632.0,820.1,110.0,139.45999375
2026-03-29T16:00,37.8689,138.9383,518.9,30.615625,101.44884175,proxy,14.4,455.0,747.3,93.0,101.44884175
2026-03-29T17:00,37.8689,138.9383,270.4,21.45,54.847936,proxy,13.0,249.0,586.4,72.0,54.847936
2026-03-29T18:00,37.8689,138.9383,60.1,13.078125,12.593203750000002,proxy,11.2,63.0,301.6,26.0,12.593203750000002
2026-03-30T07:00,37.8689,138.9383,111.6,11.8875,23.490684,proxy,8.4,112.0,316.4,55.0,23.490684
2026-03-30T08:00,37.8689,138.9383,347.7,22.165625,70.32840975,proxy,11.3,315.0,617.2,83.0,70.32840975
2026-03-30T09:00,37.8689,138.9383,562.0,32.1625,109.17974000000001,proxy,14.6,491.0,716.3,98.0,109.17974000000001
2026-03-30T10:00,37.8689,138.9383,620.1,36.078125,118.52436375,proxy,16.7,552.0,541.7,180.0,118.52436375
2026-03-30T11:00,37.8689,138.9383,791.0,43.01875,146.79773500000002,proxy,18.3,695.0,631.6,202.0,146.79773500000002
2026-03-30T12:00,37.8689,138.9383,841.0,45.48125,154.420215,proxy,19.2,726.0,683.3,163.0,154.420215
2026-03-30T13:00,37.8689,138.9383,780.2,43.98125,144.192663,proxy,19.6,692.0,565.2,232.0,144.192663
2026-03-30T14:00,37.8689,138.9383,650.6,40.53125,122.03629500000001,proxy,20.2,581.0,502.0,204.0,122.03629500000001
2026-03-30T15:00,37.8689,138.9383,527.2,36.575,100.55812800000001,proxy,20.1,470.0,501.8,149.0,100.55812800000001
2026-03-30T16:00,37.8689,138.9383,330.4,29.224999999999998,64.963248,proxy,18.9,316.0,272.8,183.0,64.963248
2026-03-30T17:00,37.8689,138.9383,148.2,22.03125,29.991975000000004,proxy,17.4,149.0,127.9,110.0,29.991975000000004
2026-03-30T18:00,37.8689,138.9383,37.8,16.18125,7.8266789999999995,proxy,15.0,40.0,16.1,38.0,7.8266789999999995
2026-03-31T07:00,37.8689,138.9383,45.6,12.025,9.593328000000001,proxy,10.6,48.0,10.8,46.0,9.593328000000001
2026-03-31T08:00,37.8689,138.9383,65.5,12.746875,13.74206375,proxy,10.7,69.0,2.6,68.0,13.74206375
2026-03-31T09:00,37.8689,138.9383,73.8,13.00625,15.468111,proxy,10.7,78.0,0.0,78.0,15.468111
2026-03-31T10:00,37.8689,138.9383,102.5,14.703125,21.34434375,proxy,11.5,104.0,23.2,88.0,21.34434375
2026-03-31T11:00,37.8689,138.9383,249.6,22.1,50.499072000000005,proxy,14.3,238.0,117.2,146.0,50.499072000000005
2026-03-31T12:00,37.8689,138.9383,336.0,25.3,67.11936,proxy,14.8,323.0,136.5,210.0,67.11936
2026-03-31T13:00,37.8689,138.9383,318.1,24.540625,63.73690175,proxy,14.6,309.0,117.4,213.0,63.73690175
2026-03-31T14:00,37.8689,138.9383,424.4,29.0625,83.5007,proxy,15.8,389.0,285.0,174.0,83.5007
2026-03-31T15:00,37.8689,138.9383,406.1,29.190625,79.85854975000001,proxy,16.5,377.0,306.4,180.0,79.85854975000001
2026-03-31T16:00,37.8689,138.9383,281.5,24.696875,56.36826375000001,proxy,15.9,265.0,275.2,130.0,56.36826375000001
2026-03-31T17:00,37.8689,138.9383,117.4,18.46875,24.093415000000004,proxy,14.8,117.0,126.6,78.0,24.093415000000004
2026-03-31T18:00,37.8689,138.9383,42.5,14.428125,8.85944375,proxy,13.1,46.0,167.0,25.0,8.85944375
2026-04-01T07:00,37.8689,138.9383,56.7,12.271875,11.917347750000001,proxy,10.5,59.0,68.3,46.0,11.917347750000001
2026-04-01T08:00,37.8689,138.9383,119.8,14.64375,24.952543000000002,proxy,10.9,121.0,70.0,94.0,24.952543000000002
2026-04-01T09:00,37.8689,138.9383,181.6,17.275,37.442288,proxy,11.6,186.0,43.0,162.0,37.442288
2026-04-01T10:00,37.8689,138.9383,242.7,19.984375,49.51383375,proxy,12.4,248.0,46.0,216.0,49.51383375
2026-04-01T11:00,37.8689,138.9383,313.9,22.509375,63.405445750000005,proxy,12.7,319.0,58.3,273.0,63.405445750000005
2026-04-01T12:00,37.8689,138.9383,212.8,19.25,43.53888,proxy,12.6,224.0,3.6,221.0,43.53888
2026-04-01T13:00,37.8689,138.9383,308.0,22.425,62.23448,proxy,12.8,321.0,19.5,305.0,62.23448
2026-04-01T14:00,37.8689,138.9383,215.2,19.424999999999997,43.999792,proxy,12.7,226.0,6.6,221.0,43.999792
2026-04-01T15:00,37.8689,138.9383,147.9,16.721875,30.559467750000003,proxy,12.1,156.0,1.5,155.0,30.559467750000003
2026-04-01T16:00,37.8689,138.9383,131.5,15.109375,27.34049375,proxy,11.0,138.0,8.1,134.0,27.34049375
2026-04-01T17:00,37.8689,138.9383,62.0,12.0375,13.04294,proxy,10.1,65.0,9.6,62.0,13.04294
2026-04-02T09:00,37.8689,138.9383,23.7,10.240625,5.019837750000001,proxy,9.5,25.0,0.0,25.0,5.019837750000001
2026-04-02T10:00,37.8689,138.9383,75.7,12.065624999999999,15.92330575,proxy,9.7,80.0,0.0,80.0,15.92330575
2026-04-02T11:00,37.8689,138.9383,83.5,12.509375,17.534373749999997,proxy,9.9,88.0,1.3,87.0,17.534373749999997
2026-04-02T12:00,37.8689,138.9383,104.4,12.962499999999999,21.885372,proxy,9.7,110.0,1.2,109.0,21.885372
2026-04-02T13:00,37.8689,138.9383,120.2,13.35625,25.159663000000002,proxy,9.6,127.0,0.0,127.0,25.159663000000002
2026-04-02T14:00,37.8689,138.9383,97.5,13.246875,20.41674375,proxy,10.2,103.0,0.0,103.0,20.41674375
2026-04-02T15:00,37.8689,138.9383,72.9,12.178125000000001,15.32777175,proxy,9.9,77.0,0.0,77.0,15.32777175
2026-04-02T16:00,37.8689,138.9383,83.0,12.49375,17.430415,proxy,9.9,87.0,6.0,84.0,17.430415
2026-04-02T17:00,37.8689,138.9383,75.8,12.56875,15.913831,proxy,10.2,79.0,22.3,72.0,15.913831
2026-04-02T18:00,37.8689,138.9383,33.8,11.15625,7.134334999999999,proxy,10.1,37.0,85.5,26.0,7.134334999999999
2026-04-03T07:00,37.8689,138.9383,100.2,13.23125,20.983383000000003,proxy,10.1,104.0,259.3,52.0,20.983383000000003
2026-04-03T08:00,37.8689,138.9383,206.2,17.24375,42.519471,proxy,10.8,199.0,257.9,97.0,42.519471
2026-04-03T09:00,37.8689,138.9383,404.1,24.728125,80.90789175,proxy,12.1,381.0,349.0,183.0,80.90789175
2026-04-03T10:00,37.8689,138.9383,606.4,32.25,117.76288,proxy,13.3,545.0,536.7,167.0,117.76288
2026-04-03T11:00,37.8689,138.9383,825.0,39.88125,155.178375,proxy,14.1,726.0,692.6,174.0,155.178375
2026-04-03T12:00,37.8689,138.9383,836.8,40.95,156.682432,proxy,14.8,738.0,649.4,193.0,156.682432
2026-04-03T13:00,37.8689,138.9383,847.2,41.975,157.93502400000003,proxy,15.5,754.0,638.9,225.0,157.93502400000003
2026-04-03T14:00,37.8689,138.9383,817.3,41.540625,152.64507775,proxy,16.0,725.0,698.7,191.0,152.64507775
2026-04-03T15:00,37.8689,138.9383,663.7,37.040625000000006,126.34690975000001,proxy,16.3,587.0,716.0,120.0,126.34690975000001
2026-04-03T16:00,37.8689,138.9383,514.0,32.5625,99.69030000000001,proxy,16.5,466.0,718.5,107.0,99.69030000000001
2026-04-03T17:00,37.8689,138.9383,258.4,23.674999999999997,51.953904,proxy,15.6,250.0,511.2,88.0,51.953904
2026-04-03T18:00,37.8689,138.9383,64.0,16.2,13.25056,proxy,14.2,73.0,291.9,35.0,13.25056
2026-04-04T07:00,37.8689,138.9383,85.5,12.171875,17.977443750000003,proxy,9.5,90.0,77.8,74.0,17.977443750000003
2026-04-04T08:00,37.8689,138.9383,216.2,18.55625,44.35451100000001,proxy,11.8,220.0,119.9,172.0,44.35451100000001
2026-04-04T09:00,37.8689,138.9383,413.5,26.821875,82.09732375,proxy,13.9,398.0,302.5,225.0,82.09732375
2026-04-04T10:00,37.8689,138.9383,407.2,28.125,80.422,proxy,15.4,409.0,121.4,323.0,80.422
2026-04-04T11:00,37.8689,138.9383,292.8,25.75,58.38432,proxy,16.6,305.0,21.2,288.0,58.38432
2026-04-04T12:00,37.8689,138.9383,157.7,21.528125000000003,31.97801175,proxy,16.6,165.0,7.1,159.0,31.97801175
2026-04-04T13:00,37.8689,138.9383,171.5,22.059375,34.70345375,proxy,16.7,181.0,1.2,180.0,34.70345375
2026-04-04T14:00,37.8689,138.9383,129.0,19.63125,26.354055,proxy,15.6,136.0,1.3,135.0,26.354055
2026-04-04T15:00,37.8689,138.9383,105.1,18.084375,21.60146575,proxy,14.8,111.0,0.0,111.0,21.60146575
2026-04-04T16:00,37.8689,138.9383,60.6,16.59375,12.527535000000002,proxy,14.7,64.0,0.0,64.0,12.527535000000002
2026-04-04T17:00,37.8689,138.9383,22.7,15.209375,4.71779775,proxy,14.5,24.0,0.0,24.0,4.71779775
2026-04-05T07:00,37.8689,138.9383,38.8,13.512500000000001,8.116572,proxy,12.3,41.0,19.0,37.0,8.116572
2026-04-05T08:00,37.8689,138.9383,100.5,15.840625,20.836413750000002,proxy,12.7,103.0,46.9,84.0,20.836413750000002
2026-04-05T09:00,37.8689,138.9383,205.8,19.93125,41.994519000000004,proxy,13.5,207.0,83.3,159.0,41.994519000000004
2026-04-05T10:00,37.8689,138.9383,347.3,24.953125,69.47302375000001,proxy,14.1,338.0,168.4,218.0,69.47302375000001
2026-04-05T11:00,37.8689,138.9383,538.2,31.118750000000002,105.00551100000001,proxy,14.3,507.0,301.9,264.0,105.00551100000001
2026-04-05T12:00,37.8689,138.9383,571.3,32.453125,110.85362374999998,proxy,14.6,538.0,300.1,284.0,110.85362374999998
2026-04-05T13:00,37.8689,138.9383,667.8,35.66875,127.860327,proxy,14.8,617.0,413.3,272.0,127.860327
2026-04-05T14:00,37.8689,138.9383,740.2,38.53125,140.02733500000002,proxy,15.4,673.0,569.7,234.0,140.02733500000002
2026-04-05T15:00,37.8689,138.9383,462.5,29.253125,90.92634375,proxy,14.8,426.0,410.2,156.0,90.92634375
2026-04-05T16:00,37.8689,138.9383,228.0,21.725,46.197359999999996,proxy,14.6,232.0,89.0,187.0,46.197359999999996
2026-04-05T17:00,37.8689,138.9383,154.3,18.821875,31.62262775,proxy,14.0,159.0,105.3,125.0,31.62262775
2026-04-05T18:00,37.8689,138.9383,48.8,14.125,10.184560000000001,proxy,12.6,55.0,127.7,38.0,10.184560000000001
2026-04-06T07:00,37.8689,138.9383,112.4,12.712499999999999,23.584892000000004,proxy,9.2,119.0,232.0,69.0,23.584892000000004
2026-04-06T08:00,37.8689,138.9383,315.8,21.56875,64.026871,proxy,11.7,303.0,473.4,109.0,64.026871
2026-04-06T09:00,37.8689,138.9383,530.8,31.0875,103.57500399999999,proxy,14.5,486.0,609.5,132.0,103.57500399999999
2026-04-06T10:00,37.8689,138.9383,744.5,41.765625,138.91439375,proxy,18.5,666.0,712.8,155.0,138.91439375
2026-04-06T11:00,37.8689,138.9383,842.7,44.534375,155.37070575,proxy,18.2,745.0,723.4,160.0,155.37070575
2026-04-06T12:00,37.8689,138.9383,827.2,45.55,151.840832,proxy,19.7,748.0,584.7,251.0,151.840832
2026-04-06T13:00,37.8689,138.9383,992.6,51.118750000000006,177.77962300000002,proxy,20.1,864.0,875.8,130.0,177.77962300000002
2026-04-06T14:00,37.8689,138.9383,887.4,47.53125,161.48461500000002,proxy,19.8,780.0,837.6,132.0,161.48461500000002
2026-04-06T15:00,37.8689,138.9383,711.0,41.21875,132.97477500000002,proxy,19.0,637.0,765.2,131.0,132.97477500000002
2026-04-06T16:00,37.8689,138.9383,329.3,27.990625,65.07214975,proxy,17.7,323.0,257.6,192.0,65.07214975
2026-04-06T17:00,37.8689,138.9383,126.7,20.759375000000002,25.769829750000003,proxy,16.8,133.0,24.6,125.0,25.769829750000003
2026-04-06T18:00,37.8689,138.9383,29.3,16.115624999999998,6.0682497500000006,proxy,15.2,31.0,0.0,31.0,6.0682497500000006
2026-04-07T07:00,37.8689,138.9383,107.5,14.859375,22.37209375,proxy,11.5,114.0,108.9,90.0,22.37209375
2026-04-07T08:00,37.8689,138.9383,193.1,17.634375,39.757841750000004,proxy,11.6,197.0,113.4,150.0,39.757841750000004
2026-04-07T09:00,37.8689,138.9383,188.7,17.196875,38.91795975000001,proxy,11.3,193.0,53.0,162.0,38.91795975000001
2026-04-07T10:00,37.8689,138.9383,117.4,14.46875,24.469095000000003,proxy,10.8,124.0,0.0,124.0,24.469095000000003
2026-04-07T11:00,37.8689,138.9383,86.1,12.390625,18.088533749999996,proxy,9.7,91.0,0.0,91.0,18.088533749999996
2026-04-07T12:00,37.8689,138.9383,78.6,11.056249999999999,16.596783,proxy,8.6,83.0,0.0,83.0,16.596783
2026-04-07T13:00,37.8689,138.9383,184.2,14.25625,38.423199,proxy,8.5,189.0,27.3,166.0,38.423199
2026-04-07T14:00,37.8689,138.9383,148.4,12.537500000000001,31.159548,proxy,7.9,148.0,47.6,111.0,31.159548
2026-04-07T15:00,37.8689,138.9383,114.7,11.284375,24.19854575,proxy,7.7,119.0,15.1,109.0,24.19854575
2026-04-07T16:00,37.8689,138.9383,61.9,9.734375,13.13595375,proxy,7.8,65.0,3.9,63.0,13.13595375
2026-04-07T17:00,37.8689,138.9383,56.6,9.96875,12.000615,proxy,8.2,59.0,24.3,51.0,12.000615
2026-04-07T18:00,37.8689,138.9383,28.6,8.793750000000001,6.0907990000000005,proxy,7.9,33.0,80.9,22.0,6.0907990000000005
2026-04-08T07:00,37.8689,138.9383,126.6,13.256250000000001,26.509407,proxy,9.3,136.0,346.4,58.0,26.509407
2026-04-08T08:00,37.8689,138.9383,359.7,21.240625,73.02179775,proxy,10.0,346.0,575.1,105.0,73.02179775
2026-04-08T09:00,37.8689,138.9383,573.4,28.518749999999997,113.06587900000001,proxy,10.6,532.0,631.0,160.0,113.06587900000001
2026-04-08T10:00,37.8689,138.9383,705.2,33.2375,136.39273200000002,proxy,11.2,646.0,606.9,206.0,136.39273200000002
2026-04-08T11:00,37.8689,138.9383,827.2,37.45,157.20108800000003,proxy,11.6,747.0,651.8,215.0,157.20108800000003
2026-04-08T12:00,37.8689,138.9383,956.7,41.896875,178.40780775000002,proxy,12.0,850.0,769.0,191.0,178.40780775000002
2026-04-08T13:00,37.8689,138.9383,989.1,43.309375,183.33215775,proxy,12.4,871.0,851.4,152.0,183.33215775
2026-04-08T14:00,37.8689,138.9383,905.8,40.90625,169.633695,proxy,12.6,803.0,849.0,141.0,169.633695
2026-04-08T15:00,37.8689,138.9383,760.3,36.459374999999994,145.08994975000002,proxy,12.7,682.0,851.5,114.0,145.08994975000002
2026-04-08T16:00,37.8689,138.9383,531.0,29.39375,104.333535,proxy,12.8,493.0,754.7,105.0,104.333535
2026-04-08T17:00,37.8689,138.9383,286.1,21.140625,58.103333750000004,proxy,12.2,285.0,621.5,79.0,58.103333750000004
2026-04-08T18:00,37.8689,138.9383,69.4,13.46875,14.520215000000002,proxy,11.3,87.0,356.5,38.0,14.520215000000002
2026-04-09T07:00,37.8689,138.9383,162.2,10.56875,34.312599,proxy,5.5,176.0,500.1,61.0,34.312599
2026-04-09T08:00,37.8689,138.9383,400.1,21.603125,81.10727175000002,proxy,9.1,384.0,687.0,93.0,81.10727175000002
2026-04-09T09:00,37.8689,138.9383,626.1,32.965625,121.23017775000001,proxy,13.4,575.0,757.9,125.0,121.23017775000001
2026-04-09T10:00,37.8689,138.9383,805.5,41.471875,150.48552375000003,proxy,16.3,727.0,773.8,163.0,150.48552375000003
2026-04-09T11:00,37.8689,138.9383,909.3,46.515625,166.20867375,proxy,18.1,820.0,734.3,218.0,166.20867375
2026-04-09T12:00,37.8689,138.9383,943.2,48.075,171.228528,proxy,18.6,851.0,706.7,243.0,171.228528
2026-04-09T13:00,37.8689,138.9383,842.3,45.021874999999994,154.96845975000002,proxy,18.7,781.0,541.5,322.0,154.96845975000002
2026-04-09T14:00,37.8689,138.9383,657.5,38.846875,124.21654375,proxy,18.3,628.0,374.4,335.0,124.21654375
2026-04-09T15:00,37.8689,138.9383,383.4,30.381249999999998,75.02946299999999,proxy,18.4,387.0,129.9,300.0,75.02946299999999
2026-04-09T16:00,37.8689,138.9383,268.2,26.38125,53.343639,proxy,18.0,273.0,119.9,211.0,53.343639
2026-04-09T17:00,37.8689,138.9383,103.6,20.5375,21.089851999999997,proxy,17.3,109.0,20.9,102.0,21.089851999999997
2026-04-09T18:00,37.8689,138.9383,42.4,16.325,8.774256,proxy,15.0,46.0,28.8,42.0,8.774256
2026-04-10T08:00,37.8689,138.9383,32.2,13.30625,6.741231000000002,proxy,12.3,34.0,0.0,34.0,6.741231000000002
2026-04-10T09:00,37.8689,138.9383,46.4,13.95,9.690176,proxy,12.5,49.0,0.0,49.0,9.690176
2026-04-10T10:00,37.8689,138.9383,71.2,15.025,14.808176000000003,proxy,12.8,75.0,1.4,74.0,14.808176000000003
2026-04-10T11:00,37.8689,138.9383,177.4,20.34375,36.140815,proxy,14.8,181.0,34.0,153.0,36.140815
2026-04-10T12:00,37.8689,138.9383,131.0,19.49375,26.777055,proxy,15.4,137.0,6.9,131.0,26.777055
2026-04-10T13:00,37.8689,138.9383,88.0,18.75,18.04,proxy,16.0,93.0,0.0,93.0,18.04
2026-04-10T14:00,37.8689,138.9383,91.8,19.068749999999998,18.795590999999998,proxy,16.2,97.0,0.0,97.0,18.795590999999998
2026-04-10T15:00,37.8689,138.9383,94.3,19.346874999999997,19.286471749999997,proxy,16.4,99.0,4.5,96.0,19.286471749999997
2026-04-10T16:00,37.8689,138.9383,46.4,17.35,9.563968,proxy,15.9,49.0,0.0,49.0,9.563968
2026-04-10T17:00,37.8689,138.9383,22.7,16.309375,4.69782175,proxy,15.6,24.0,0.0,24.0,4.69782175
2026-04-11T07:00,37.8689,138.9383,53.8,15.38125,11.173991000000001,proxy,13.7,58.0,79.4,39.0,11.173991000000001
2026-04-11T08:00,37.8689,138.9383,157.1,19.409375,32.12262975,proxy,14.5,160.0,118.0,109.0,32.12262975
2026-04-11T09:00,37.8689,138.9383,266.3,23.421875,53.59620375,proxy,15.1,261.0,187.7,148.0,53.59620375
2026-04-11T10:00,37.8689,138.9383,449.9,29.659374999999997,88.30299775,proxy,15.6,423.0,339.4,173.0,88.30299775
2026-04-11T11:00,37.8689,138.9383,542.4,32.05,105.42086400000001,proxy,15.1,503.0,377.3,191.0,105.42086400000001
2026-04-11T12:00,37.8689,138.9383,789.9,40.184375,148.38468975,proxy,15.5,721.0,568.8,228.0,148.38468975
2026-04-11T13:00,37.8689,138.9383,858.6,43.13125,159.26600700000003,proxy,16.3,773.0,688.8,185.0,159.26600700000003
2026-04-11T14:00,37.8689,138.9383,803.1,41.696875000000006,149.89259175,proxy,16.6,726.0,714.1,163.0,149.89259175
2026-04-11T15:00,37.8689,138.9383,682.9,38.040625,129.45564575,proxy,16.7,625.0,728.5,133.0,129.45564575
2026-04-11T16:00,37.8689,138.9383,463.8,30.893749999999997,90.573183,proxy,16.4,440.0,624.0,114.0,90.573183
2026-04-11T17:00,37.8689,138.9383,234.6,22.83125,47.327031,proxy,15.5,240.0,438.3,91.0,47.327031
2026-04-11T18:00,37.8689,138.9383,62.1,16.740625,12.830325750000002,proxy,14.8,80.0,289.4,39.0,12.830325750000002
2026-04-12T07:00,37.8689,138.9383,166.3,16.496875000000003,34.391255750000006,proxy,11.3,184.0,484.1,66.0,34.391255750000006
2026-04-12T08:00,37.8689,138.9383,405.3,25.265625,80.97387375000001,proxy,12.6,395.0,689.4,94.0,80.97387375000001
2026-04-12T09:00,37.8689,138.9383,616.6,32.36875,119.685143,proxy,13.1,572.0,752.6,116.0,119.685143
2026-04-12T10:00,37.8689,138.9383,834.7,39.584375,157.20113775000002,proxy,13.5,754.0,844.4,129.0,157.20113775000002
2026-04-12T11:00,37.8689,138.9383,967.0,44.01875,178.687095,proxy,13.8,862.0,874.5,136.0,178.687095
2026-04-12T12:00,37.8689,138.9383,1022.5,46.353125,187.03314375,proxy,14.4,909.0,871.3,151.0,187.03314375
2026-04-12T13:00,37.8689,138.9383,1013.0,46.35625,185.29289500000002,proxy,14.7,900.0,888.4,139.0,185.29289500000002
2026-04-12T14:00,37.8689,138.9383,915.3,43.503125,169.51127175,proxy,14.9,820.0,873.4,129.0,169.51127175
2026-04-12T15:00,37.8689,138.9383,749.5,38.221875,141.97216375000002,proxy,14.8,684.0,834.7,118.0,141.97216375000002
2026-04-12T16:00,37.8689,138.9383,530.4,31.174999999999997,103.459824,proxy,14.6,502.0,759.8,103.0,103.459824
2026-04-12T17:00,37.8689,138.9383,285.0,22.80625,57.500175,proxy,13.9,292.0,618.6,80.0,57.500175
2026-04-12T18:00,37.8689,138.9383,71.3,14.028125000000001,14.88583575,proxy,11.8,95.0,369.9,42.0,14.88583575
2026-04-13T07:00,37.8689,138.9383,142.5,11.453125,30.044343750000003,proxy,7.0,155.0,225.6,99.0,30.044343750000003
2026-04-13T08:00,37.8689,138.9383,326.8,20.012500000000003,66.66393199999999,proxy,9.8,330.0,338.0,181.0,66.66393199999999
2026-04-13T09:00,37.8689,138.9383,524.7,29.496875000000003,103.05239175000001,proxy,13.1,508.0,450.9,233.0,103.05239175000001
2026-04-13T10:00,37.8689,138.9383,629.3,34.965625,120.84290575,proxy,15.3,600.0,436.9,275.0,120.84290575
2026-04-13T11:00,37.8689,138.9383,835.0,44.19375,154.178575,proxy,18.1,776.0,591.4,283.0,154.178575
2026-04-13T12:00,37.8689,138.9383,820.6,45.14375,150.89603100000002,proxy,19.5,753.0,588.8,239.0,150.89603100000002
2026-04-13T13:00,37.8689,138.9383,876.0,48.075,159.02904,proxy,20.7,810.0,613.2,283.0,159.02904
2026-04-13T14:00,37.8689,138.9383,764.5,44.090625,141.22417375,proxy,20.2,710.0,592.0,240.0,141.22417375
2026-04-13T15:00,37.8689,138.9383,650.0,39.7125,122.3495,proxy,19.4,612.0,593.4,208.0,122.3495
2026-04-13T16:00,37.8689,138.9383,532.2,35.13125,102.126519,proxy,18.5,506.0,765.4,102.0,102.126519
2026-04-13T17:00,37.8689,138.9383,287.9,25.996875,57.350399749999994,proxy,17.0,297.0,628.1,80.0,57.350399749999994
2026-04-13T18:00,37.8689,138.9383,71.7,16.040625000000002,14.853909750000001,proxy,13.8,97.0,376.2,42.0,14.853909750000001
2026-04-14T07:00,37.8689,138.9383,173.3,13.815625,36.21060175000001,proxy,8.4,194.0,486.9,71.0,36.21060175000001
2026-04-14T08:00,37.8689,138.9383,394.3,23.721875,79.26317175000003,proxy,11.4,391.0,600.1,124.0,79.26317175000003
2026-04-14T09:00,37.8689,138.9383,657.2,34.7375,126.32041200000002,proxy,14.2,612.0,824.5,106.0,126.32041200000002
2026-04-14T10:00,37.8689,138.9383,851.6,42.6125,158.32095600000002,proxy,16.0,772.0,877.7,116.0,158.32095600000002
2026-04-14T11:00,37.8689,138.9383,981.1,47.759375000000006,178.35662175000002,proxy,17.1,877.0,903.4,121.0,178.35662175000002
2026-04-14T12:00,37.8689,138.9383,1021.0,49.60625,184.101615,proxy,17.7,911.0,880.1,140.0,184.101615
2026-04-14T13:00,37.8689,138.9383,938.4,47.325,170.920176,proxy,18.0,853.0,746.8,209.0,170.920176
2026-04-14T14:00,37.8689,138.9383,828.2,43.88125,153.130039,proxy,18.0,763.0,691.7,212.0,153.130039
2026-04-14T15:00,37.8689,138.9383,642.3,37.471875,122.05145175000001,proxy,17.4,607.0,583.8,208.0,122.05145175000001
2026-04-14T16:00,37.8689,138.9383,427.1,29.846875,83.76391975000001,proxy,16.5,421.0,429.8,193.0,83.76391975000001
2026-04-14T17:00,37.8689,138.9383,228.6,22.74375,46.132623,proxy,15.6,239.0,313.0,130.0,46.132623
2026-04-14T18:00,37.8689,138.9383,66.3,16.371875,13.71763575,proxy,14.3,80.0,167.7,55.0,13.71763575
2026-04-15T07:00,37.8689,138.9383,74.5,14.328125,15.536043750000001,proxy,12.0,79.0,11.7,76.0,15.536043750000001
2026-04-15T08:00,37.8689,138.9383,189.1,20.009375,38.574981750000006,proxy,14.1,195.0,120.2,141.0,38.574981750000006
2026-04-15T09:00,37.8689,138.9383,383.7,28.590625000000003,75.63782174999999,proxy,16.6,378.0,281.8,204.0,75.63782174999999
2026-04-15T10:00,37.8689,138.9383,430.3,31.946875,83.66860775,proxy,18.5,429.0,179.8,294.0,83.66860775
2026-04-15T11:00,37.8689,138.9383,592.8,38.525,112.145904,proxy,20.0,572.0,313.1,309.0,112.145904
2026-04-15T12:00,37.8689,138.9383,742.3,43.696875,137.35704775,proxy,20.5,699.0,455.0,299.0,137.35704775
2026-04-15T13:00,37.8689,138.9383,662.9,41.315625,123.92749775000001,proxy,20.6,633.0,369.9,313.0,123.92749775000001
2026-04-15T14:00,37.8689,138.9383,521.9,35.909375,99.82511774999999,proxy,19.6,504.0,299.0,265.0,99.82511774999999
2026-04-15T15:00,37.8689,138.9383,153.3,22.190624999999997,31.004541750000005,proxy,17.4,162.0,0.0,162.0,31.004541750000005
2026-04-15T16:00,37.8689,138.9383,82.6,18.28125,16.963974999999998,proxy,15.7,87.0,3.8,85.0,16.963974999999998
2026-04-15T17:00,37.8689,138.9383,36.9,15.453125,7.66182375,proxy,14.3,39.0,0.0,39.0,7.66182375
2026-04-16T07:00,37.8689,138.9383,117.3,15.965625000000001,24.30778575,proxy,12.3,129.0,183.6,81.0,24.30778575
2026-04-16T08:00,37.8689,138.9383,305.8,22.55625,61.75783900000001,proxy,13.0,310.0,353.1,150.0,61.75783900000001
2026-04-16T09:00,37.8689,138.9383,422.0,26.4875,83.89782000000001,proxy,13.3,414.0,338.0,204.0,83.89782000000001
2026-04-16T10:00,37.8689,138.9383,518.9,29.615625,101.86396175,proxy,13.4,507.0,295.6,284.0,101.86396175
2026-04-16T11:00,37.8689,138.9383,599.1,32.521875,116.21491575,proxy,13.8,581.0,304.8,324.0,116.21491575
2026-04-16T12:00,37.8689,138.9383,705.1,36.634375,134.45728175000002,proxy,14.6,675.0,379.8,340.0,134.45728175000002
2026-04-16T13:00,37.8689,138.9383,545.4,31.94375,106.050303,proxy,14.9,535.0,230.4,335.0,106.050303
2026-04-16T14:00,37.8689,138.9383,529.9,31.259375,103.32652575,proxy,14.7,518.0,269.4,302.0,103.32652575
2026-04-16T15:00,37.8689,138.9383,402.8,26.887500000000003,79.95177199999999,proxy,14.3,394.0,271.6,207.0,79.95177199999999
2026-04-16T16:00,37.8689,138.9383,264.6,22.36875,53.476983000000004,proxy,14.1,267.0,196.0,162.0,53.476983000000004
2026-04-16T17:00,37.8689,138.9383,161.2,18.9375,33.021820000000005,proxy,13.9,170.0,155.5,115.0,33.021820000000005
2026-04-16T18:00,37.8689,138.9383,50.2,14.268749999999999,10.470967000000002,proxy,12.7,62.0,135.6,41.0,10.470967000000002
2026-04-17T06:00,37.8689,138.9383,22.6,7.60625,4.834479,proxy,6.9,38.0,165.4,21.0,4.834479
2026-04-17T07:00,37.8689,138.9383,178.4,14.475000000000001,37.182128,proxy,8.9,203.0,478.0,76.0,37.182128
2026-04-17T08:00,37.8689,138.9383,410.4,24.725,82.17028800000001,proxy,11.9,411.0,654.0,112.0,82.17028800000001
2026-04-17T09:00,37.8689,138.9383,636.6,34.79375,122.33223900000002,proxy,14.9,605.0,739.1,143.0,122.33223900000002
2026-04-17T10:00,37.8689,138.9383,830.9,43.365624999999994,153.97200175,proxy,17.4,767.0,810.2,153.0,153.97200175
2026-04-17T11:00,37.8689,138.9383,884.3,46.934375,161.34274575,proxy,19.3,823.0,664.0,261.0,161.34274575
2026-04-17T12:00,37.8689,138.9383,963.7,50.815625,172.83718575,proxy,20.7,885.0,734.5,235.0,172.83718575
2026-04-17T13:00,37.8689,138.9383,978.2,51.66875,174.770103,proxy,21.1,890.0,815.5,180.0,174.770103
2026-04-17T14:00,37.8689,138.9383,860.7,47.896875,156.37412775,proxy,21.0,795.0,750.8,191.0,156.37412775
2026-04-17T15:00,37.8689,138.9383,547.9,37.921875,103.91608375,proxy,20.8,538.0,361.7,288.0,103.91608375
2026-04-17T16:00,37.8689,138.9383,424.0,33.75,81.83200000000001,proxy,20.5,423.0,410.5,202.0,81.83200000000001
2026-04-17T17:00,37.8689,138.9383,174.1,25.240625,34.786485750000004,proxy,19.8,184.0,73.0,158.0,34.786485750000004
2026-04-17T18:00,37.8689,138.9383,48.3,19.509375,9.872157750000001,proxy,18.0,51.0,0.0,51.0,9.872157750000001
2026-04-18T06:00,37.8689,138.9383,21.2,11.7625,4.464508,proxy,11.1,30.0,85.8,21.0,4.464508
2026-04-18T07:00,37.8689,138.9383,147.7,17.315624999999997,30.44798575,proxy,12.7,163.0,211.1,106.0,30.44798575
2026-04-18T08:00,37.8689,138.9383,316.0,24.575,63.30744000000001,proxy,14.7,321.0,403.3,135.0,63.30744000000001
2026-04-18T09:00,37.8689,138.9383,382.2,28.94375,75.234159,proxy,17.0,383.0,235.4,235.0,75.234159
2026-04-18T10:00,37.8689,138.9383,414.6,31.35625,80.81175900000001,proxy,18.4,418.0,149.8,304.0,80.81175900000001
2026-04-18T11:00,37.8689,138.9383,356.0,30.025,69.76888,proxy,18.9,369.0,43.6,332.0,69.76888
2026-04-18T12:00,37.8689,138.9383,334.7,29.659374999999997,65.69240575,proxy,19.2,349.0,25.9,326.0,65.69240575
2026-04-18T13:00,37.8689,138.9383,440.6,33.06875,85.275927,proxy,19.3,443.0,130.5,329.0,85.275927
2026-04-18T14:00,37.8689,138.9383,476.4,34.287499999999994,91.740348,proxy,19.4,474.0,197.0,315.0,91.740348
2026-04-18T15:00,37.8689,138.9383,521.0,35.98125,99.62301500000001,proxy,19.7,508.0,386.3,240.0,99.62301500000001
2026-04-18T16:00,37.8689,138.9383,334.8,29.762500000000003,65.68441200000001,proxy,19.3,334.0,342.0,149.0,65.68441200000001
2026-04-18T17:00,37.8689,138.9383,97.3,21.240624999999998,19.75262975,proxy,18.2,103.0,39.0,89.0,19.75262975
2026-04-18T18:00,37.8689,138.9383,32.1,18.203125,6.594543750000001,proxy,17.2,37.0,43.6,30.0,6.594543750000001
2026-04-19T06:00,37.8689,138.9383,23.1,12.821875,4.84505175,proxy,12.1,27.0,28.0,24.0,4.84505175
2026-04-19T07:00,37.8689,138.9383,135.9,17.346875,28.01204775,proxy,13.1,149.0,153.2,107.0,28.01204775
2026-04-19T08:00,37.8689,138.9383,324.2,24.831249999999997,64.883767,proxy,14.7,332.0,363.3,163.0,64.883767
2026-04-19T09:00,37.8689,138.9383,484.4,31.2375,94.46284399999999,proxy,16.1,480.0,370.0,246.0,94.46284399999999
2026-04-19T10:00,37.8689,138.9383,674.5,38.378125,127.68116375000001,proxy,17.3,646.0,508.8,257.0,127.68116375000001
2026-04-19T11:00,37.8689,138.9383,909.1,47.109375,165.74029375000003,proxy,18.7,838.0,757.7,192.0,165.74029375000003
2026-04-19T12:00,37.8689,138.9383,950.9,49.015625,171.91083375000002,proxy,19.3,873.0,751.2,204.0,171.91083375000002
2026-04-19T13:00,37.8689,138.9383,968.2,49.75625,174.464799,proxy,19.5,885.0,812.9,173.0,174.464799
2026-04-19T14:00,37.8689,138.9383,892.4,47.287499999999994,162.56850800000004,proxy,19.4,820.0,841.2,139.0,162.56850800000004
2026-04-19T15:00,37.8689,138.9383,705.8,41.15625,132.037535,proxy,19.1,668.0,728.3,161.0,132.037535
2026-04-19T16:00,37.8689,138.9383,501.8,33.98125,96.75456700000001,proxy,18.3,493.0,682.7,122.0,96.75456700000001
2026-04-19T17:00,37.8689,138.9383,262.6,25.306250000000002,52.45566300000001,proxy,17.1,281.0,469.9,111.0,52.45566300000001
2026-04-19T18:00,37.8689,138.9383,75.4,18.25625,15.486783,proxy,15.9,93.0,177.3,64.0,15.486783
2026-04-20T06:00,37.8689,138.9383,26.3,11.121875000000001,5.5519957500000015,proxy,10.3,40.0,128.2,26.0,5.5519957500000015
2026-04-20T07:00,37.8689,138.9383,171.4,18.45625,35.177279000000006,proxy,13.1,197.0,416.7,81.0,35.177279000000006
2026-04-20T08:00,37.8689,138.9383,389.8,28.481250000000003,76.874407,proxy,16.3,396.0,599.1,115.0,76.874407
2026-04-20T09:00,37.8689,138.9383,614.1,38.490625,116.19232575000001,proxy,19.3,589.0,720.2,131.0,116.19232575000001
2026-04-20T10:00,37.8689,138.9383,793.1,45.984375,145.30583375,proxy,21.2,740.0,764.5,153.0,145.30583375
2026-04-20T11:00,37.8689,138.9383,904.4,50.3625,162.529724,proxy,22.1,835.0,759.7,185.0,162.529724
2026-04-20T12:00,37.8689,138.9383,967.0,53.31875,171.492615,proxy,23.1,883.0,804.9,164.0,171.492615
2026-04-20T13:00,37.8689,138.9383,951.5,53.234375,168.80799375,proxy,23.5,871.0,806.0,163.0,168.80799375
2026-04-20T14:00,37.8689,138.9383,820.6,48.94375,148.401407,proxy,23.3,763.0,727.8,172.0,148.401407
2026-04-20T15:00,37.8689,138.9383,568.7,40.571875000000006,106.65541975000001,proxy,22.8,541.0,578.3,137.0,106.65541975000001
2026-04-20T16:00,37.8689,138.9383,477.5,37.421875,90.75484375,proxy,22.5,471.0,653.9,114.0,90.75484375
2026-04-20T17:00,37.8689,138.9383,255.1,29.971875,50.00533975,proxy,22.0,275.0,518.7,86.0,50.00533975
2026-04-20T18:00,37.8689,138.9383,74.1,22.815625,14.949489750000001,proxy,20.5,105.0,342.6,48.0,14.949489750000001
